grid,category,variant,variant_word,weighted,img_ref,alpha,iou
coarse,baseball glove,orig,baseball glove,False,501005,0.0,0.31400651465798046
coarse,baseball glove,orig,baseball glove,False,501005,0.1,0.34977578475336324
coarse,baseball glove,orig,baseball glove,False,501005,0.2,0.39464285714285713
coarse,baseball glove,orig,baseball glove,False,501005,0.3,0.35217794253938833
coarse,baseball glove,orig,baseball glove,False,501005,0.4,0.20770676691729323
coarse,baseball glove,orig,baseball glove,False,501005,0.5,0.04740200546946217
coarse,baseball glove,orig,baseball glove,False,501005,0.6,0.0
coarse,baseball glove,orig,baseball glove,False,501005,0.7,0.0
coarse,baseball glove,orig,baseball glove,False,501005,0.8,0.0
coarse,baseball glove,orig,baseball glove,False,501005,0.9,0.0
coarse,baseball glove,orig,baseball glove,False,501005,1.0,0.0
coarse,baseball glove,orig,baseball glove,True,501005,0.0,0.31400651465798046
coarse,baseball glove,orig,baseball glove,True,501005,0.1,0.352549889135255
coarse,baseball glove,orig,baseball glove,True,501005,0.2,0.408325952170062
coarse,baseball glove,orig,baseball glove,True,501005,0.3,0.4
coarse,baseball glove,orig,baseball glove,True,501005,0.4,0.3187732342007435
coarse,baseball glove,orig,baseball glove,True,501005,0.5,0.15225563909774437
coarse,baseball glove,orig,baseball glove,True,501005,0.6,0.01235657546337158
coarse,baseball glove,orig,baseball glove,True,501005,0.7,0.0
coarse,baseball glove,orig,baseball glove,True,501005,0.8,0.0
coarse,baseball glove,orig,baseball glove,True,501005,0.9,0.0
coarse,baseball glove,orig,baseball glove,True,501005,1.0,0.0
coarse,baseball glove,syn,glove,False,501005,0.0,0.5875748502994012
coarse,baseball glove,syn,glove,False,501005,0.1,0.5884615384615385
coarse,baseball glove,syn,glove,False,501005,0.2,0.5695208169677927
coarse,baseball glove,syn,glove,False,501005,0.3,0.5436187399030694
coarse,baseball glove,syn,glove,False,501005,0.4,0.4870292887029289
coarse,baseball glove,syn,glove,False,501005,0.5,0.36618444846292947
coarse,baseball glove,syn,glove,False,501005,0.6,0.026241799437675725
coarse,baseball glove,syn,glove,False,501005,0.7,0.0
coarse,baseball glove,syn,glove,False,501005,0.8,0.0
coarse,baseball glove,syn,glove,False,501005,0.9,0.0
coarse,baseball glove,syn,glove,False,501005,1.0,0.0
coarse,baseball glove,syn,glove,True,501005,0.0,0.5875748502994012
coarse,baseball glove,syn,glove,True,501005,0.1,0.5895465026902382
coarse,baseball glove,syn,glove,True,501005,0.2,0.5749019607843138
coarse,baseball glove,syn,glove,True,501005,0.3,0.5511684125705076
coarse,baseball glove,syn,glove,True,501005,0.4,0.5078969243557773
coarse,baseball glove,syn,glove,True,501005,0.5,0.4033687943262411
coarse,baseball glove,syn,glove,True,501005,0.6,0.09398496240601503
coarse,baseball glove,syn,glove,True,501005,0.7,0.0
coarse,baseball glove,syn,glove,True,501005,0.8,0.0
coarse,baseball glove,syn,glove,True,501005,0.9,0.0
coarse,baseball glove,syn,glove,True,501005,1.0,0.0
coarse,baseball glove,hyper,baseball equipment,False,501005,0.0,0.0
coarse,baseball glove,hyper,baseball equipment,False,501005,0.1,0.0
coarse,baseball glove,hyper,baseball equipment,False,501005,0.2,0.0
coarse,baseball glove,hyper,baseball equipment,False,501005,0.3,0.0
coarse,baseball glove,hyper,baseball equipment,False,501005,0.4,0.0
coarse,baseball glove,hyper,baseball equipment,False,501005,0.5,0.0
coarse,baseball glove,hyper,baseball equipment,False,501005,0.6,0.0
coarse,baseball glove,hyper,baseball equipment,False,501005,0.7,0.0
coarse,baseball glove,hyper,baseball equipment,False,501005,0.8,0.0
coarse,baseball glove,hyper,baseball equipment,False,501005,0.9,0.0
coarse,baseball glove,hyper,baseball equipment,False,501005,1.0,0.0
coarse,baseball glove,hyper,baseball equipment,True,501005,0.0,0.0
coarse,baseball glove,hyper,baseball equipment,True,501005,0.1,0.0
coarse,baseball glove,hyper,baseball equipment,True,501005,0.2,0.0
coarse,baseball glove,hyper,baseball equipment,True,501005,0.3,0.0
coarse,baseball glove,hyper,baseball equipment,True,501005,0.4,0.0
coarse,baseball glove,hyper,baseball equipment,True,501005,0.5,0.0
coarse,baseball glove,hyper,baseball equipment,True,501005,0.6,0.0
coarse,baseball glove,hyper,baseball equipment,True,501005,0.7,0.0
coarse,baseball glove,hyper,baseball equipment,True,501005,0.8,0.0
coarse,baseball glove,hyper,baseball equipment,True,501005,0.9,0.0
coarse,baseball glove,hyper,baseball equipment,True,501005,1.0,0.0
coarse,baseball glove,orig,baseball glove,False,302107,0.0,0.0
coarse,baseball glove,orig,baseball glove,False,302107,0.1,0.0
coarse,baseball glove,orig,baseball glove,False,302107,0.2,0.0
coarse,baseball glove,orig,baseball glove,False,302107,0.3,0.0
coarse,baseball glove,orig,baseball glove,False,302107,0.4,0.0
coarse,baseball glove,orig,baseball glove,False,302107,0.5,0.0
coarse,baseball glove,orig,baseball glove,False,302107,0.6,0.0
coarse,baseball glove,orig,baseball glove,False,302107,0.7,0.0
coarse,baseball glove,orig,baseball glove,False,302107,0.8,0.0
coarse,baseball glove,orig,baseball glove,False,302107,0.9,0.0
coarse,baseball glove,orig,baseball glove,False,302107,1.0,0.0
coarse,baseball glove,orig,baseball glove,True,302107,0.0,0.0
coarse,baseball glove,orig,baseball glove,True,302107,0.1,0.0
coarse,baseball glove,orig,baseball glove,True,302107,0.2,0.0
coarse,baseball glove,orig,baseball glove,True,302107,0.3,0.0
coarse,baseball glove,orig,baseball glove,True,302107,0.4,0.0
coarse,baseball glove,orig,baseball glove,True,302107,0.5,0.0
coarse,baseball glove,orig,baseball glove,True,302107,0.6,0.0
coarse,baseball glove,orig,baseball glove,True,302107,0.7,0.0
coarse,baseball glove,orig,baseball glove,True,302107,0.8,0.0
coarse,baseball glove,orig,baseball glove,True,302107,0.9,0.0
coarse,baseball glove,orig,baseball glove,True,302107,1.0,0.0
coarse,baseball glove,syn,glove,False,302107,0.0,0.0
coarse,baseball glove,syn,glove,False,302107,0.1,0.0
coarse,baseball glove,syn,glove,False,302107,0.2,0.0
coarse,baseball glove,syn,glove,False,302107,0.3,0.0
coarse,baseball glove,syn,glove,False,302107,0.4,0.0
coarse,baseball glove,syn,glove,False,302107,0.5,0.0
coarse,baseball glove,syn,glove,False,302107,0.6,0.0
coarse,baseball glove,syn,glove,False,302107,0.7,0.0
coarse,baseball glove,syn,glove,False,302107,0.8,0.0
coarse,baseball glove,syn,glove,False,302107,0.9,0.0
coarse,baseball glove,syn,glove,False,302107,1.0,0.0
coarse,baseball glove,syn,glove,True,302107,0.0,0.0
coarse,baseball glove,syn,glove,True,302107,0.1,0.0
coarse,baseball glove,syn,glove,True,302107,0.2,0.0
coarse,baseball glove,syn,glove,True,302107,0.3,0.0
coarse,baseball glove,syn,glove,True,302107,0.4,0.0
coarse,baseball glove,syn,glove,True,302107,0.5,0.0
coarse,baseball glove,syn,glove,True,302107,0.6,0.0
coarse,baseball glove,syn,glove,True,302107,0.7,0.0
coarse,baseball glove,syn,glove,True,302107,0.8,0.0
coarse,baseball glove,syn,glove,True,302107,0.9,0.0
coarse,baseball glove,syn,glove,True,302107,1.0,0.0
coarse,baseball glove,hyper,baseball equipment,False,302107,0.0,0.37121706945351624
coarse,baseball glove,hyper,baseball equipment,False,302107,0.1,0.3844327176781003
coarse,baseball glove,hyper,baseball equipment,False,302107,0.2,0.2773134328358209
coarse,baseball glove,hyper,baseball equipment,False,302107,0.3,0.25801177240026163
coarse,baseball glove,hyper,baseball equipment,False,302107,0.4,0.2453900709219858
coarse,baseball glove,hyper,baseball equipment,False,302107,0.5,0.21886651752423564
coarse,baseball glove,hyper,baseball equipment,False,302107,0.6,0.11320015667841755
coarse,baseball glove,hyper,baseball equipment,False,302107,0.7,0.007401315789473684
coarse,baseball glove,hyper,baseball equipment,False,302107,0.8,0.0
coarse,baseball glove,hyper,baseball equipment,False,302107,0.9,0.0
coarse,baseball glove,hyper,baseball equipment,False,302107,1.0,0.0
coarse,baseball glove,hyper,baseball equipment,True,302107,0.0,0.37121706945351624
coarse,baseball glove,hyper,baseball equipment,True,302107,0.1,0.3815928270042194
coarse,baseball glove,hyper,baseball equipment,True,302107,0.2,0.2742415229030339
coarse,baseball glove,hyper,baseball equipment,True,302107,0.3,0.24886141834743006
coarse,baseball glove,hyper,baseball equipment,True,302107,0.4,0.23921431076815153
coarse,baseball glove,hyper,baseball equipment,True,302107,0.5,0.21751932278248068
coarse,baseball glove,hyper,baseball equipment,True,302107,0.6,0.1397312859884837
coarse,baseball glove,hyper,baseball equipment,True,302107,0.7,0.00801924619085806
coarse,baseball glove,hyper,baseball equipment,True,302107,0.8,0.0
coarse,baseball glove,hyper,baseball equipment,True,302107,0.9,0.0
coarse,baseball glove,hyper,baseball equipment,True,302107,1.0,0.0
coarse,baseball glove,orig,baseball glove,False,434548,0.0,0.6541114058355437
coarse,baseball glove,orig,baseball glove,False,434548,0.1,0.6496544391281234
coarse,baseball glove,orig,baseball glove,False,434548,0.2,0.6464646464646465
coarse,baseball glove,orig,baseball glove,False,434548,0.3,0.6454013822434875
coarse,baseball glove,orig,baseball glove,False,434548,0.4,0.6441129461907299
coarse,baseball glove,orig,baseball glove,False,434548,0.5,0.6450749464668094
coarse,baseball glove,orig,baseball glove,False,434548,0.6,0.6464864864864864
coarse,baseball glove,orig,baseball glove,False,434548,0.7,0.6506287588846364
coarse,baseball glove,orig,baseball glove,False,434548,0.8,0.6574279379157428
coarse,baseball glove,orig,baseball glove,False,434548,0.9,0.6623229461756374
coarse,baseball glove,orig,baseball glove,False,434548,1.0,0.6772861356932154
coarse,baseball glove,orig,baseball glove,True,434548,0.0,0.6541114058355437
coarse,baseball glove,orig,baseball glove,True,434548,0.1,0.6493092454835282
coarse,baseball glove,orig,baseball glove,True,434548,0.2,0.6464646464646465
coarse,baseball glove,orig,baseball glove,True,434548,0.3,0.6455897980871413
coarse,baseball glove,orig,baseball glove,True,434548,0.4,0.6448349307774228
coarse,baseball glove,orig,baseball glove,True,434548,0.5,0.6452648475120385
coarse,baseball glove,orig,baseball glove,True,434548,0.6,0.6467098166127292
coarse,baseball glove,orig,baseball glove,True,434548,0.7,0.6485310119695321
coarse,baseball glove,orig,baseball glove,True,434548,0.8,0.655457552370452
coarse,baseball glove,orig,baseball glove,True,434548,0.9,0.6590016825574874
coarse,baseball glove,orig,baseball glove,True,434548,1.0,0.6687751581368603
coarse,baseball glove,syn,glove,False,434548,0.0,0.5632070831283817
coarse,baseball glove,syn,glove,False,434548,0.1,0.5543269230769231
coarse,baseball glove,syn,glove,False,434548,0.2,0.5593056894889104
coarse,baseball glove,syn,glove,False,434548,0.3,0.5743110236220472
coarse,baseball glove,syn,glove,False,434548,0.4,0.6005128205128205
coarse,baseball glove,syn,glove,False,434548,0.5,0.6388286334056399
coarse,baseball glove,syn,glove,False,434548,0.6,0.655592469545958
coarse,baseball glove,syn,glove,False,434548,0.7,0.6556291390728477
coarse,baseball glove,syn,glove,False,434548,0.8,0.654925701706109
coarse,baseball glove,syn,glove,False,434548,0.9,0.6527701590784422
coarse,baseball glove,syn,glove,False,434548,1.0,0.6535087719298246
coarse,baseball glove,syn,glove,True,434548,0.0,0.5632070831283817
coarse,baseball glove,syn,glove,True,434548,0.1,0.5548604427333975
coarse,baseball glove,syn,glove,True,434548,0.2,0.5610226724553786
coarse,baseball glove,syn,glove,True,434548,0.3,0.576221016280217
coarse,baseball glove,syn,glove,True,434548,0.4,0.6061855670103092
coarse,baseball glove,syn,glove,True,434548,0.5,0.6466411796832332
coarse,baseball glove,syn,glove,True,434548,0.6,0.6541643684500827
coarse,baseball glove,syn,glove,True,434548,0.7,0.6531284302963776
coarse,baseball glove,syn,glove,True,434548,0.8,0.6502732240437158
coarse,baseball glove,syn,glove,True,434548,0.9,0.6503000545553737
coarse,baseball glove,syn,glove,True,434548,1.0,0.6503267973856209
coarse,baseball glove,hyper,baseball equipment,False,434548,0.0,0.21652188165874448
coarse,baseball glove,hyper,baseball equipment,False,434548,0.1,0.2840860215053763
coarse,baseball glove,hyper,baseball equipment,False,434548,0.2,0.34965590259396506
coarse,baseball glove,hyper,baseball equipment,False,434548,0.3,0.5343851132686084
coarse,baseball glove,hyper,baseball equipment,False,434548,0.4,0.5875628715134888
coarse,baseball glove,hyper,baseball equipment,False,434548,0.5,0.6188828472565496
coarse,baseball glove,hyper,baseball equipment,False,434548,0.6,0.6451781970649895
coarse,baseball glove,hyper,baseball equipment,False,434548,0.7,0.6552094522019334
coarse,baseball glove,hyper,baseball equipment,False,434548,0.8,0.6567406605305901
coarse,baseball glove,hyper,baseball equipment,False,434548,0.9,0.6492659053833605
coarse,baseball glove,hyper,baseball equipment,False,434548,1.0,0.6547356828193832
coarse,baseball glove,hyper,baseball equipment,True,434548,0.0,0.21652188165874448
coarse,baseball glove,hyper,baseball equipment,True,434548,0.1,0.28414712841471285
coarse,baseball glove,hyper,baseball equipment,True,434548,0.2,0.349286092014807
coarse,baseball glove,hyper,baseball equipment,True,434548,0.3,0.533091202582728
coarse,baseball glove,hyper,baseball equipment,True,434548,0.4,0.5889849795175239
coarse,baseball glove,hyper,baseball equipment,True,434548,0.5,0.6211149481993093
coarse,baseball glove,hyper,baseball equipment,True,434548,0.6,0.6465067778936392
coarse,baseball glove,hyper,baseball equipment,True,434548,0.7,0.653475935828877
coarse,baseball glove,hyper,baseball equipment,True,434548,0.8,0.6535560344827587
coarse,baseball glove,hyper,baseball equipment,True,434548,0.9,0.6507850568489443
coarse,baseball glove,hyper,baseball equipment,True,434548,1.0,0.6502732240437158
coarse,baseball glove,orig,baseball glove,False,231747,0.0,0.0
coarse,baseball glove,orig,baseball glove,False,231747,0.1,0.0
coarse,baseball glove,orig,baseball glove,False,231747,0.2,0.0
coarse,baseball glove,orig,baseball glove,False,231747,0.3,0.0
coarse,baseball glove,orig,baseball glove,False,231747,0.4,0.0
coarse,baseball glove,orig,baseball glove,False,231747,0.5,0.0
coarse,baseball glove,orig,baseball glove,False,231747,0.6,0.0
coarse,baseball glove,orig,baseball glove,False,231747,0.7,0.0
coarse,baseball glove,orig,baseball glove,False,231747,0.8,0.0
coarse,baseball glove,orig,baseball glove,False,231747,0.9,0.0
coarse,baseball glove,orig,baseball glove,False,231747,1.0,0.0
coarse,baseball glove,orig,baseball glove,True,231747,0.0,0.0
coarse,baseball glove,orig,baseball glove,True,231747,0.1,0.0
coarse,baseball glove,orig,baseball glove,True,231747,0.2,0.0
coarse,baseball glove,orig,baseball glove,True,231747,0.3,0.0
coarse,baseball glove,orig,baseball glove,True,231747,0.4,0.0
coarse,baseball glove,orig,baseball glove,True,231747,0.5,0.0
coarse,baseball glove,orig,baseball glove,True,231747,0.6,0.0
coarse,baseball glove,orig,baseball glove,True,231747,0.7,0.0
coarse,baseball glove,orig,baseball glove,True,231747,0.8,0.0
coarse,baseball glove,orig,baseball glove,True,231747,0.9,0.0
coarse,baseball glove,orig,baseball glove,True,231747,1.0,0.0
coarse,baseball glove,syn,glove,False,231747,0.0,0.0
coarse,baseball glove,syn,glove,False,231747,0.1,0.0
coarse,baseball glove,syn,glove,False,231747,0.2,0.0
coarse,baseball glove,syn,glove,False,231747,0.3,0.0
coarse,baseball glove,syn,glove,False,231747,0.4,0.0
coarse,baseball glove,syn,glove,False,231747,0.5,0.0
coarse,baseball glove,syn,glove,False,231747,0.6,0.0
coarse,baseball glove,syn,glove,False,231747,0.7,0.0
coarse,baseball glove,syn,glove,False,231747,0.8,0.0
coarse,baseball glove,syn,glove,False,231747,0.9,0.0
coarse,baseball glove,syn,glove,False,231747,1.0,0.0
coarse,baseball glove,syn,glove,True,231747,0.0,0.0
coarse,baseball glove,syn,glove,True,231747,0.1,0.0
coarse,baseball glove,syn,glove,True,231747,0.2,0.0
coarse,baseball glove,syn,glove,True,231747,0.3,0.0
coarse,baseball glove,syn,glove,True,231747,0.4,0.0
coarse,baseball glove,syn,glove,True,231747,0.5,0.0
coarse,baseball glove,syn,glove,True,231747,0.6,0.0
coarse,baseball glove,syn,glove,True,231747,0.7,0.0
coarse,baseball glove,syn,glove,True,231747,0.8,0.0
coarse,baseball glove,syn,glove,True,231747,0.9,0.0
coarse,baseball glove,syn,glove,True,231747,1.0,0.0
coarse,baseball glove,hyper,baseball equipment,False,231747,0.0,0.0
coarse,baseball glove,hyper,baseball equipment,False,231747,0.1,0.0
coarse,baseball glove,hyper,baseball equipment,False,231747,0.2,0.0
coarse,baseball glove,hyper,baseball equipment,False,231747,0.3,0.0
coarse,baseball glove,hyper,baseball equipment,False,231747,0.4,0.0
coarse,baseball glove,hyper,baseball equipment,False,231747,0.5,0.0
coarse,baseball glove,hyper,baseball equipment,False,231747,0.6,0.0003616636528028933
coarse,baseball glove,hyper,baseball equipment,False,231747,0.7,0.0009427292010370022
coarse,baseball glove,hyper,baseball equipment,False,231747,0.8,0.0010618216139688533
coarse,baseball glove,hyper,baseball equipment,False,231747,0.9,0.0008577380223011886
coarse,baseball glove,hyper,baseball equipment,False,231747,1.0,0.0
coarse,baseball glove,hyper,baseball equipment,True,231747,0.0,0.0
coarse,baseball glove,hyper,baseball equipment,True,231747,0.1,0.0
coarse,baseball glove,hyper,baseball equipment,True,231747,0.2,0.0
coarse,baseball glove,hyper,baseball equipment,True,231747,0.3,0.0
coarse,baseball glove,hyper,baseball equipment,True,231747,0.4,0.0
coarse,baseball glove,hyper,baseball equipment,True,231747,0.5,0.0
coarse,baseball glove,hyper,baseball equipment,True,231747,0.6,0.0
coarse,baseball glove,hyper,baseball equipment,True,231747,0.7,0.0007128430557205655
coarse,baseball glove,hyper,baseball equipment,True,231747,0.8,0.0008293838862559242
coarse,baseball glove,hyper,baseball equipment,True,231747,0.9,0.0007317073170731707
coarse,baseball glove,hyper,baseball equipment,True,231747,1.0,0.0
coarse,baseball glove,orig,baseball glove,False,231508,0.0,0.0
coarse,baseball glove,orig,baseball glove,False,231508,0.1,0.0
coarse,baseball glove,orig,baseball glove,False,231508,0.2,0.0
coarse,baseball glove,orig,baseball glove,False,231508,0.3,0.0
coarse,baseball glove,orig,baseball glove,False,231508,0.4,0.0
coarse,baseball glove,orig,baseball glove,False,231508,0.5,0.0
coarse,baseball glove,orig,baseball glove,False,231508,0.6,0.0
coarse,baseball glove,orig,baseball glove,False,231508,0.7,0.0
coarse,baseball glove,orig,baseball glove,False,231508,0.8,0.0
coarse,baseball glove,orig,baseball glove,False,231508,0.9,0.0
coarse,baseball glove,orig,baseball glove,False,231508,1.0,0.0
coarse,baseball glove,orig,baseball glove,True,231508,0.0,0.0
coarse,baseball glove,orig,baseball glove,True,231508,0.1,0.0
coarse,baseball glove,orig,baseball glove,True,231508,0.2,0.0
coarse,baseball glove,orig,baseball glove,True,231508,0.3,0.0
coarse,baseball glove,orig,baseball glove,True,231508,0.4,0.0
coarse,baseball glove,orig,baseball glove,True,231508,0.5,0.0
coarse,baseball glove,orig,baseball glove,True,231508,0.6,0.0
coarse,baseball glove,orig,baseball glove,True,231508,0.7,0.0
coarse,baseball glove,orig,baseball glove,True,231508,0.8,0.0
coarse,baseball glove,orig,baseball glove,True,231508,0.9,0.0
coarse,baseball glove,orig,baseball glove,True,231508,1.0,0.0
coarse,baseball glove,syn,glove,False,231508,0.0,0.0
coarse,baseball glove,syn,glove,False,231508,0.1,0.0
coarse,baseball glove,syn,glove,False,231508,0.2,0.0
coarse,baseball glove,syn,glove,False,231508,0.3,0.0
coarse,baseball glove,syn,glove,False,231508,0.4,0.0
coarse,baseball glove,syn,glove,False,231508,0.5,0.0
coarse,baseball glove,syn,glove,False,231508,0.6,0.0
coarse,baseball glove,syn,glove,False,231508,0.7,0.0
coarse,baseball glove,syn,glove,False,231508,0.8,0.0
coarse,baseball glove,syn,glove,False,231508,0.9,0.0
coarse,baseball glove,syn,glove,False,231508,1.0,0.0
coarse,baseball glove,syn,glove,True,231508,0.0,0.0
coarse,baseball glove,syn,glove,True,231508,0.1,0.0
coarse,baseball glove,syn,glove,True,231508,0.2,0.0
coarse,baseball glove,syn,glove,True,231508,0.3,0.0
coarse,baseball glove,syn,glove,True,231508,0.4,0.0
coarse,baseball glove,syn,glove,True,231508,0.5,0.0
coarse,baseball glove,syn,glove,True,231508,0.6,0.0
coarse,baseball glove,syn,glove,True,231508,0.7,0.0
coarse,baseball glove,syn,glove,True,231508,0.8,0.0
coarse,baseball glove,syn,glove,True,231508,0.9,0.0
coarse,baseball glove,syn,glove,True,231508,1.0,0.0
coarse,baseball glove,hyper,baseball equipment,False,231508,0.0,0.04625430799927444
coarse,baseball glove,hyper,baseball equipment,False,231508,0.1,0.05884808013355593
coarse,baseball glove,hyper,baseball equipment,False,231508,0.2,0.0
coarse,baseball glove,hyper,baseball equipment,False,231508,0.3,0.0
coarse,baseball glove,hyper,baseball equipment,False,231508,0.4,0.0
coarse,baseball glove,hyper,baseball equipment,False,231508,0.5,0.0
coarse,baseball glove,hyper,baseball equipment,False,231508,0.6,0.0
coarse,baseball glove,hyper,baseball equipment,False,231508,0.7,0.0
coarse,baseball glove,hyper,baseball equipment,False,231508,0.8,0.0
coarse,baseball glove,hyper,baseball equipment,False,231508,0.9,0.0
coarse,baseball glove,hyper,baseball equipment,False,231508,1.0,0.0
coarse,baseball glove,hyper,baseball equipment,True,231508,0.0,0.04625430799927444
coarse,baseball glove,hyper,baseball equipment,True,231508,0.1,0.05862785862785863
coarse,baseball glove,hyper,baseball equipment,True,231508,0.2,0.0
coarse,baseball glove,hyper,baseball equipment,True,231508,0.3,0.0
coarse,baseball glove,hyper,baseball equipment,True,231508,0.4,0.0
coarse,baseball glove,hyper,baseball equipment,True,231508,0.5,0.0
coarse,baseball glove,hyper,baseball equipment,True,231508,0.6,0.0
coarse,baseball glove,hyper,baseball equipment,True,231508,0.7,0.0
coarse,baseball glove,hyper,baseball equipment,True,231508,0.8,0.0
coarse,baseball glove,hyper,baseball equipment,True,231508,0.9,0.0
coarse,baseball glove,hyper,baseball equipment,True,231508,1.0,0.0
coarse,broccoli,orig,broccoli,False,125245,0.0,0.0
coarse,broccoli,orig,broccoli,False,125245,0.1,0.0
coarse,broccoli,orig,broccoli,False,125245,0.2,0.0
coarse,broccoli,orig,broccoli,False,125245,0.3,0.0
coarse,broccoli,orig,broccoli,False,125245,0.4,0.0
coarse,broccoli,orig,broccoli,False,125245,0.5,0.0
coarse,broccoli,orig,broccoli,False,125245,0.6,0.0
coarse,broccoli,orig,broccoli,False,125245,0.7,0.0
coarse,broccoli,orig,broccoli,False,125245,0.8,0.0
coarse,broccoli,orig,broccoli,False,125245,0.9,0.0
coarse,broccoli,orig,broccoli,False,125245,1.0,0.0
coarse,broccoli,orig,broccoli,True,125245,0.0,0.0
coarse,broccoli,orig,broccoli,True,125245,0.1,0.0
coarse,broccoli,orig,broccoli,True,125245,0.2,0.0
coarse,broccoli,orig,broccoli,True,125245,0.3,0.0
coarse,broccoli,orig,broccoli,True,125245,0.4,0.0
coarse,broccoli,orig,broccoli,True,125245,0.5,0.0
coarse,broccoli,orig,broccoli,True,125245,0.6,0.0
coarse,broccoli,orig,broccoli,True,125245,0.7,0.0
coarse,broccoli,orig,broccoli,True,125245,0.8,0.0
coarse,broccoli,orig,broccoli,True,125245,0.9,0.0
coarse,broccoli,orig,broccoli,True,125245,1.0,0.0
coarse,broccoli,syn,Brassica oleracea italica,False,125245,0.0,0.0
coarse,broccoli,syn,Brassica oleracea italica,False,125245,0.1,0.0
coarse,broccoli,syn,Brassica oleracea italica,False,125245,0.2,0.0
coarse,broccoli,syn,Brassica oleracea italica,False,125245,0.3,0.0
coarse,broccoli,syn,Brassica oleracea italica,False,125245,0.4,0.0
coarse,broccoli,syn,Brassica oleracea italica,False,125245,0.5,0.0
coarse,broccoli,syn,Brassica oleracea italica,False,125245,0.6,0.0
coarse,broccoli,syn,Brassica oleracea italica,False,125245,0.7,0.0
coarse,broccoli,syn,Brassica oleracea italica,False,125245,0.8,0.0
coarse,broccoli,syn,Brassica oleracea italica,False,125245,0.9,0.0
coarse,broccoli,syn,Brassica oleracea italica,False,125245,1.0,0.0
coarse,broccoli,syn,Brassica oleracea italica,True,125245,0.0,0.0
coarse,broccoli,syn,Brassica oleracea italica,True,125245,0.1,0.0
coarse,broccoli,syn,Brassica oleracea italica,True,125245,0.2,0.0
coarse,broccoli,syn,Brassica oleracea italica,True,125245,0.3,0.0
coarse,broccoli,syn,Brassica oleracea italica,True,125245,0.4,0.0
coarse,broccoli,syn,Brassica oleracea italica,True,125245,0.5,0.0
coarse,broccoli,syn,Brassica oleracea italica,True,125245,0.6,0.0
coarse,broccoli,syn,Brassica oleracea italica,True,125245,0.7,0.0
coarse,broccoli,syn,Brassica oleracea italica,True,125245,0.8,0.0
coarse,broccoli,syn,Brassica oleracea italica,True,125245,0.9,0.0
coarse,broccoli,syn,Brassica oleracea italica,True,125245,1.0,0.0
coarse,broccoli,hyper,crucifer,False,125245,0.0,0.0
coarse,broccoli,hyper,crucifer,False,125245,0.1,0.0
coarse,broccoli,hyper,crucifer,False,125245,0.2,0.0
coarse,broccoli,hyper,crucifer,False,125245,0.3,0.0
coarse,broccoli,hyper,crucifer,False,125245,0.4,0.0
coarse,broccoli,hyper,crucifer,False,125245,0.5,0.0
coarse,broccoli,hyper,crucifer,False,125245,0.6,0.0
coarse,broccoli,hyper,crucifer,False,125245,0.7,0.0
coarse,broccoli,hyper,crucifer,False,125245,0.8,0.0
coarse,broccoli,hyper,crucifer,False,125245,0.9,0.0
coarse,broccoli,hyper,crucifer,False,125245,1.0,0.0
coarse,broccoli,hyper,crucifer,True,125245,0.0,0.0
coarse,broccoli,hyper,crucifer,True,125245,0.1,0.0
coarse,broccoli,hyper,crucifer,True,125245,0.2,0.0
coarse,broccoli,hyper,crucifer,True,125245,0.3,0.0
coarse,broccoli,hyper,crucifer,True,125245,0.4,0.0
coarse,broccoli,hyper,crucifer,True,125245,0.5,0.0
coarse,broccoli,hyper,crucifer,True,125245,0.6,0.0
coarse,broccoli,hyper,crucifer,True,125245,0.7,0.0
coarse,broccoli,hyper,crucifer,True,125245,0.8,0.0
coarse,broccoli,hyper,crucifer,True,125245,0.9,0.0
coarse,broccoli,hyper,crucifer,True,125245,1.0,0.0
coarse,broccoli,orig,broccoli,False,3501,0.0,0.7971539804000537
coarse,broccoli,orig,broccoli,False,3501,0.1,0.7984094145463339
coarse,broccoli,orig,broccoli,False,3501,0.2,0.7994245455523287
coarse,broccoli,orig,broccoli,False,3501,0.3,0.8006248148447389
coarse,broccoli,orig,broccoli,False,3501,0.4,0.8016308016308016
coarse,broccoli,orig,broccoli,False,3501,0.5,0.8030561651629684
coarse,broccoli,orig,broccoli,False,3501,0.6,0.8040470613867857
coarse,broccoli,orig,broccoli,False,3501,0.7,0.8049623977603337
coarse,broccoli,orig,broccoli,False,3501,0.8,0.8060003885543005
coarse,broccoli,orig,broccoli,False,3501,0.9,0.808157612075301
coarse,broccoli,orig,broccoli,False,3501,1.0,0.8054370387453874
coarse,broccoli,orig,broccoli,True,3501,0.0,0.7971539804000537
coarse,broccoli,orig,broccoli,True,3501,0.1,0.7984094145463339
coarse,broccoli,orig,broccoli,True,3501,0.2,0.7994245455523287
coarse,broccoli,orig,broccoli,True,3501,0.3,0.8006248148447389
coarse,broccoli,orig,broccoli,True,3501,0.4,0.8016308016308016
coarse,broccoli,orig,broccoli,True,3501,0.5,0.8030561651629684
coarse,broccoli,orig,broccoli,True,3501,0.6,0.8040470613867857
coarse,broccoli,orig,broccoli,True,3501,0.7,0.8049623977603337
coarse,broccoli,orig,broccoli,True,3501,0.8,0.8060003885543005
coarse,broccoli,orig,broccoli,True,3501,0.9,0.808157612075301
coarse,broccoli,orig,broccoli,True,3501,1.0,0.8054370387453874
coarse,broccoli,syn,Brassica oleracea italica,False,3501,0.0,0.8054370387453874
coarse,broccoli,syn,Brassica oleracea italica,False,3501,0.1,0.808157612075301
coarse,broccoli,syn,Brassica oleracea italica,False,3501,0.2,0.8060003885543005
coarse,broccoli,syn,Brassica oleracea italica,False,3501,0.3,0.8049623977603337
coarse,broccoli,syn,Brassica oleracea italica,False,3501,0.4,0.8040470613867857
coarse,broccoli,syn,Brassica oleracea italica,False,3501,0.5,0.8030561651629684
coarse,broccoli,syn,Brassica oleracea italica,False,3501,0.6,0.8016308016308016
coarse,broccoli,syn,Brassica oleracea italica,False,3501,0.7,0.8006248148447389
coarse,broccoli,syn,Brassica oleracea italica,False,3501,0.8,0.7994245455523287
coarse,broccoli,syn,Brassica oleracea italica,False,3501,0.9,0.7984094145463339
coarse,broccoli,syn,Brassica oleracea italica,False,3501,1.0,0.7971539804000537
coarse,broccoli,syn,Brassica oleracea italica,True,3501,0.0,0.8054370387453874
coarse,broccoli,syn,Brassica oleracea italica,True,3501,0.1,0.808157612075301
coarse,broccoli,syn,Brassica oleracea italica,True,3501,0.2,0.8060003885543005
coarse,broccoli,syn,Brassica oleracea italica,True,3501,0.3,0.8049623977603337
coarse,broccoli,syn,Brassica oleracea italica,True,3501,0.4,0.8040470613867857
coarse,broccoli,syn,Brassica oleracea italica,True,3501,0.5,0.8030561651629684
coarse,broccoli,syn,Brassica oleracea italica,True,3501,0.6,0.8016308016308016
coarse,broccoli,syn,Brassica oleracea italica,True,3501,0.7,0.8006248148447389
coarse,broccoli,syn,Brassica oleracea italica,True,3501,0.8,0.7994245455523287
coarse,broccoli,syn,Brassica oleracea italica,True,3501,0.9,0.7984094145463339
coarse,broccoli,syn,Brassica oleracea italica,True,3501,1.0,0.7971539804000537
coarse,broccoli,hyper,crucifer,False,3501,0.0,0.0
coarse,broccoli,hyper,crucifer,False,3501,0.1,0.0
coarse,broccoli,hyper,crucifer,False,3501,0.2,0.0
coarse,broccoli,hyper,crucifer,False,3501,0.3,0.28121448287059586
coarse,broccoli,hyper,crucifer,False,3501,0.4,0.7608864929619646
coarse,broccoli,hyper,crucifer,False,3501,0.5,0.8237872921885675
coarse,broccoli,hyper,crucifer,False,3501,0.6,0.811742340753802
coarse,broccoli,hyper,crucifer,False,3501,0.7,0.8041601042741541
coarse,broccoli,hyper,crucifer,False,3501,0.8,0.8021312273489479
coarse,broccoli,hyper,crucifer,False,3501,0.9,0.8022988505747126
coarse,broccoli,hyper,crucifer,False,3501,1.0,0.8030561651629684
coarse,broccoli,hyper,crucifer,True,3501,0.0,0.0
coarse,broccoli,hyper,crucifer,True,3501,0.1,0.0
coarse,broccoli,hyper,crucifer,True,3501,0.2,0.0
coarse,broccoli,hyper,crucifer,True,3501,0.3,0.2842042335806092
coarse,broccoli,hyper,crucifer,True,3501,0.4,0.7720421103002751
coarse,broccoli,hyper,crucifer,True,3501,0.5,0.8236631890155499
coarse,broccoli,hyper,crucifer,True,3501,0.6,0.8115487298048606
coarse,broccoli,hyper,crucifer,True,3501,0.7,0.803999240307133
coarse,broccoli,hyper,crucifer,True,3501,0.8,0.8017131893966006
coarse,broccoli,hyper,crucifer,True,3501,0.9,0.8022215615794168
coarse,broccoli,hyper,crucifer,True,3501,1.0,0.8026094959666504
coarse,broccoli,orig,broccoli,False,389381,0.0,0.3999563032554075
coarse,broccoli,orig,broccoli,False,389381,0.1,0.3982818019275217
coarse,broccoli,orig,broccoli,False,389381,0.2,0.4014006959432674
coarse,broccoli,orig,broccoli,False,389381,0.3,0.4174449096011409
coarse,broccoli,orig,broccoli,False,389381,0.4,0.4261344894208567
coarse,broccoli,orig,broccoli,False,389381,0.5,0.44235305681148024
coarse,broccoli,orig,broccoli,False,389381,0.6,0.45461468169357294
coarse,broccoli,orig,broccoli,False,389381,0.7,0.46718511901634174
coarse,broccoli,orig,broccoli,False,389381,0.8,0.4986054983209061
coarse,broccoli,orig,broccoli,False,389381,0.9,0.5814098134070491
coarse,broccoli,orig,broccoli,False,389381,1.0,0.7627949739503525
coarse,broccoli,orig,broccoli,True,389381,0.0,0.3999563032554075
coarse,broccoli,orig,broccoli,True,389381,0.1,0.3982818019275217
coarse,broccoli,orig,broccoli,True,389381,0.2,0.4014006959432674
coarse,broccoli,orig,broccoli,True,389381,0.3,0.4174449096011409
coarse,broccoli,orig,broccoli,True,389381,0.4,0.4261344894208567
coarse,broccoli,orig,broccoli,True,389381,0.5,0.44235305681148024
coarse,broccoli,orig,broccoli,True,389381,0.6,0.45461468169357294
coarse,broccoli,orig,broccoli,True,389381,0.7,0.46718511901634174
coarse,broccoli,orig,broccoli,True,389381,0.8,0.4986054983209061
coarse,broccoli,orig,broccoli,True,389381,0.9,0.5814098134070491
coarse,broccoli,orig,broccoli,True,389381,1.0,0.7627949739503525
coarse,broccoli,syn,Brassica oleracea italica,False,389381,0.0,0.7627949739503525
coarse,broccoli,syn,Brassica oleracea italica,False,389381,0.1,0.5814098134070491
coarse,broccoli,syn,Brassica oleracea italica,False,389381,0.2,0.4986054983209061
coarse,broccoli,syn,Brassica oleracea italica,False,389381,0.3,0.46718511901634174
coarse,broccoli,syn,Brassica oleracea italica,False,389381,0.4,0.45461468169357294
coarse,broccoli,syn,Brassica oleracea italica,False,389381,0.5,0.44235305681148024
coarse,broccoli,syn,Brassica oleracea italica,False,389381,0.6,0.4261344894208567
coarse,broccoli,syn,Brassica oleracea italica,False,389381,0.7,0.4174449096011409
coarse,broccoli,syn,Brassica oleracea italica,False,389381,0.8,0.4014006959432674
coarse,broccoli,syn,Brassica oleracea italica,False,389381,0.9,0.3982818019275217
coarse,broccoli,syn,Brassica oleracea italica,False,389381,1.0,0.3999563032554075
coarse,broccoli,syn,Brassica oleracea italica,True,389381,0.0,0.7627949739503525
coarse,broccoli,syn,Brassica oleracea italica,True,389381,0.1,0.5814098134070491
coarse,broccoli,syn,Brassica oleracea italica,True,389381,0.2,0.4986054983209061
coarse,broccoli,syn,Brassica oleracea italica,True,389381,0.3,0.46718511901634174
coarse,broccoli,syn,Brassica oleracea italica,True,389381,0.4,0.45461468169357294
coarse,broccoli,syn,Brassica oleracea italica,True,389381,0.5,0.44235305681148024
coarse,broccoli,syn,Brassica oleracea italica,True,389381,0.6,0.4261344894208567
coarse,broccoli,syn,Brassica oleracea italica,True,389381,0.7,0.4174449096011409
coarse,broccoli,syn,Brassica oleracea italica,True,389381,0.8,0.4014006959432674
coarse,broccoli,syn,Brassica oleracea italica,True,389381,0.9,0.3982818019275217
coarse,broccoli,syn,Brassica oleracea italica,True,389381,1.0,0.3999563032554075
coarse,broccoli,hyper,crucifer,False,389381,0.0,0.0
coarse,broccoli,hyper,crucifer,False,389381,0.1,0.0
coarse,broccoli,hyper,crucifer,False,389381,0.2,0.0
coarse,broccoli,hyper,crucifer,False,389381,0.3,0.0
coarse,broccoli,hyper,crucifer,False,389381,0.4,0.0
coarse,broccoli,hyper,crucifer,False,389381,0.5,0.08616794276390109
coarse,broccoli,hyper,crucifer,False,389381,0.6,0.4604881854658939
coarse,broccoli,hyper,crucifer,False,389381,0.7,0.4440315371867624
coarse,broccoli,hyper,crucifer,False,389381,0.8,0.4324350570526827
coarse,broccoli,hyper,crucifer,False,389381,0.9,0.4349429750060665
coarse,broccoli,hyper,crucifer,False,389381,1.0,0.44235305681148024
coarse,broccoli,hyper,crucifer,True,389381,0.0,0.0
coarse,broccoli,hyper,crucifer,True,389381,0.1,0.0
coarse,broccoli,hyper,crucifer,True,389381,0.2,0.0
coarse,broccoli,hyper,crucifer,True,389381,0.3,0.0
coarse,broccoli,hyper,crucifer,True,389381,0.4,0.0
coarse,broccoli,hyper,crucifer,True,389381,0.5,0.10592504536069573
coarse,broccoli,hyper,crucifer,True,389381,0.6,0.4612267554815432
coarse,broccoli,hyper,crucifer,True,389381,0.7,0.44242969179279684
coarse,broccoli,hyper,crucifer,True,389381,0.8,0.429658893813837
coarse,broccoli,hyper,crucifer,True,389381,0.9,0.43206011271133377
coarse,broccoli,hyper,crucifer,True,389381,1.0,0.439142091152815
coarse,broccoli,orig,broccoli,False,19221,0.0,0.7599884748367268
coarse,broccoli,orig,broccoli,False,19221,0.1,0.7669356640232324
coarse,broccoli,orig,broccoli,False,19221,0.2,0.7468621617792889
coarse,broccoli,orig,broccoli,False,19221,0.3,0.7193619912738717
coarse,broccoli,orig,broccoli,False,19221,0.4,0.6866775957869692
coarse,broccoli,orig,broccoli,False,19221,0.5,0.665250271145646
coarse,broccoli,orig,broccoli,False,19221,0.6,0.6582256621190951
coarse,broccoli,orig,broccoli,False,19221,0.7,0.6182510712585304
coarse,broccoli,orig,broccoli,False,19221,0.8,0.5532502795080658
coarse,broccoli,orig,broccoli,False,19221,0.9,0.4498703543647364
coarse,broccoli,orig,broccoli,False,19221,1.0,0.1951727007906783
coarse,broccoli,orig,broccoli,True,19221,0.0,0.7599884748367268
coarse,broccoli,orig,broccoli,True,19221,0.1,0.7669356640232324
coarse,broccoli,orig,broccoli,True,19221,0.2,0.7468621617792889
coarse,broccoli,orig,broccoli,True,19221,0.3,0.7193619912738717
coarse,broccoli,orig,broccoli,True,19221,0.4,0.6866775957869692
coarse,broccoli,orig,broccoli,True,19221,0.5,0.665250271145646
coarse,broccoli,orig,broccoli,True,19221,0.6,0.6582256621190951
coarse,broccoli,orig,broccoli,True,19221,0.7,0.6182510712585304
coarse,broccoli,orig,broccoli,True,19221,0.8,0.5532502795080658
coarse,broccoli,orig,broccoli,True,19221,0.9,0.4498703543647364
coarse,broccoli,orig,broccoli,True,19221,1.0,0.1951727007906783
coarse,broccoli,syn,Brassica oleracea italica,False,19221,0.0,0.1951727007906783
coarse,broccoli,syn,Brassica oleracea italica,False,19221,0.1,0.4498703543647364
coarse,broccoli,syn,Brassica oleracea italica,False,19221,0.2,0.5532502795080658
coarse,broccoli,syn,Brassica oleracea italica,False,19221,0.3,0.6182510712585304
coarse,broccoli,syn,Brassica oleracea italica,False,19221,0.4,0.6582256621190951
coarse,broccoli,syn,Brassica oleracea italica,False,19221,0.5,0.665250271145646
coarse,broccoli,syn,Brassica oleracea italica,False,19221,0.6,0.6866775957869692
coarse,broccoli,syn,Brassica oleracea italica,False,19221,0.7,0.7193619912738717
coarse,broccoli,syn,Brassica oleracea italica,False,19221,0.8,0.7468621617792889
coarse,broccoli,syn,Brassica oleracea italica,False,19221,0.9,0.7669356640232324
coarse,broccoli,syn,Brassica oleracea italica,False,19221,1.0,0.7599884748367268
coarse,broccoli,syn,Brassica oleracea italica,True,19221,0.0,0.1951727007906783
coarse,broccoli,syn,Brassica oleracea italica,True,19221,0.1,0.4498703543647364
coarse,broccoli,syn,Brassica oleracea italica,True,19221,0.2,0.5532502795080658
coarse,broccoli,syn,Brassica oleracea italica,True,19221,0.3,0.6182510712585304
coarse,broccoli,syn,Brassica oleracea italica,True,19221,0.4,0.6582256621190951
coarse,broccoli,syn,Brassica oleracea italica,True,19221,0.5,0.665250271145646
coarse,broccoli,syn,Brassica oleracea italica,True,19221,0.6,0.6866775957869692
coarse,broccoli,syn,Brassica oleracea italica,True,19221,0.7,0.7193619912738717
coarse,broccoli,syn,Brassica oleracea italica,True,19221,0.8,0.7468621617792889
coarse,broccoli,syn,Brassica oleracea italica,True,19221,0.9,0.7669356640232324
coarse,broccoli,syn,Brassica oleracea italica,True,19221,1.0,0.7599884748367268
coarse,broccoli,hyper,crucifer,False,19221,0.0,0.0
coarse,broccoli,hyper,crucifer,False,19221,0.1,0.0
coarse,broccoli,hyper,crucifer,False,19221,0.2,0.0
coarse,broccoli,hyper,crucifer,False,19221,0.3,0.0
coarse,broccoli,hyper,crucifer,False,19221,0.4,0.5180165533550104
coarse,broccoli,hyper,crucifer,False,19221,0.5,0.7061997592595155
coarse,broccoli,hyper,crucifer,False,19221,0.6,0.7580069219359447
coarse,broccoli,hyper,crucifer,False,19221,0.7,0.7697105959447788
coarse,broccoli,hyper,crucifer,False,19221,0.8,0.7771818625060946
coarse,broccoli,hyper,crucifer,False,19221,0.9,0.7729631066844881
coarse,broccoli,hyper,crucifer,False,19221,1.0,0.665250271145646
coarse,broccoli,hyper,crucifer,True,19221,0.0,0.0
coarse,broccoli,hyper,crucifer,True,19221,0.1,0.0
coarse,broccoli,hyper,crucifer,True,19221,0.2,0.0
coarse,broccoli,hyper,crucifer,True,19221,0.3,0.0
coarse,broccoli,hyper,crucifer,True,19221,0.4,0.5166826378604408
coarse,broccoli,hyper,crucifer,True,19221,0.5,0.7085245810982691
coarse,broccoli,hyper,crucifer,True,19221,0.6,0.7592043489004201
coarse,broccoli,hyper,crucifer,True,19221,0.7,0.7714657534246575
coarse,broccoli,hyper,crucifer,True,19221,0.8,0.7757274564633573
coarse,broccoli,hyper,crucifer,True,19221,0.9,0.777893937875034
coarse,broccoli,hyper,crucifer,True,19221,1.0,0.6710563224330109
coarse,broccoli,orig,broccoli,False,447522,0.0,0.5110905552022509
coarse,broccoli,orig,broccoli,False,447522,0.1,0.4982656141600885
coarse,broccoli,orig,broccoli,False,447522,0.2,0.49107777486813065
coarse,broccoli,orig,broccoli,False,447522,0.3,0.48499569666252274
coarse,broccoli,orig,broccoli,False,447522,0.4,0.47083450182284364
coarse,broccoli,orig,broccoli,False,447522,0.5,0.42064107392065214
coarse,broccoli,orig,broccoli,False,447522,0.6,0.41350858927641854
coarse,broccoli,orig,broccoli,False,447522,0.7,0.296021689813534
coarse,broccoli,orig,broccoli,False,447522,0.8,0.07588925981351445
coarse,broccoli,orig,broccoli,False,447522,0.9,0.001561441239725422
coarse,broccoli,orig,broccoli,False,447522,1.0,0.0
coarse,broccoli,orig,broccoli,True,447522,0.0,0.5110905552022509
coarse,broccoli,orig,broccoli,True,447522,0.1,0.4982656141600885
coarse,broccoli,orig,broccoli,True,447522,0.2,0.49107777486813065
coarse,broccoli,orig,broccoli,True,447522,0.3,0.48499569666252274
coarse,broccoli,orig,broccoli,True,447522,0.4,0.47083450182284364
coarse,broccoli,orig,broccoli,True,447522,0.5,0.42064107392065214
coarse,broccoli,orig,broccoli,True,447522,0.6,0.41350858927641854
coarse,broccoli,orig,broccoli,True,447522,0.7,0.296021689813534
coarse,broccoli,orig,broccoli,True,447522,0.8,0.07588925981351445
coarse,broccoli,orig,broccoli,True,447522,0.9,0.001561441239725422
coarse,broccoli,orig,broccoli,True,447522,1.0,0.0
coarse,broccoli,syn,Brassica oleracea italica,False,447522,0.0,0.0
coarse,broccoli,syn,Brassica oleracea italica,False,447522,0.1,0.001561441239725422
coarse,broccoli,syn,Brassica oleracea italica,False,447522,0.2,0.07588925981351445
coarse,broccoli,syn,Brassica oleracea italica,False,447522,0.3,0.296021689813534
coarse,broccoli,syn,Brassica oleracea italica,False,447522,0.4,0.41350858927641854
coarse,broccoli,syn,Brassica oleracea italica,False,447522,0.5,0.42064107392065214
coarse,broccoli,syn,Brassica oleracea italica,False,447522,0.6,0.47083450182284364
coarse,broccoli,syn,Brassica oleracea italica,False,447522,0.7,0.48499569666252274
coarse,broccoli,syn,Brassica oleracea italica,False,447522,0.8,0.49107777486813065
coarse,broccoli,syn,Brassica oleracea italica,False,447522,0.9,0.4982656141600885
coarse,broccoli,syn,Brassica oleracea italica,False,447522,1.0,0.5110905552022509
coarse,broccoli,syn,Brassica oleracea italica,True,447522,0.0,0.0
coarse,broccoli,syn,Brassica oleracea italica,True,447522,0.1,0.001561441239725422
coarse,broccoli,syn,Brassica oleracea italica,True,447522,0.2,0.07588925981351445
coarse,broccoli,syn,Brassica oleracea italica,True,447522,0.3,0.296021689813534
coarse,broccoli,syn,Brassica oleracea italica,True,447522,0.4,0.41350858927641854
coarse,broccoli,syn,Brassica oleracea italica,True,447522,0.5,0.42064107392065214
coarse,broccoli,syn,Brassica oleracea italica,True,447522,0.6,0.47083450182284364
coarse,broccoli,syn,Brassica oleracea italica,True,447522,0.7,0.48499569666252274
coarse,broccoli,syn,Brassica oleracea italica,True,447522,0.8,0.49107777486813065
coarse,broccoli,syn,Brassica oleracea italica,True,447522,0.9,0.4982656141600885
coarse,broccoli,syn,Brassica oleracea italica,True,447522,1.0,0.5110905552022509
coarse,broccoli,hyper,crucifer,False,447522,0.0,0.0
coarse,broccoli,hyper,crucifer,False,447522,0.1,0.0
coarse,broccoli,hyper,crucifer,False,447522,0.2,0.15645692368925715
coarse,broccoli,hyper,crucifer,False,447522,0.3,0.2125678184260997
coarse,broccoli,hyper,crucifer,False,447522,0.4,0.21849858809739464
coarse,broccoli,hyper,crucifer,False,447522,0.5,0.24070720874615648
coarse,broccoli,hyper,crucifer,False,447522,0.6,0.25008672756869266
coarse,broccoli,hyper,crucifer,False,447522,0.7,0.28216942082805735
coarse,broccoli,hyper,crucifer,False,447522,0.8,0.3571438986337722
coarse,broccoli,hyper,crucifer,False,447522,0.9,0.420787554691298
coarse,broccoli,hyper,crucifer,False,447522,1.0,0.42064107392065214
coarse,broccoli,hyper,crucifer,True,447522,0.0,0.0
coarse,broccoli,hyper,crucifer,True,447522,0.1,0.0
coarse,broccoli,hyper,crucifer,True,447522,0.2,0.15797000411147458
coarse,broccoli,hyper,crucifer,True,447522,0.3,0.21163686774989296
coarse,broccoli,hyper,crucifer,True,447522,0.4,0.21972194479552426
coarse,broccoli,hyper,crucifer,True,447522,0.5,0.24130224998730254
coarse,broccoli,hyper,crucifer,True,447522,0.6,0.25128931758576384
coarse,broccoli,hyper,crucifer,True,447522,0.7,0.28116021056605356
coarse,broccoli,hyper,crucifer,True,447522,0.8,0.3519170634138096
coarse,broccoli,hyper,crucifer,True,447522,0.9,0.4224079384243888
coarse,broccoli,hyper,crucifer,True,447522,1.0,0.43004035720419026
coarse,dog,orig,dog,False,76417,0.0,0.8720641453203718
coarse,dog,orig,dog,False,76417,0.1,0.8716876859855462
coarse,dog,orig,dog,False,76417,0.2,0.8716804758869768
coarse,dog,orig,dog,False,76417,0.3,0.8702905209585071
coarse,dog,orig,dog,False,76417,0.4,0.8695805677164242
coarse,dog,orig,dog,False,76417,0.5,0.8690467790869965
coarse,dog,orig,dog,False,76417,0.6,0.868721783295711
coarse,dog,orig,dog,False,76417,0.7,0.8680496754163138
coarse,dog,orig,dog,False,76417,0.8,0.8678485661816641
coarse,dog,orig,dog,False,76417,0.9,0.8673216936452959
coarse,dog,orig,dog,False,76417,1.0,0.8671150442477876
coarse,dog,orig,dog,True,76417,0.0,0.8720641453203718
coarse,dog,orig,dog,True,76417,0.1,0.8716876859855462
coarse,dog,orig,dog,True,76417,0.2,0.8716804758869768
coarse,dog,orig,dog,True,76417,0.3,0.8703520429803479
coarse,dog,orig,dog,True,76417,0.4,0.8695805677164242
coarse,dog,orig,dog,True,76417,0.5,0.8690467790869965
coarse,dog,orig,dog,True,76417,0.6,0.8686512415349887
coarse,dog,orig,dog,True,76417,0.7,0.8680496754163138
coarse,dog,orig,dog,True,76417,0.8,0.8678485661816641
coarse,dog,orig,dog,True,76417,0.9,0.8673830057966917
coarse,dog,orig,dog,True,76417,1.0,0.8671150442477876
coarse,dog,syn,domestic dog,False,76417,0.0,0.38787786492042947
coarse,dog,syn,domestic dog,False,76417,0.1,0.807501503307276
coarse,dog,syn,domestic dog,False,76417,0.2,0.8566348077350522
coarse,dog,syn,domestic dog,False,76417,0.3,0.8700928430440822
coarse,dog,syn,domestic dog,False,76417,0.4,0.8711329054590033
coarse,dog,syn,domestic dog,False,76417,0.5,0.8695528136366878
coarse,dog,syn,domestic dog,False,76417,0.6,0.8688292371981019
coarse,dog,syn,domestic dog,False,76417,0.7,0.8679298443333099
coarse,dog,syn,domestic dog,False,76417,0.8,0.8665685037161689
coarse,dog,syn,domestic dog,False,76417,0.9,0.8651630472732351
coarse,dog,syn,domestic dog,False,76417,1.0,0.8641580301871044
coarse,dog,syn,domestic dog,True,76417,0.0,0.38787786492042947
coarse,dog,syn,domestic dog,True,76417,0.1,0.8074408117249154
coarse,dog,syn,domestic dog,True,76417,0.2,0.8569417691509853
coarse,dog,syn,domestic dog,True,76417,0.3,0.8699751498318959
coarse,dog,syn,domestic dog,True,76417,0.4,0.8710258813351597
coarse,dog,syn,domestic dog,True,76417,0.5,0.8696427298010412
coarse,dog,syn,domestic dog,True,76417,0.6,0.8688385269121813
coarse,dog,syn,domestic dog,True,76417,0.7,0.8678262094218717
coarse,dog,syn,domestic dog,True,76417,0.8,0.8664469994391475
coarse,dog,syn,domestic dog,True,76417,0.9,0.8648007259021429
coarse,dog,syn,domestic dog,True,76417,1.0,0.8639966624947851
coarse,dog,hypo,Leonberg,False,76417,0.0,0.0
coarse,dog,hypo,Leonberg,False,76417,0.1,0.0
coarse,dog,hypo,Leonberg,False,76417,0.2,0.0
coarse,dog,hypo,Leonberg,False,76417,0.3,0.0
coarse,dog,hypo,Leonberg,False,76417,0.4,0.0
coarse,dog,hypo,Leonberg,False,76417,0.5,0.7198753988755509
coarse,dog,hypo,Leonberg,False,76417,0.6,0.8546926046926047
coarse,dog,hypo,Leonberg,False,76417,0.7,0.8700750127448839
coarse,dog,hypo,Leonberg,False,76417,0.8,0.8719827586206896
coarse,dog,hypo,Leonberg,False,76417,0.9,0.8698435277382646
coarse,dog,hypo,Leonberg,False,76417,1.0,0.8683412121639738
coarse,dog,hypo,Leonberg,True,76417,0.0,0.0
coarse,dog,hypo,Leonberg,True,76417,0.1,0.0
coarse,dog,hypo,Leonberg,True,76417,0.2,0.0
coarse,dog,hypo,Leonberg,True,76417,0.3,0.0
coarse,dog,hypo,Leonberg,True,76417,0.4,0.0
coarse,dog,hypo,Leonberg,True,76417,0.5,0.7327363788131734
coarse,dog,hypo,Leonberg,True,76417,0.6,0.8566342802047022
coarse,dog,hypo,Leonberg,True,76417,0.7,0.8700269110480763
coarse,dog,hypo,Leonberg,True,76417,0.8,0.8717157214644652
coarse,dog,hypo,Leonberg,True,76417,0.9,0.8700412341817148
coarse,dog,hypo,Leonberg,True,76417,1.0,0.8680535966149506
coarse,dog,hyper,domestic animal,False,76417,0.0,0.015942362228864873
coarse,dog,hyper,domestic animal,False,76417,0.1,0.5388006384434142
coarse,dog,hyper,domestic animal,False,76417,0.2,0.8431328713018854
coarse,dog,hyper,domestic animal,False,76417,0.3,0.8739724016441573
coarse,dog,hyper,domestic animal,False,76417,0.4,0.8747651394710219
coarse,dog,hyper,domestic animal,False,76417,0.5,0.8735517093405808
coarse,dog,hyper,domestic animal,False,76417,0.6,0.8699261992619927
coarse,dog,hyper,domestic animal,False,76417,0.7,0.8688455008488964
coarse,dog,hyper,domestic animal,False,76417,0.8,0.8686012850384806
coarse,dog,hyper,domestic animal,False,76417,0.9,0.868421052631579
coarse,dog,hyper,domestic animal,False,76417,1.0,0.8683412121639738
coarse,dog,hyper,domestic animal,True,76417,0.0,0.015942362228864873
coarse,dog,hyper,domestic animal,True,76417,0.1,0.49315797476052914
coarse,dog,hyper,domestic animal,True,76417,0.2,0.8394988066825776
coarse,dog,hyper,domestic animal,True,76417,0.3,0.8736586799941203
coarse,dog,hyper,domestic animal,True,76417,0.4,0.8760414402666087
coarse,dog,hyper,domestic animal,True,76417,0.5,0.8737912756965833
coarse,dog,hyper,domestic animal,True,76417,0.6,0.8708851759687166
coarse,dog,hyper,domestic animal,True,76417,0.7,0.8691588785046729
coarse,dog,hyper,domestic animal,True,76417,0.8,0.8682871678914641
coarse,dog,hyper,domestic animal,True,76417,0.9,0.8686775925402657
coarse,dog,hyper,domestic animal,True,76417,1.0,0.8685363096920033
coarse,dog,orig,dog,False,161609,0.0,0.8242960777081028
coarse,dog,orig,dog,False,161609,0.1,0.8226637233259749
coarse,dog,orig,dog,False,161609,0.2,0.8207166442460561
coarse,dog,orig,dog,False,161609,0.3,0.8190580771107857
coarse,dog,orig,dog,False,161609,0.4,0.8175618073316283
coarse,dog,orig,dog,False,161609,0.5,0.8166889672789198
coarse,dog,orig,dog,False,161609,0.6,0.8160709944079747
coarse,dog,orig,dog,False,161609,0.7,0.8153771407749302
coarse,dog,orig,dog,False,161609,0.8,0.8148822529740228
coarse,dog,orig,dog,False,161609,0.9,0.813826561552456
coarse,dog,orig,dog,False,161609,1.0,0.8138123558684306
coarse,dog,orig,dog,True,161609,0.0,0.8242960777081028
coarse,dog,orig,dog,True,161609,0.1,0.8226637233259749
coarse,dog,orig,dog,True,161609,0.2,0.8207166442460561
coarse,dog,orig,dog,True,161609,0.3,0.8190580771107857
coarse,dog,orig,dog,True,161609,0.4,0.8175618073316283
coarse,dog,orig,dog,True,161609,0.5,0.8166889672789198
coarse,dog,orig,dog,True,161609,0.6,0.8160709944079747
coarse,dog,orig,dog,True,161609,0.7,0.8153771407749302
coarse,dog,orig,dog,True,161609,0.8,0.8148822529740228
coarse,dog,orig,dog,True,161609,0.9,0.813826561552456
coarse,dog,orig,dog,True,161609,1.0,0.8138123558684306
coarse,dog,syn,domestic dog,False,161609,0.0,0.8305147973141009
coarse,dog,syn,domestic dog,False,161609,0.1,0.8265545802942267
coarse,dog,syn,domestic dog,False,161609,0.2,0.8243043585323812
coarse,dog,syn,domestic dog,False,161609,0.3,0.8221295387634936
coarse,dog,syn,domestic dog,False,161609,0.4,0.8181263722859234
coarse,dog,syn,domestic dog,False,161609,0.5,0.8164010220221438
coarse,dog,syn,domestic dog,False,161609,0.6,0.8157734840199296
coarse,dog,syn,domestic dog,False,161609,0.7,0.815674362089915
coarse,dog,syn,domestic dog,False,161609,0.8,0.8157830739299611
coarse,dog,syn,domestic dog,False,161609,0.9,0.8160457755052349
coarse,dog,syn,domestic dog,False,161609,1.0,0.8176599902296043
coarse,dog,syn,domestic dog,True,161609,0.0,0.8305147973141009
coarse,dog,syn,domestic dog,True,161609,0.1,0.8265545802942267
coarse,dog,syn,domestic dog,True,161609,0.2,0.8242028807090976
coarse,dog,syn,domestic dog,True,161609,0.3,0.8221513553293266
coarse,dog,syn,domestic dog,True,161609,0.4,0.8181263722859234
coarse,dog,syn,domestic dog,True,161609,0.5,0.816301703163017
coarse,dog,syn,domestic dog,True,161609,0.6,0.8157734840199296
coarse,dog,syn,domestic dog,True,161609,0.7,0.8157958687727825
coarse,dog,syn,domestic dog,True,161609,0.8,0.8156838905775076
coarse,dog,syn,domestic dog,True,161609,0.9,0.8160457755052349
coarse,dog,syn,domestic dog,True,161609,1.0,0.8175378602833415
coarse,dog,hypo,Leonberg,False,161609,0.0,0.0
coarse,dog,hypo,Leonberg,False,161609,0.1,0.0
coarse,dog,hypo,Leonberg,False,161609,0.2,0.2261095850802371
coarse,dog,hypo,Leonberg,False,161609,0.3,0.8569044639132248
coarse,dog,hypo,Leonberg,False,161609,0.4,0.8467275298958468
coarse,dog,hypo,Leonberg,False,161609,0.5,0.827085402184707
coarse,dog,hypo,Leonberg,False,161609,0.6,0.8167277167277167
coarse,dog,hypo,Leonberg,False,161609,0.7,0.814823815309842
coarse,dog,hypo,Leonberg,False,161609,0.8,0.8141678796700631
coarse,dog,hypo,Leonberg,False,161609,0.9,0.8148732257673177
coarse,dog,hypo,Leonberg,False,161609,1.0,0.815674362089915
coarse,dog,hypo,Leonberg,True,161609,0.0,0.0
coarse,dog,hypo,Leonberg,True,161609,0.1,0.0
coarse,dog,hypo,Leonberg,True,161609,0.2,0.22871186930750326
coarse,dog,hypo,Leonberg,True,161609,0.3,0.856924360400445
coarse,dog,hypo,Leonberg,True,161609,0.4,0.847093621399177
coarse,dog,hypo,Leonberg,True,161609,0.5,0.8272095332671301
coarse,dog,hypo,Leonberg,True,161609,0.6,0.8167277167277167
coarse,dog,hypo,Leonberg,True,161609,0.7,0.8149228338801798
coarse,dog,hypo,Leonberg,True,161609,0.8,0.8141678796700631
coarse,dog,hypo,Leonberg,True,161609,0.9,0.8149720941519049
coarse,dog,hypo,Leonberg,True,161609,1.0,0.8155528554070474
coarse,dog,hyper,domestic animal,False,161609,0.0,0.8546075982647562
coarse,dog,hyper,domestic animal,False,161609,0.1,0.8433179723502304
coarse,dog,hyper,domestic animal,False,161609,0.2,0.8346764039284815
coarse,dog,hyper,domestic animal,False,161609,0.3,0.8286212479760867
coarse,dog,hyper,domestic animal,False,161609,0.4,0.8235948116121062
coarse,dog,hyper,domestic animal,False,161609,0.5,0.8204497972225636
coarse,dog,hyper,domestic animal,False,161609,0.6,0.8179816513761468
coarse,dog,hyper,domestic animal,False,161609,0.7,0.8160779537149817
coarse,dog,hyper,domestic animal,False,161609,0.8,0.8155623100303951
coarse,dog,hyper,domestic animal,False,161609,0.9,0.8150576806314511
coarse,dog,hyper,domestic animal,False,161609,1.0,0.815674362089915
coarse,dog,hyper,domestic animal,True,161609,0.0,0.8546075982647562
coarse,dog,hyper,domestic animal,True,161609,0.1,0.8431899641577061
coarse,dog,hyper,domestic animal,True,161609,0.2,0.8348866498740554
coarse,dog,hyper,domestic animal,True,161609,0.3,0.8284966994644414
coarse,dog,hyper,domestic animal,True,161609,0.4,0.8235948116121062
coarse,dog,hyper,domestic animal,True,161609,0.5,0.8204497972225636
coarse,dog,hyper,domestic animal,True,161609,0.6,0.8180817225348667
coarse,dog,hyper,domestic animal,True,161609,0.7,0.8162544169611308
coarse,dog,hyper,domestic animal,True,161609,0.8,0.8155623100303951
coarse,dog,hyper,domestic animal,True,161609,0.9,0.8150576806314511
coarse,dog,hyper,domestic animal,True,161609,1.0,0.8155752642449278
coarse,dog,orig,dog,False,447200,0.0,0.760763704739405
coarse,dog,orig,dog,False,447200,0.1,0.7677632133270742
coarse,dog,orig,dog,False,447200,0.2,0.7736282228499309
coarse,dog,orig,dog,False,447200,0.3,0.7798856923298593
coarse,dog,orig,dog,False,447200,0.4,0.7847463724667226
coarse,dog,orig,dog,False,447200,0.5,0.7884080889400038
coarse,dog,orig,dog,False,447200,0.6,0.7912377304285372
coarse,dog,orig,dog,False,447200,0.7,0.7930411692940698
coarse,dog,orig,dog,False,447200,0.8,0.794928809668974
coarse,dog,orig,dog,False,447200,0.9,0.7962183869579768
coarse,dog,orig,dog,False,447200,1.0,0.7971244860885361
coarse,dog,orig,dog,True,447200,0.0,0.760763704739405
coarse,dog,orig,dog,True,447200,0.1,0.7677632133270742
coarse,dog,orig,dog,True,447200,0.2,0.7736282228499309
coarse,dog,orig,dog,True,447200,0.3,0.7798856923298593
coarse,dog,orig,dog,True,447200,0.4,0.7847343806211776
coarse,dog,orig,dog,True,447200,0.5,0.7884080889400038
coarse,dog,orig,dog,True,447200,0.6,0.7912377304285372
coarse,dog,orig,dog,True,447200,0.7,0.7930411692940698
coarse,dog,orig,dog,True,447200,0.8,0.794928809668974
coarse,dog,orig,dog,True,447200,0.9,0.7962183869579768
coarse,dog,orig,dog,True,447200,1.0,0.7971244860885361
coarse,dog,syn,domestic dog,False,447200,0.0,0.7583556510982742
coarse,dog,syn,domestic dog,False,447200,0.1,0.7680748919827173
coarse,dog,syn,domestic dog,False,447200,0.2,0.7745019251298413
coarse,dog,syn,domestic dog,False,447200,0.3,0.7794637613414357
coarse,dog,syn,domestic dog,False,447200,0.4,0.7832528836134102
coarse,dog,syn,domestic dog,False,447200,0.5,0.7868626770258461
coarse,dog,syn,domestic dog,False,447200,0.6,0.7904706065356036
coarse,dog,syn,domestic dog,False,447200,0.7,0.7937478316006078
coarse,dog,syn,domestic dog,False,447200,0.8,0.7957454954416022
coarse,dog,syn,domestic dog,False,447200,0.9,0.796254188606989
coarse,dog,syn,domestic dog,False,447200,1.0,0.7965687741688317
coarse,dog,syn,domestic dog,True,447200,0.0,0.7583556510982742
coarse,dog,syn,domestic dog,True,447200,0.1,0.768158905424868
coarse,dog,syn,domestic dog,True,447200,0.2,0.7745406131554958
coarse,dog,syn,domestic dog,True,447200,0.3,0.7795742742766738
coarse,dog,syn,domestic dog,True,447200,0.4,0.7834377358038591
coarse,dog,syn,domestic dog,True,447200,0.5,0.7870524438272861
coarse,dog,syn,domestic dog,True,447200,0.6,0.7907293959988514
coarse,dog,syn,domestic dog,True,447200,0.7,0.7940687394575972
coarse,dog,syn,domestic dog,True,447200,0.8,0.7960255551301685
coarse,dog,syn,domestic dog,True,447200,0.9,0.7965130193375455
coarse,dog,syn,domestic dog,True,447200,1.0,0.7969425257084026
coarse,dog,hypo,Leonberg,False,447200,0.0,0.0
coarse,dog,hypo,Leonberg,False,447200,0.1,0.0
coarse,dog,hypo,Leonberg,False,447200,0.2,0.010687004060074291
coarse,dog,hypo,Leonberg,False,447200,0.3,0.3282470055632995
coarse,dog,hypo,Leonberg,False,447200,0.4,0.5969378999239991
coarse,dog,hypo,Leonberg,False,447200,0.5,0.6971487159457084
coarse,dog,hypo,Leonberg,False,447200,0.6,0.7438272354269344
coarse,dog,hypo,Leonberg,False,447200,0.7,0.768649053503908
coarse,dog,hypo,Leonberg,False,447200,0.8,0.7830774414015498
coarse,dog,hypo,Leonberg,False,447200,0.9,0.790141825250174
coarse,dog,hypo,Leonberg,False,447200,1.0,0.7925799196018377
coarse,dog,hypo,Leonberg,True,447200,0.0,0.0
coarse,dog,hypo,Leonberg,True,447200,0.1,0.0
coarse,dog,hypo,Leonberg,True,447200,0.2,0.00999592758505794
coarse,dog,hypo,Leonberg,True,447200,0.3,0.326668064687234
coarse,dog,hypo,Leonberg,True,447200,0.4,0.5962146657186986
coarse,dog,hypo,Leonberg,True,447200,0.5,0.6969253115578503
coarse,dog,hypo,Leonberg,True,447200,0.6,0.7437481790812858
coarse,dog,hypo,Leonberg,True,447200,0.7,0.7682866427475568
coarse,dog,hypo,Leonberg,True,447200,0.8,0.7830455447927321
coarse,dog,hypo,Leonberg,True,447200,0.9,0.7899814026036355
coarse,dog,hypo,Leonberg,True,447200,1.0,0.7926347778229762
coarse,dog,hyper,domestic animal,False,447200,0.0,0.5969477716300845
coarse,dog,hyper,domestic animal,False,447200,0.1,0.6463139235588364
coarse,dog,hyper,domestic animal,False,447200,0.2,0.6871120271580989
coarse,dog,hyper,domestic animal,False,447200,0.3,0.7160785167973667
coarse,dog,hyper,domestic animal,False,447200,0.4,0.7385118896658334
coarse,dog,hyper,domestic animal,False,447200,0.5,0.7555968124992465
coarse,dog,hyper,domestic animal,False,447200,0.6,0.7667762009653463
coarse,dog,hyper,domestic animal,False,447200,0.7,0.7746795295361438
coarse,dog,hyper,domestic animal,False,447200,0.8,0.7815978886756239
coarse,dog,hyper,domestic animal,False,447200,0.9,0.7875309987899989
coarse,dog,hyper,domestic animal,False,447200,1.0,0.7925799196018377
coarse,dog,hyper,domestic animal,True,447200,0.0,0.5969477716300845
coarse,dog,hyper,domestic animal,True,447200,0.1,0.6467267252683211
coarse,dog,hyper,domestic animal,True,447200,0.2,0.6876689742128681
coarse,dog,hyper,domestic animal,True,447200,0.3,0.716560779330792
coarse,dog,hyper,domestic animal,True,447200,0.4,0.7388054294271085
coarse,dog,hyper,domestic animal,True,447200,0.5,0.7558888058442028
coarse,dog,hyper,domestic animal,True,447200,0.6,0.7668552172343243
coarse,dog,hyper,domestic animal,True,447200,0.7,0.7748209909173915
coarse,dog,hyper,domestic animal,True,447200,0.8,0.7817350831314028
coarse,dog,hyper,domestic animal,True,447200,0.9,0.7876609763402216
coarse,dog,hyper,domestic animal,True,447200,1.0,0.7924232637144429
coarse,dog,orig,dog,False,117525,0.0,0.8301372394990989
coarse,dog,orig,dog,False,117525,0.1,0.8292795495453916
coarse,dog,orig,dog,False,117525,0.2,0.8280342825546032
coarse,dog,orig,dog,False,117525,0.3,0.8268850347334039
coarse,dog,orig,dog,False,117525,0.4,0.8260729712342616
coarse,dog,orig,dog,False,117525,0.5,0.8250355618776671
coarse,dog,orig,dog,False,117525,0.6,0.8242115878254492
coarse,dog,orig,dog,False,117525,0.7,0.8233731739707836
coarse,dog,orig,dog,False,117525,0.8,0.8225068618481244
coarse,dog,orig,dog,False,117525,0.9,0.8215885202449502
coarse,dog,orig,dog,False,117525,1.0,0.8205303756447122
coarse,dog,orig,dog,True,117525,0.0,0.8301372394990989
coarse,dog,orig,dog,True,117525,0.1,0.8292795495453916
coarse,dog,orig,dog,True,117525,0.2,0.8280342825546032
coarse,dog,orig,dog,True,117525,0.3,0.8268850347334039
coarse,dog,orig,dog,True,117525,0.4,0.8260729712342616
coarse,dog,orig,dog,True,117525,0.5,0.8250355618776671
coarse,dog,orig,dog,True,117525,0.6,0.8242115878254492
coarse,dog,orig,dog,True,117525,0.7,0.8233731739707836
coarse,dog,orig,dog,True,117525,0.8,0.8224611161939616
coarse,dog,orig,dog,True,117525,0.9,0.8215885202449502
coarse,dog,orig,dog,True,117525,1.0,0.8205303756447122
coarse,dog,syn,domestic dog,False,117525,0.0,0.8149154999773458
coarse,dog,syn,domestic dog,False,117525,0.1,0.816098734062344
coarse,dog,syn,domestic dog,False,117525,0.2,0.8175743249386308
coarse,dog,syn,domestic dog,False,117525,0.3,0.8190263673209163
coarse,dog,syn,domestic dog,False,117525,0.4,0.8202882685641306
coarse,dog,syn,domestic dog,False,117525,0.5,0.821892138939671
coarse,dog,syn,domestic dog,False,117525,0.6,0.8230959355547418
coarse,dog,syn,domestic dog,False,117525,0.7,0.8239391439831363
coarse,dog,syn,domestic dog,False,117525,0.8,0.824943789290139
coarse,dog,syn,domestic dog,False,117525,0.9,0.8257533994854833
coarse,dog,syn,domestic dog,False,117525,1.0,0.8269434344364155
coarse,dog,syn,domestic dog,True,117525,0.0,0.8149154999773458
coarse,dog,syn,domestic dog,True,117525,0.1,0.816098734062344
coarse,dog,syn,domestic dog,True,117525,0.2,0.8176114924762468
coarse,dog,syn,domestic dog,True,117525,0.3,0.8190263673209163
coarse,dog,syn,domestic dog,True,117525,0.4,0.8202882685641306
coarse,dog,syn,domestic dog,True,117525,0.5,0.8217419118991044
coarse,dog,syn,domestic dog,True,117525,0.6,0.8230501647748077
coarse,dog,syn,domestic dog,True,117525,0.7,0.8238636363636364
coarse,dog,syn,domestic dog,True,117525,0.8,0.824943789290139
coarse,dog,syn,domestic dog,True,117525,0.9,0.8257533994854833
coarse,dog,syn,domestic dog,True,117525,1.0,0.8269513991163475
coarse,dog,hypo,Leonberg,False,117525,0.0,0.0
coarse,dog,hypo,Leonberg,False,117525,0.1,0.0
coarse,dog,hypo,Leonberg,False,117525,0.2,0.4752341254804309
coarse,dog,hypo,Leonberg,False,117525,0.3,0.866817496229261
coarse,dog,hypo,Leonberg,False,117525,0.4,0.8512680899842384
coarse,dog,hypo,Leonberg,False,117525,0.5,0.8393610044036354
coarse,dog,hypo,Leonberg,False,117525,0.6,0.8328844725111442
coarse,dog,hypo,Leonberg,False,117525,0.7,0.8289607390300231
coarse,dog,hypo,Leonberg,False,117525,0.8,0.8258230641898106
coarse,dog,hypo,Leonberg,False,117525,0.9,0.8242982938910292
coarse,dog,hypo,Leonberg,False,117525,1.0,0.8235617442286551
coarse,dog,hypo,Leonberg,True,117525,0.0,0.0
coarse,dog,hypo,Leonberg,True,117525,0.1,0.0
coarse,dog,hypo,Leonberg,True,117525,0.2,0.47553847819028033
coarse,dog,hypo,Leonberg,True,117525,0.3,0.8671961395395597
coarse,dog,hypo,Leonberg,True,117525,0.4,0.8514591393227301
coarse,dog,hypo,Leonberg,True,117525,0.5,0.8395651766469872
coarse,dog,hypo,Leonberg,True,117525,0.6,0.8331165815141662
coarse,dog,hypo,Leonberg,True,117525,0.7,0.82899902997829
coarse,dog,hypo,Leonberg,True,117525,0.8,0.8260129696913949
coarse,dog,hypo,Leonberg,True,117525,0.9,0.8244414881416579
coarse,dog,hypo,Leonberg,True,117525,1.0,0.8237126626351475
coarse,dog,hyper,domestic animal,False,117525,0.0,0.8292434955404594
coarse,dog,hyper,domestic animal,False,117525,0.1,0.825501195512231
coarse,dog,hyper,domestic animal,False,117525,0.2,0.8237236823998899
coarse,dog,hyper,domestic animal,False,117525,0.3,0.8224521563959344
coarse,dog,hyper,domestic animal,False,117525,0.4,0.8221327599615719
coarse,dog,hyper,domestic animal,False,117525,0.5,0.8223777503316408
coarse,dog,hyper,domestic animal,False,117525,0.6,0.8224234938932345
coarse,dog,hyper,domestic animal,False,117525,0.7,0.8224316165035221
coarse,dog,hyper,domestic animal,False,117525,0.8,0.8228914008512196
coarse,dog,hyper,domestic animal,False,117525,0.9,0.8232600732600732
coarse,dog,hyper,domestic animal,False,117525,1.0,0.8235617442286551
coarse,dog,hyper,domestic animal,True,117525,0.0,0.8292434955404594
coarse,dog,hyper,domestic animal,True,117525,0.1,0.8254632396891811
coarse,dog,hyper,domestic animal,True,117525,0.2,0.8236103467253715
coarse,dog,hyper,domestic animal,True,117525,0.3,0.8223392080567635
coarse,dog,hyper,domestic animal,True,117525,0.4,0.8220575454004849
coarse,dog,hyper,domestic animal,True,117525,0.5,0.8221521013399186
coarse,dog,hyper,domestic animal,True,117525,0.6,0.8220850480109739
coarse,dog,hyper,domestic animal,True,117525,0.7,0.8219804333912407
coarse,dog,hyper,domestic animal,True,117525,0.8,0.8225902374308065
coarse,dog,hyper,domestic animal,True,117525,0.9,0.8229586232149396
coarse,dog,hyper,domestic animal,True,117525,1.0,0.8233354702811613
coarse,dog,orig,dog,False,235399,0.0,0.8173724212812161
coarse,dog,orig,dog,False,235399,0.1,0.8175895765472313
coarse,dog,orig,dog,False,235399,0.2,0.8168402777777778
coarse,dog,orig,dog,False,235399,0.3,0.8170969841614233
coarse,dog,orig,dog,False,235399,0.4,0.8169991326973114
coarse,dog,orig,dog,False,235399,0.5,0.8170388033817473
coarse,dog,orig,dog,False,235399,0.6,0.8167244367417678
coarse,dog,orig,dog,False,235399,0.7,0.8163707232568211
coarse,dog,orig,dog,False,235399,0.8,0.8170995670995671
coarse,dog,orig,dog,False,235399,0.9,0.816039775183744
coarse,dog,orig,dog,False,235399,1.0,0.8158065212697042
coarse,dog,orig,dog,True,235399,0.0,0.8173724212812161
coarse,dog,orig,dog,True,235399,0.1,0.8175895765472313
coarse,dog,orig,dog,True,235399,0.2,0.8168402777777778
coarse,dog,orig,dog,True,235399,0.3,0.8170969841614233
coarse,dog,orig,dog,True,235399,0.4,0.8169991326973114
coarse,dog,orig,dog,True,235399,0.5,0.8170388033817473
coarse,dog,orig,dog,True,235399,0.6,0.8167244367417678
coarse,dog,orig,dog,True,235399,0.7,0.8163707232568211
coarse,dog,orig,dog,True,235399,0.8,0.8170995670995671
coarse,dog,orig,dog,True,235399,0.9,0.816039775183744
coarse,dog,orig,dog,True,235399,1.0,0.8158065212697042
coarse,dog,syn,domestic dog,False,235399,0.0,0.8250110472823685
coarse,dog,syn,domestic dog,False,235399,0.1,0.8243451463790447
coarse,dog,syn,domestic dog,False,235399,0.2,0.8221248630887185
coarse,dog,syn,domestic dog,False,235399,0.3,0.8205631958087753
coarse,dog,syn,domestic dog,False,235399,0.4,0.8188547790115392
coarse,dog,syn,domestic dog,False,235399,0.5,0.8177275689767542
coarse,dog,syn,domestic dog,False,235399,0.6,0.8168220247127682
coarse,dog,syn,domestic dog,False,235399,0.7,0.815840727115343
coarse,dog,syn,domestic dog,False,235399,0.8,0.8161192739844425
coarse,dog,syn,domestic dog,False,235399,0.9,0.8148706896551724
coarse,dog,syn,domestic dog,False,235399,1.0,0.8138584032709275
coarse,dog,syn,domestic dog,True,235399,0.0,0.8250110472823685
coarse,dog,syn,domestic dog,True,235399,0.1,0.8243838028169014
coarse,dog,syn,domestic dog,True,235399,0.2,0.8221248630887185
coarse,dog,syn,domestic dog,True,235399,0.3,0.8205631958087753
coarse,dog,syn,domestic dog,True,235399,0.4,0.8186765346103614
coarse,dog,syn,domestic dog,True,235399,0.5,0.8177275689767542
coarse,dog,syn,domestic dog,True,235399,0.6,0.816861725184222
coarse,dog,syn,domestic dog,True,235399,0.7,0.8160571304912356
coarse,dog,syn,domestic dog,True,235399,0.8,0.8159429682436812
coarse,dog,syn,domestic dog,True,235399,0.9,0.8148706896551724
coarse,dog,syn,domestic dog,True,235399,1.0,0.8140735958683021
coarse,dog,hypo,Leonberg,False,235399,0.0,0.0
coarse,dog,hypo,Leonberg,False,235399,0.1,0.0
coarse,dog,hypo,Leonberg,False,235399,0.2,0.0022483137646764927
coarse,dog,hypo,Leonberg,False,235399,0.3,0.7841658812441094
coarse,dog,hypo,Leonberg,False,235399,0.4,0.8171801214301776
coarse,dog,hypo,Leonberg,False,235399,0.5,0.8193036579991185
coarse,dog,hypo,Leonberg,False,235399,0.6,0.8197293758184199
coarse,dog,hypo,Leonberg,False,235399,0.7,0.8174723607197052
coarse,dog,hypo,Leonberg,False,235399,0.8,0.8157040882543802
coarse,dog,hypo,Leonberg,False,235399,0.9,0.8167244367417678
coarse,dog,hypo,Leonberg,False,235399,1.0,0.8165475416937406
coarse,dog,hypo,Leonberg,True,235399,0.0,0.0
coarse,dog,hypo,Leonberg,True,235399,0.1,0.0
coarse,dog,hypo,Leonberg,True,235399,0.2,0.0022483137646764927
coarse,dog,hypo,Leonberg,True,235399,0.3,0.7849234393404004
coarse,dog,hypo,Leonberg,True,235399,0.4,0.8174049921295256
coarse,dog,hypo,Leonberg,True,235399,0.5,0.8193036579991185
coarse,dog,hypo,Leonberg,True,235399,0.6,0.819511130510694
coarse,dog,hypo,Leonberg,True,235399,0.7,0.8174723607197052
coarse,dog,hypo,Leonberg,True,235399,0.8,0.8158805711813067
coarse,dog,hypo,Leonberg,True,235399,0.9,0.8167244367417678
coarse,dog,hypo,Leonberg,True,235399,1.0,0.8163707232568211
coarse,dog,hyper,domestic animal,False,235399,0.0,0.7982456140350878
coarse,dog,hyper,domestic animal,False,235399,0.1,0.8135365307037203
coarse,dog,hyper,domestic animal,False,235399,0.2,0.8143077942150585
coarse,dog,hyper,domestic animal,False,235399,0.3,0.8181619256017505
coarse,dog,hyper,domestic animal,False,235399,0.4,0.8182807399347116
coarse,dog,hyper,domestic animal,False,235399,0.5,0.8179448185965674
coarse,dog,hyper,domestic animal,False,235399,0.6,0.8173931901973541
coarse,dog,hyper,domestic animal,False,235399,0.7,0.8161939813812513
coarse,dog,hyper,domestic animal,False,235399,0.8,0.8158805711813067
coarse,dog,hyper,domestic animal,False,235399,0.9,0.8173743500866552
coarse,dog,hyper,domestic animal,False,235399,1.0,0.8165475416937406
coarse,dog,hyper,domestic animal,True,235399,0.0,0.7982456140350878
coarse,dog,hyper,domestic animal,True,235399,0.1,0.81331241595697
coarse,dog,hyper,domestic animal,True,235399,0.2,0.8142667844522968
coarse,dog,hyper,domestic animal,True,235399,0.3,0.818340993652878
coarse,dog,hyper,domestic animal,True,235399,0.4,0.8182807399347116
coarse,dog,hyper,domestic animal,True,235399,0.5,0.8179448185965674
coarse,dog,hyper,domestic animal,True,235399,0.6,0.8173931901973541
coarse,dog,hyper,domestic animal,True,235399,0.7,0.8159774843039619
coarse,dog,hyper,domestic animal,True,235399,0.8,0.8156642146257032
coarse,dog,hyper,domestic animal,True,235399,0.9,0.8173743500866552
coarse,dog,hyper,domestic animal,True,235399,1.0,0.8165475416937406
coarse,giraffe,orig,giraffe,False,471567,0.0,0.6340472064042255
coarse,giraffe,orig,giraffe,False,471567,0.1,0.6334927440633246
coarse,giraffe,orig,giraffe,False,471567,0.2,0.632876204595997
coarse,giraffe,orig,giraffe,False,471567,0.3,0.6321787065986506
coarse,giraffe,orig,giraffe,False,471567,0.4,0.6317368961973279
coarse,giraffe,orig,giraffe,False,471567,0.5,0.6315335305719921
coarse,giraffe,orig,giraffe,False,471567,0.6,0.6315594822272447
coarse,giraffe,orig,giraffe,False,471567,0.7,0.6317379420891474
coarse,giraffe,orig,giraffe,False,471567,0.8,0.6323432614777028
coarse,giraffe,orig,giraffe,False,471567,0.9,0.632916083340196
coarse,giraffe,orig,giraffe,False,471567,1.0,0.6344796268009743
coarse,giraffe,orig,giraffe,True,471567,0.0,0.6340472064042255
coarse,giraffe,orig,giraffe,True,471567,0.1,0.633479685857399
coarse,giraffe,orig,giraffe,True,471567,0.2,0.6328686448530775
coarse,giraffe,orig,giraffe,True,471567,0.3,0.6323217775948976
coarse,giraffe,orig,giraffe,True,471567,0.4,0.6318462171052631
coarse,giraffe,orig,giraffe,True,471567,0.5,0.6316016604331922
coarse,giraffe,orig,giraffe,True,471567,0.6,0.6317260656883298
coarse,giraffe,orig,giraffe,True,471567,0.7,0.6319024711154969
coarse,giraffe,orig,giraffe,True,471567,0.8,0.6325883853973742
coarse,giraffe,orig,giraffe,True,471567,0.9,0.6331431631413095
coarse,giraffe,orig,giraffe,True,471567,1.0,0.6348147536243857
coarse,giraffe,syn,camelopard,False,471567,0.0,0.661243247952605
coarse,giraffe,syn,camelopard,False,471567,0.1,0.6438485605694727
coarse,giraffe,syn,camelopard,False,471567,0.2,0.6370422593621697
coarse,giraffe,syn,camelopard,False,471567,0.3,0.6334707337180544
coarse,giraffe,syn,camelopard,False,471567,0.4,0.6320138118140338
coarse,giraffe,syn,camelopard,False,471567,0.5,0.6314481682273698
coarse,giraffe,syn,camelopard,False,471567,0.6,0.6316103052964622
coarse,giraffe,syn,camelopard,False,471567,0.7,0.6317444656841587
coarse,giraffe,syn,camelopard,False,471567,0.8,0.6323284288507048
coarse,giraffe,syn,camelopard,False,471567,0.9,0.6337769524399051
coarse,giraffe,syn,camelopard,False,471567,1.0,0.6349984486503257
coarse,giraffe,syn,camelopard,True,471567,0.0,0.661243247952605
coarse,giraffe,syn,camelopard,True,471567,0.1,0.6438215223097112
coarse,giraffe,syn,camelopard,True,471567,0.2,0.6370554691550026
coarse,giraffe,syn,camelopard,True,471567,0.3,0.6334501236603463
coarse,giraffe,syn,camelopard,True,471567,0.4,0.6319878329496876
coarse,giraffe,syn,camelopard,True,471567,0.5,0.6314481682273698
coarse,giraffe,syn,camelopard,True,471567,0.6,0.6315973292244479
coarse,giraffe,syn,camelopard,True,471567,0.7,0.6317444656841587
coarse,giraffe,syn,camelopard,True,471567,0.8,0.6323414413302054
coarse,giraffe,syn,camelopard,True,471567,0.9,0.63375835602872
coarse,giraffe,syn,camelopard,True,471567,1.0,0.6349853141935217
coarse,giraffe,hypo,okapi,False,471567,0.0,0.23142999231429992
coarse,giraffe,hypo,okapi,False,471567,0.1,0.2916666666666667
coarse,giraffe,hypo,okapi,False,471567,0.2,0.4368414148922216
coarse,giraffe,hypo,okapi,False,471567,0.3,0.6129004643995977
coarse,giraffe,hypo,okapi,False,471567,0.4,0.6326653891018164
coarse,giraffe,hypo,okapi,False,471567,0.5,0.6287748235680289
coarse,giraffe,hypo,okapi,False,471567,0.6,0.62741091860085
coarse,giraffe,hypo,okapi,False,471567,0.7,0.6278371366115754
coarse,giraffe,hypo,okapi,False,471567,0.8,0.6289128033061909
coarse,giraffe,hypo,okapi,False,471567,0.9,0.6301192965194933
coarse,giraffe,hypo,okapi,False,471567,1.0,0.6315984137094951
coarse,giraffe,hypo,okapi,True,471567,0.0,0.23142999231429992
coarse,giraffe,hypo,okapi,True,471567,0.1,0.29214629494089206
coarse,giraffe,hypo,okapi,True,471567,0.2,0.43755326820953255
coarse,giraffe,hypo,okapi,True,471567,0.3,0.6131088626008087
coarse,giraffe,hypo,okapi,True,471567,0.4,0.6325655017286624
coarse,giraffe,hypo,okapi,True,471567,0.5,0.6288575180564675
coarse,giraffe,hypo,okapi,True,471567,0.6,0.6276650109359988
coarse,giraffe,hypo,okapi,True,471567,0.7,0.6279321618308132
coarse,giraffe,hypo,okapi,True,471567,0.8,0.6289543687333743
coarse,giraffe,hypo,okapi,True,471567,0.9,0.6300783011519698
coarse,giraffe,hypo,okapi,True,471567,1.0,0.6315129848783695
coarse,giraffe,hyper,ruminant,False,471567,0.0,0.6605696170683842
coarse,giraffe,hyper,ruminant,False,471567,0.1,0.6748340990301174
coarse,giraffe,hyper,ruminant,False,471567,0.2,0.6701932540037577
coarse,giraffe,hyper,ruminant,False,471567,0.3,0.6648384065729956
coarse,giraffe,hyper,ruminant,False,471567,0.4,0.6554929637800673
coarse,giraffe,hyper,ruminant,False,471567,0.5,0.6476836015034418
coarse,giraffe,hyper,ruminant,False,471567,0.6,0.6420922742293053
coarse,giraffe,hyper,ruminant,False,471567,0.7,0.6382956622901779
coarse,giraffe,hyper,ruminant,False,471567,0.8,0.6354427239461661
coarse,giraffe,hyper,ruminant,False,471567,0.9,0.6334075173095944
coarse,giraffe,hyper,ruminant,False,471567,1.0,0.6315984137094951
coarse,giraffe,hyper,ruminant,True,471567,0.0,0.6605696170683842
coarse,giraffe,hyper,ruminant,True,471567,0.1,0.6748306893032748
coarse,giraffe,hyper,ruminant,True,471567,0.2,0.6701994454878812
coarse,giraffe,hyper,ruminant,True,471567,0.3,0.6645413455029805
coarse,giraffe,hyper,ruminant,True,471567,0.4,0.6552344251766217
coarse,giraffe,hyper,ruminant,True,471567,0.5,0.6473145510182547
coarse,giraffe,hyper,ruminant,True,471567,0.6,0.6418178777489757
coarse,giraffe,hyper,ruminant,True,471567,0.7,0.6381838574336394
coarse,giraffe,hyper,ruminant,True,471567,0.8,0.6353639126030965
coarse,giraffe,hyper,ruminant,True,471567,0.9,0.6332900673712838
coarse,giraffe,hyper,ruminant,True,471567,1.0,0.6314946070878275
coarse,giraffe,orig,giraffe,False,296969,0.0,0.7284743387062601
coarse,giraffe,orig,giraffe,False,296969,0.1,0.7325360945019688
coarse,giraffe,orig,giraffe,False,296969,0.2,0.7356407073654345
coarse,giraffe,orig,giraffe,False,296969,0.3,0.7387864490555742
coarse,giraffe,orig,giraffe,False,296969,0.4,0.7402985074626866
coarse,giraffe,orig,giraffe,False,296969,0.5,0.7423606473973735
coarse,giraffe,orig,giraffe,False,296969,0.6,0.7432870773271729
coarse,giraffe,orig,giraffe,False,296969,0.7,0.742254739988986
coarse,giraffe,orig,giraffe,False,296969,0.8,0.7402837079091008
coarse,giraffe,orig,giraffe,False,296969,0.9,0.7377840024898848
coarse,giraffe,orig,giraffe,False,296969,1.0,0.7356311146254865
coarse,giraffe,orig,giraffe,True,296969,0.0,0.7284743387062601
coarse,giraffe,orig,giraffe,True,296969,0.1,0.7325068870523416
coarse,giraffe,orig,giraffe,True,296969,0.2,0.7356534915210523
coarse,giraffe,orig,giraffe,True,296969,0.3,0.7387432202573895
coarse,giraffe,orig,giraffe,True,296969,0.4,0.7402885505442242
coarse,giraffe,orig,giraffe,True,296969,0.5,0.7424061799628058
coarse,giraffe,orig,giraffe,True,296969,0.6,0.7432637571157495
coarse,giraffe,orig,giraffe,True,296969,0.7,0.7421834473001651
coarse,giraffe,orig,giraffe,True,296969,0.8,0.7397814207650273
coarse,giraffe,orig,giraffe,True,296969,0.9,0.7368608946698538
coarse,giraffe,orig,giraffe,True,296969,1.0,0.7342253259996292
coarse,giraffe,syn,camelopard,False,296969,0.0,0.7355172470786573
coarse,giraffe,syn,camelopard,False,296969,0.1,0.7409573175670203
coarse,giraffe,syn,camelopard,False,296969,0.2,0.7427016090182098
coarse,giraffe,syn,camelopard,False,296969,0.3,0.7436314882206474
coarse,giraffe,syn,camelopard,False,296969,0.4,0.7432983636738775
coarse,giraffe,syn,camelopard,False,296969,0.5,0.7429894723530713
coarse,giraffe,syn,camelopard,False,296969,0.6,0.7426719856199051
coarse,giraffe,syn,camelopard,False,296969,0.7,0.7427440841229052
coarse,giraffe,syn,camelopard,False,296969,0.8,0.7429234119094954
coarse,giraffe,syn,camelopard,False,296969,0.9,0.7422116903633491
coarse,giraffe,syn,camelopard,False,296969,1.0,0.7421618795646456
coarse,giraffe,syn,camelopard,True,296969,0.0,0.7355172470786573
coarse,giraffe,syn,camelopard,True,296969,0.1,0.7409813227933196
coarse,giraffe,syn,camelopard,True,296969,0.2,0.7427016090182098
coarse,giraffe,syn,camelopard,True,296969,0.3,0.7436748766900251
coarse,giraffe,syn,camelopard,True,296969,0.4,0.7433374073427406
coarse,giraffe,syn,camelopard,True,296969,0.5,0.743036013532741
coarse,giraffe,syn,camelopard,True,296969,0.6,0.7426674656238174
coarse,giraffe,syn,camelopard,True,296969,0.7,0.7427940712708925
coarse,giraffe,syn,camelopard,True,296969,0.8,0.7429504678648636
coarse,giraffe,syn,camelopard,True,296969,0.9,0.742217868090889
coarse,giraffe,syn,camelopard,True,296969,1.0,0.742085247979718
coarse,giraffe,hypo,okapi,False,296969,0.0,0.17832626594915285
coarse,giraffe,hypo,okapi,False,296969,0.1,0.5395177066383897
coarse,giraffe,hypo,okapi,False,296969,0.2,0.7029726760950158
coarse,giraffe,hypo,okapi,False,296969,0.3,0.7325181189396697
coarse,giraffe,hypo,okapi,False,296969,0.4,0.7397833018806533
coarse,giraffe,hypo,okapi,False,296969,0.5,0.7406840306878989
coarse,giraffe,hypo,okapi,False,296969,0.6,0.7409740925997178
coarse,giraffe,hypo,okapi,False,296969,0.7,0.7419298189597369
coarse,giraffe,hypo,okapi,False,296969,0.8,0.7430138292799237
coarse,giraffe,hypo,okapi,False,296969,0.9,0.743556456209233
coarse,giraffe,hypo,okapi,False,296969,1.0,0.7427364305645326
coarse,giraffe,hypo,okapi,True,296969,0.0,0.17832626594915285
coarse,giraffe,hypo,okapi,True,296969,0.1,0.5426165424521409
coarse,giraffe,hypo,okapi,True,296969,0.2,0.7036242946090119
coarse,giraffe,hypo,okapi,True,296969,0.3,0.732342622625273
coarse,giraffe,hypo,okapi,True,296969,0.4,0.7396314864248974
coarse,giraffe,hypo,okapi,True,296969,0.5,0.7406266630114012
coarse,giraffe,hypo,okapi,True,296969,0.6,0.7406106674364156
coarse,giraffe,hypo,okapi,True,296969,0.7,0.7417304221437813
coarse,giraffe,hypo,okapi,True,296969,0.8,0.7429134985524767
coarse,giraffe,hypo,okapi,True,296969,0.9,0.7435519645120405
coarse,giraffe,hypo,okapi,True,296969,1.0,0.7429337962597649
coarse,giraffe,hyper,ruminant,False,296969,0.0,0.0
coarse,giraffe,hyper,ruminant,False,296969,0.1,0.0023022623056871585
coarse,giraffe,hyper,ruminant,False,296969,0.2,0.6261471230881281
coarse,giraffe,hyper,ruminant,False,296969,0.3,0.7347512714290526
coarse,giraffe,hyper,ruminant,False,296969,0.4,0.748280783703127
coarse,giraffe,hyper,ruminant,False,296969,0.5,0.7491767550627575
coarse,giraffe,hyper,ruminant,False,296969,0.6,0.7471238972967001
coarse,giraffe,hyper,ruminant,False,296969,0.7,0.7448851117406359
coarse,giraffe,hyper,ruminant,False,296969,0.8,0.7439826322247742
coarse,giraffe,hyper,ruminant,False,296969,0.9,0.7431098799049313
coarse,giraffe,hyper,ruminant,False,296969,1.0,0.7427364305645326
coarse,giraffe,hyper,ruminant,True,296969,0.0,0.0
coarse,giraffe,hyper,ruminant,True,296969,0.1,0.0024354510341153416
coarse,giraffe,hyper,ruminant,True,296969,0.2,0.628617158654808
coarse,giraffe,hyper,ruminant,True,296969,0.3,0.7350287810953647
coarse,giraffe,hyper,ruminant,True,296969,0.4,0.7481355382619974
coarse,giraffe,hyper,ruminant,True,296969,0.5,0.7491527041863574
coarse,giraffe,hyper,ruminant,True,296969,0.6,0.7473315227689004
coarse,giraffe,hyper,ruminant,True,296969,0.7,0.7450779650338636
coarse,giraffe,hyper,ruminant,True,296969,0.8,0.7441897083831959
coarse,giraffe,hyper,ruminant,True,296969,0.9,0.7434931938492564
coarse,giraffe,hyper,ruminant,True,296969,1.0,0.7429144047468754
coarse,giraffe,orig,giraffe,False,349302,0.0,0.6326330781555991
coarse,giraffe,orig,giraffe,False,349302,0.1,0.6325310122272553
coarse,giraffe,orig,giraffe,False,349302,0.2,0.6323855080166534
coarse,giraffe,orig,giraffe,False,349302,0.3,0.6330759254892714
coarse,giraffe,orig,giraffe,False,349302,0.4,0.6332735452380253
coarse,giraffe,orig,giraffe,False,349302,0.5,0.6334556126192223
coarse,giraffe,orig,giraffe,False,349302,0.6,0.6338841038260972
coarse,giraffe,orig,giraffe,False,349302,0.7,0.6339230881707852
coarse,giraffe,orig,giraffe,False,349302,0.8,0.6339496976601525
coarse,giraffe,orig,giraffe,False,349302,0.9,0.6340644256885021
coarse,giraffe,orig,giraffe,False,349302,1.0,0.633745577873286
coarse,giraffe,orig,giraffe,True,349302,0.0,0.6326330781555991
coarse,giraffe,orig,giraffe,True,349302,0.1,0.6325527694721572
coarse,giraffe,orig,giraffe,True,349302,0.2,0.6324445625535182
coarse,giraffe,orig,giraffe,True,349302,0.3,0.633137838554714
coarse,giraffe,orig,giraffe,True,349302,0.4,0.6333058920381042
coarse,giraffe,orig,giraffe,True,349302,0.5,0.6332961680652544
coarse,giraffe,orig,giraffe,True,349302,0.6,0.6339034676663543
coarse,giraffe,orig,giraffe,True,349302,0.7,0.6338332894775313
coarse,giraffe,orig,giraffe,True,349302,0.8,0.6343329342716151
coarse,giraffe,orig,giraffe,True,349302,0.9,0.6341904789702577
coarse,giraffe,orig,giraffe,True,349302,1.0,0.6340302517082287
coarse,giraffe,syn,camelopard,False,349302,0.0,0.6388710711994868
coarse,giraffe,syn,camelopard,False,349302,0.1,0.6304659170551848
coarse,giraffe,syn,camelopard,False,349302,0.2,0.6302704317944121
coarse,giraffe,syn,camelopard,False,349302,0.3,0.6320603907637655
coarse,giraffe,syn,camelopard,False,349302,0.4,0.632918468826316
coarse,giraffe,syn,camelopard,False,349302,0.5,0.6333782912097579
coarse,giraffe,syn,camelopard,False,349302,0.6,0.6337958084533427
coarse,giraffe,syn,camelopard,False,349302,0.7,0.6341927365309765
coarse,giraffe,syn,camelopard,False,349302,0.8,0.634169912437403
coarse,giraffe,syn,camelopard,False,349302,0.9,0.6340024652227505
coarse,giraffe,syn,camelopard,False,349302,1.0,0.633284284873455
coarse,giraffe,syn,camelopard,True,349302,0.0,0.6388710711994868
coarse,giraffe,syn,camelopard,True,349302,0.1,0.6304659170551848
coarse,giraffe,syn,camelopard,True,349302,0.2,0.6302704317944121
coarse,giraffe,syn,camelopard,True,349302,0.3,0.6320603907637655
coarse,giraffe,syn,camelopard,True,349302,0.4,0.632918468826316
coarse,giraffe,syn,camelopard,True,349302,0.5,0.6333782912097579
coarse,giraffe,syn,camelopard,True,349302,0.6,0.6338143605655241
coarse,giraffe,syn,camelopard,True,349302,0.7,0.6341927365309765
coarse,giraffe,syn,camelopard,True,349302,0.8,0.6341484844047445
coarse,giraffe,syn,camelopard,True,349302,0.9,0.6340210724033692
coarse,giraffe,syn,camelopard,True,349302,1.0,0.6332656484506047
coarse,giraffe,hypo,okapi,False,349302,0.0,0.25701109310731646
coarse,giraffe,hypo,okapi,False,349302,0.1,0.6437812033089173
coarse,giraffe,hypo,okapi,False,349302,0.2,0.636772323028309
coarse,giraffe,hypo,okapi,False,349302,0.3,0.6303321949705061
coarse,giraffe,hypo,okapi,False,349302,0.4,0.6294055040291926
coarse,giraffe,hypo,okapi,False,349302,0.5,0.6305503017202558
coarse,giraffe,hypo,okapi,False,349302,0.6,0.6321127933608971
coarse,giraffe,hypo,okapi,False,349302,0.7,0.6333727460833579
coarse,giraffe,hypo,okapi,False,349302,0.8,0.6342956357964745
coarse,giraffe,hypo,okapi,False,349302,0.9,0.633866002052485
coarse,giraffe,hypo,okapi,False,349302,1.0,0.6340628474457253
coarse,giraffe,hypo,okapi,True,349302,0.0,0.25701109310731646
coarse,giraffe,hypo,okapi,True,349302,0.1,0.6440764331210191
coarse,giraffe,hypo,okapi,True,349302,0.2,0.6365971838314202
coarse,giraffe,hypo,okapi,True,349302,0.3,0.6304880697508455
coarse,giraffe,hypo,okapi,True,349302,0.4,0.6293200401228001
coarse,giraffe,hypo,okapi,True,349302,0.5,0.6305646444331042
coarse,giraffe,hypo,okapi,True,349302,0.6,0.6319921491658489
coarse,giraffe,hypo,okapi,True,349302,0.7,0.6334368070953437
coarse,giraffe,hypo,okapi,True,349302,0.8,0.6343544922162385
coarse,giraffe,hypo,okapi,True,349302,0.9,0.6340283276150259
coarse,giraffe,hypo,okapi,True,349302,1.0,0.6340249934150839
coarse,giraffe,hyper,ruminant,False,349302,0.0,0.0
coarse,giraffe,hyper,ruminant,False,349302,0.1,0.0
coarse,giraffe,hyper,ruminant,False,349302,0.2,0.4437950908871065
coarse,giraffe,hyper,ruminant,False,349302,0.3,0.6560776373664735
coarse,giraffe,hyper,ruminant,False,349302,0.4,0.651180012234779
coarse,giraffe,hyper,ruminant,False,349302,0.5,0.6406765041126274
coarse,giraffe,hyper,ruminant,False,349302,0.6,0.6340094168779428
coarse,giraffe,hyper,ruminant,False,349302,0.7,0.6311431464823971
coarse,giraffe,hyper,ruminant,False,349302,0.8,0.6317576544923086
coarse,giraffe,hyper,ruminant,False,349302,0.9,0.6328590288983423
coarse,giraffe,hyper,ruminant,False,349302,1.0,0.6340628474457253
coarse,giraffe,hyper,ruminant,True,349302,0.0,0.0
coarse,giraffe,hyper,ruminant,True,349302,0.1,0.0
coarse,giraffe,hyper,ruminant,True,349302,0.2,0.454618603154168
coarse,giraffe,hyper,ruminant,True,349302,0.3,0.655922221835035
coarse,giraffe,hyper,ruminant,True,349302,0.4,0.6509376306732285
coarse,giraffe,hyper,ruminant,True,349302,0.5,0.6403522275932141
coarse,giraffe,hyper,ruminant,True,349302,0.6,0.6340153298328203
coarse,giraffe,hyper,ruminant,True,349302,0.7,0.6311995472282624
coarse,giraffe,hyper,ruminant,True,349302,0.8,0.6317623434916135
coarse,giraffe,hyper,ruminant,True,349302,0.9,0.6330711434609063
coarse,giraffe,hyper,ruminant,True,349302,1.0,0.6338493956510287
coarse,giraffe,orig,giraffe,False,359781,0.0,0.7758313832767543
coarse,giraffe,orig,giraffe,False,359781,0.1,0.7803363052314147
coarse,giraffe,orig,giraffe,False,359781,0.2,0.7833235370950888
coarse,giraffe,orig,giraffe,False,359781,0.3,0.7845483514339598
coarse,giraffe,orig,giraffe,False,359781,0.4,0.7851730725641939
coarse,giraffe,orig,giraffe,False,359781,0.5,0.7859180811451231
coarse,giraffe,orig,giraffe,False,359781,0.6,0.7860797869780722
coarse,giraffe,orig,giraffe,False,359781,0.7,0.7866195719925203
coarse,giraffe,orig,giraffe,False,359781,0.8,0.7863994136579459
coarse,giraffe,orig,giraffe,False,359781,0.9,0.7867027198982026
coarse,giraffe,orig,giraffe,False,359781,1.0,0.7868154222688408
coarse,giraffe,orig,giraffe,True,359781,0.0,0.7758313832767543
coarse,giraffe,orig,giraffe,True,359781,0.1,0.7802691317959056
coarse,giraffe,orig,giraffe,True,359781,0.2,0.7832775373560872
coarse,giraffe,orig,giraffe,True,359781,0.3,0.7845340705805822
coarse,giraffe,orig,giraffe,True,359781,0.4,0.7852746825602488
coarse,giraffe,orig,giraffe,True,359781,0.5,0.7860114823893691
coarse,giraffe,orig,giraffe,True,359781,0.6,0.7861704859105205
coarse,giraffe,orig,giraffe,True,359781,0.7,0.7867730536145445
coarse,giraffe,orig,giraffe,True,359781,0.8,0.7867140670832802
coarse,giraffe,orig,giraffe,True,359781,0.9,0.7870647399579859
coarse,giraffe,orig,giraffe,True,359781,1.0,0.7871234401080995
coarse,giraffe,syn,camelopard,False,359781,0.0,0.7888512402131719
coarse,giraffe,syn,camelopard,False,359781,0.1,0.7875205625262072
coarse,giraffe,syn,camelopard,False,359781,0.2,0.7860715598382793
coarse,giraffe,syn,camelopard,False,359781,0.3,0.7852764643135757
coarse,giraffe,syn,camelopard,False,359781,0.4,0.7848610647198231
coarse,giraffe,syn,camelopard,False,359781,0.5,0.7855084003503464
coarse,giraffe,syn,camelopard,False,359781,0.6,0.7860130259881234
coarse,giraffe,syn,camelopard,False,359781,0.7,0.7863698246176023
coarse,giraffe,syn,camelopard,False,359781,0.8,0.7865472150290319
coarse,giraffe,syn,camelopard,False,359781,0.9,0.7867015859159028
coarse,giraffe,syn,camelopard,False,359781,1.0,0.7862668616934828
coarse,giraffe,syn,camelopard,True,359781,0.0,0.7888512402131719
coarse,giraffe,syn,camelopard,True,359781,0.1,0.7874697629414611
coarse,giraffe,syn,camelopard,True,359781,0.2,0.7860715598382793
coarse,giraffe,syn,camelopard,True,359781,0.3,0.7852412036299953
coarse,giraffe,syn,camelopard,True,359781,0.4,0.7848735485923334
coarse,giraffe,syn,camelopard,True,359781,0.5,0.7854731343758958
coarse,giraffe,syn,camelopard,True,359781,0.6,0.7860598029981322
coarse,giraffe,syn,camelopard,True,359781,0.7,0.7863469639453494
coarse,giraffe,syn,camelopard,True,359781,0.8,0.7865783039505855
coarse,giraffe,syn,camelopard,True,359781,0.9,0.7866808944075278
coarse,giraffe,syn,camelopard,True,359781,1.0,0.7862076811806199
coarse,giraffe,hypo,okapi,False,359781,0.0,0.6789087286947539
coarse,giraffe,hypo,okapi,False,359781,0.1,0.7096654011283398
coarse,giraffe,hypo,okapi,False,359781,0.2,0.7141767764298094
coarse,giraffe,hypo,okapi,False,359781,0.3,0.7230339676938625
coarse,giraffe,hypo,okapi,False,359781,0.4,0.760266389317587
coarse,giraffe,hypo,okapi,False,359781,0.5,0.7716584874171748
coarse,giraffe,hypo,okapi,False,359781,0.6,0.7790003912363067
coarse,giraffe,hypo,okapi,False,359781,0.7,0.78321621839916
coarse,giraffe,hypo,okapi,False,359781,0.8,0.784758907496909
coarse,giraffe,hypo,okapi,False,359781,0.9,0.7854134977183572
coarse,giraffe,hypo,okapi,False,359781,1.0,0.786461666453347
coarse,giraffe,hypo,okapi,True,359781,0.0,0.6789087286947539
coarse,giraffe,hypo,okapi,True,359781,0.1,0.7098747916149398
coarse,giraffe,hypo,okapi,True,359781,0.2,0.7140406805502616
coarse,giraffe,hypo,okapi,True,359781,0.3,0.7230919429980817
coarse,giraffe,hypo,okapi,True,359781,0.4,0.7603677358743792
coarse,giraffe,hypo,okapi,True,359781,0.5,0.771624524871922
coarse,giraffe,hypo,okapi,True,359781,0.6,0.7790407540892709
coarse,giraffe,hypo,okapi,True,359781,0.7,0.7833944939297435
coarse,giraffe,hypo,okapi,True,359781,0.8,0.7845516044542284
coarse,giraffe,hypo,okapi,True,359781,0.9,0.7855196512149772
coarse,giraffe,hypo,okapi,True,359781,1.0,0.7862976842509849
coarse,giraffe,hyper,ruminant,False,359781,0.0,0.0
coarse,giraffe,hyper,ruminant,False,359781,0.1,0.0
coarse,giraffe,hyper,ruminant,False,359781,0.2,0.026569542973430456
coarse,giraffe,hyper,ruminant,False,359781,0.3,0.7654649509714577
coarse,giraffe,hyper,ruminant,False,359781,0.4,0.782865380654905
coarse,giraffe,hyper,ruminant,False,359781,0.5,0.7844974162360393
coarse,giraffe,hyper,ruminant,False,359781,0.6,0.7889674449194344
coarse,giraffe,hyper,ruminant,False,359781,0.7,0.7901638277449688
coarse,giraffe,hyper,ruminant,False,359781,0.8,0.788228272791793
coarse,giraffe,hyper,ruminant,False,359781,0.9,0.7872985812415741
coarse,giraffe,hyper,ruminant,False,359781,1.0,0.786461666453347
coarse,giraffe,hyper,ruminant,True,359781,0.0,0.0
coarse,giraffe,hyper,ruminant,True,359781,0.1,0.0
coarse,giraffe,hyper,ruminant,True,359781,0.2,0.033910876966089125
coarse,giraffe,hyper,ruminant,True,359781,0.3,0.7665271204950855
coarse,giraffe,hyper,ruminant,True,359781,0.4,0.7826989381957905
coarse,giraffe,hyper,ruminant,True,359781,0.5,0.7842892144607231
coarse,giraffe,hyper,ruminant,True,359781,0.6,0.7889387734964725
coarse,giraffe,hyper,ruminant,True,359781,0.7,0.7899215724559862
coarse,giraffe,hyper,ruminant,True,359781,0.8,0.7882588413797557
coarse,giraffe,hyper,ruminant,True,359781,0.9,0.7872719681397738
coarse,giraffe,hyper,ruminant,True,359781,1.0,0.7863076849198853
coarse,giraffe,orig,giraffe,False,284296,0.0,0.6289049919484702
coarse,giraffe,orig,giraffe,False,284296,0.1,0.6286079795314624
coarse,giraffe,orig,giraffe,False,284296,0.2,0.6282697574723137
coarse,giraffe,orig,giraffe,False,284296,0.3,0.6280179895849771
coarse,giraffe,orig,giraffe,False,284296,0.4,0.6270509456866508
coarse,giraffe,orig,giraffe,False,284296,0.5,0.6272242339290581
coarse,giraffe,orig,giraffe,False,284296,0.6,0.62590930196564
coarse,giraffe,orig,giraffe,False,284296,0.7,0.6242632045305698
coarse,giraffe,orig,giraffe,False,284296,0.8,0.6219937861992252
coarse,giraffe,orig,giraffe,False,284296,0.9,0.6201737267056978
coarse,giraffe,orig,giraffe,False,284296,1.0,0.6191223170218464
coarse,giraffe,orig,giraffe,True,284296,0.0,0.6289049919484702
coarse,giraffe,orig,giraffe,True,284296,0.1,0.6285474458389959
coarse,giraffe,orig,giraffe,True,284296,0.2,0.6281995317274495
coarse,giraffe,orig,giraffe,True,284296,0.3,0.6279876942494281
coarse,giraffe,orig,giraffe,True,284296,0.4,0.6275845864661654
coarse,giraffe,orig,giraffe,True,284296,0.5,0.6273304012766123
coarse,giraffe,orig,giraffe,True,284296,0.6,0.625981662733568
coarse,giraffe,orig,giraffe,True,284296,0.7,0.6238214354435251
coarse,giraffe,orig,giraffe,True,284296,0.8,0.621470441745527
coarse,giraffe,orig,giraffe,True,284296,0.9,0.6197952479180991
coarse,giraffe,orig,giraffe,True,284296,1.0,0.6188731103985341
coarse,giraffe,syn,camelopard,False,284296,0.0,0.4117377874385082
coarse,giraffe,syn,camelopard,False,284296,0.1,0.6393435486679436
coarse,giraffe,syn,camelopard,False,284296,0.2,0.6266049506943047
coarse,giraffe,syn,camelopard,False,284296,0.3,0.6233398821218075
coarse,giraffe,syn,camelopard,False,284296,0.4,0.6228455822277555
coarse,giraffe,syn,camelopard,False,284296,0.5,0.6233947083397803
coarse,giraffe,syn,camelopard,False,284296,0.6,0.6238528572530269
coarse,giraffe,syn,camelopard,False,284296,0.7,0.6252798147433424
coarse,giraffe,syn,camelopard,False,284296,0.8,0.6254150899683373
coarse,giraffe,syn,camelopard,False,284296,0.9,0.6264561322032587
coarse,giraffe,syn,camelopard,False,284296,1.0,0.627508831864591
coarse,giraffe,syn,camelopard,True,284296,0.0,0.4117377874385082
coarse,giraffe,syn,camelopard,True,284296,0.1,0.6392636434850727
coarse,giraffe,syn,camelopard,True,284296,0.2,0.6266199790710778
coarse,giraffe,syn,camelopard,True,284296,0.3,0.6233643758104445
coarse,giraffe,syn,camelopard,True,284296,0.4,0.6228455822277555
coarse,giraffe,syn,camelopard,True,284296,0.5,0.6234524914887032
coarse,giraffe,syn,camelopard,True,284296,0.6,0.6237902448428764
coarse,giraffe,syn,camelopard,True,284296,0.7,0.6253522214073416
coarse,giraffe,syn,camelopard,True,284296,0.8,0.6255358591125014
coarse,giraffe,syn,camelopard,True,284296,0.9,0.62635958970389
coarse,giraffe,syn,camelopard,True,284296,1.0,0.6277669902912622
coarse,giraffe,hypo,okapi,False,284296,0.0,0.0033387059636196177
coarse,giraffe,hypo,okapi,False,284296,0.1,0.5053673730463318
coarse,giraffe,hypo,okapi,False,284296,0.2,0.6369793280509938
coarse,giraffe,hypo,okapi,False,284296,0.3,0.6397577366630715
coarse,giraffe,hypo,okapi,False,284296,0.4,0.632660389403128
coarse,giraffe,hypo,okapi,False,284296,0.5,0.629523846785868
coarse,giraffe,hypo,okapi,False,284296,0.6,0.626628522828314
coarse,giraffe,hypo,okapi,False,284296,0.7,0.6255669152125451
coarse,giraffe,hypo,okapi,False,284296,0.8,0.6254316629575627
coarse,giraffe,hypo,okapi,False,284296,0.9,0.6242028428736074
coarse,giraffe,hypo,okapi,False,284296,1.0,0.6249469501138161
coarse,giraffe,hypo,okapi,True,284296,0.0,0.0033387059636196177
coarse,giraffe,hypo,okapi,True,284296,0.1,0.5127323162274618
coarse,giraffe,hypo,okapi,True,284296,0.2,0.6368488377222001
coarse,giraffe,hypo,okapi,True,284296,0.3,0.6400629869053539
coarse,giraffe,hypo,okapi,True,284296,0.4,0.6328760567873664
coarse,giraffe,hypo,okapi,True,284296,0.5,0.6297238087786559
coarse,giraffe,hypo,okapi,True,284296,0.6,0.6264878652032771
coarse,giraffe,hypo,okapi,True,284296,0.7,0.6260478351149734
coarse,giraffe,hypo,okapi,True,284296,0.8,0.6258109093700818
coarse,giraffe,hypo,okapi,True,284296,0.9,0.6246829118302714
coarse,giraffe,hypo,okapi,True,284296,1.0,0.6254489283645491
coarse,giraffe,hyper,ruminant,False,284296,0.0,0.0
coarse,giraffe,hyper,ruminant,False,284296,0.1,0.001726916877734285
coarse,giraffe,hyper,ruminant,False,284296,0.2,0.45605353427430695
coarse,giraffe,hyper,ruminant,False,284296,0.3,0.6339492462549029
coarse,giraffe,hyper,ruminant,False,284296,0.4,0.6489737840634702
coarse,giraffe,hyper,ruminant,False,284296,0.5,0.6446101528250092
coarse,giraffe,hyper,ruminant,False,284296,0.6,0.6364285147886766
coarse,giraffe,hyper,ruminant,False,284296,0.7,0.6308285614117097
coarse,giraffe,hyper,ruminant,False,284296,0.8,0.6270846201358864
coarse,giraffe,hyper,ruminant,False,284296,0.9,0.6247017165730121
coarse,giraffe,hyper,ruminant,False,284296,1.0,0.6249469501138161
coarse,giraffe,hyper,ruminant,True,284296,0.0,0.0
coarse,giraffe,hyper,ruminant,True,284296,0.1,0.00195717246143219
coarse,giraffe,hyper,ruminant,True,284296,0.2,0.4595701700241288
coarse,giraffe,hyper,ruminant,True,284296,0.3,0.6351255831487678
coarse,giraffe,hyper,ruminant,True,284296,0.4,0.6490804944226711
coarse,giraffe,hyper,ruminant,True,284296,0.5,0.6443452990053621
coarse,giraffe,hyper,ruminant,True,284296,0.6,0.6364825754271894
coarse,giraffe,hyper,ruminant,True,284296,0.7,0.6308879105466163
coarse,giraffe,hyper,ruminant,True,284296,0.8,0.6272692159134801
coarse,giraffe,hyper,ruminant,True,284296,0.9,0.6250337095966406
coarse,giraffe,hyper,ruminant,True,284296,1.0,0.6252606378870955
coarse,hair drier,orig,hair drier,False,501368,0.0,0.003389535894316009
coarse,hair drier,orig,hair drier,False,501368,0.1,0.004895340985820391
coarse,hair drier,orig,hair drier,False,501368,0.2,0.015239477503628448
coarse,hair drier,orig,hair drier,False,501368,0.3,0.021148036253776436
coarse,hair drier,orig,hair drier,False,501368,0.4,0.0
coarse,hair drier,orig,hair drier,False,501368,0.5,0.0
coarse,hair drier,orig,hair drier,False,501368,0.6,0.0
coarse,hair drier,orig,hair drier,False,501368,0.7,0.0
coarse,hair drier,orig,hair drier,False,501368,0.8,0.0
coarse,hair drier,orig,hair drier,False,501368,0.9,0.0
coarse,hair drier,orig,hair drier,False,501368,1.0,0.0
coarse,hair drier,orig,hair drier,True,501368,0.0,0.003389535894316009
coarse,hair drier,orig,hair drier,True,501368,0.1,0.004923255140457573
coarse,hair drier,orig,hair drier,True,501368,0.2,0.01038961038961039
coarse,hair drier,orig,hair drier,True,501368,0.3,0.024742268041237112
coarse,hair drier,orig,hair drier,True,501368,0.4,0.0
coarse,hair drier,orig,hair drier,True,501368,0.5,0.0
coarse,hair drier,orig,hair drier,True,501368,0.6,0.0
coarse,hair drier,orig,hair drier,True,501368,0.7,0.0
coarse,hair drier,orig,hair drier,True,501368,0.8,0.0
coarse,hair drier,orig,hair drier,True,501368,0.9,0.0
coarse,hair drier,orig,hair drier,True,501368,1.0,0.0
coarse,hair drier,syn,hand blower,False,501368,0.0,0.0
coarse,hair drier,syn,hand blower,False,501368,0.1,0.0
coarse,hair drier,syn,hand blower,False,501368,0.2,0.0
coarse,hair drier,syn,hand blower,False,501368,0.3,0.0
coarse,hair drier,syn,hand blower,False,501368,0.4,0.0
coarse,hair drier,syn,hand blower,False,501368,0.5,0.0
coarse,hair drier,syn,hand blower,False,501368,0.6,0.0
coarse,hair drier,syn,hand blower,False,501368,0.7,0.0
coarse,hair drier,syn,hand blower,False,501368,0.8,0.0
coarse,hair drier,syn,hand blower,False,501368,0.9,0.0
coarse,hair drier,syn,hand blower,False,501368,1.0,0.004921756688541141
coarse,hair drier,syn,hand blower,True,501368,0.0,0.0
coarse,hair drier,syn,hand blower,True,501368,0.1,0.0
coarse,hair drier,syn,hand blower,True,501368,0.2,0.0
coarse,hair drier,syn,hand blower,True,501368,0.3,0.0
coarse,hair drier,syn,hand blower,True,501368,0.4,0.0
coarse,hair drier,syn,hand blower,True,501368,0.5,0.0
coarse,hair drier,syn,hand blower,True,501368,0.6,0.0
coarse,hair drier,syn,hand blower,True,501368,0.7,0.0
coarse,hair drier,syn,hand blower,True,501368,0.8,0.0
coarse,hair drier,syn,hand blower,True,501368,0.9,0.0
coarse,hair drier,syn,hand blower,True,501368,1.0,0.005106048703849175
coarse,hair drier,hyper,dryer,False,501368,0.0,0.0
coarse,hair drier,hyper,dryer,False,501368,0.1,0.0
coarse,hair drier,hyper,dryer,False,501368,0.2,0.0
coarse,hair drier,hyper,dryer,False,501368,0.3,0.0
coarse,hair drier,hyper,dryer,False,501368,0.4,0.0
coarse,hair drier,hyper,dryer,False,501368,0.5,0.0
coarse,hair drier,hyper,dryer,False,501368,0.6,0.0
coarse,hair drier,hyper,dryer,False,501368,0.7,0.0
coarse,hair drier,hyper,dryer,False,501368,0.8,0.0
coarse,hair drier,hyper,dryer,False,501368,0.9,0.0
coarse,hair drier,hyper,dryer,False,501368,1.0,0.0
coarse,hair drier,hyper,dryer,True,501368,0.0,0.0
coarse,hair drier,hyper,dryer,True,501368,0.1,0.0
coarse,hair drier,hyper,dryer,True,501368,0.2,0.0
coarse,hair drier,hyper,dryer,True,501368,0.3,0.0
coarse,hair drier,hyper,dryer,True,501368,0.4,0.0
coarse,hair drier,hyper,dryer,True,501368,0.5,0.0
coarse,hair drier,hyper,dryer,True,501368,0.6,0.0
coarse,hair drier,hyper,dryer,True,501368,0.7,0.0
coarse,hair drier,hyper,dryer,True,501368,0.8,0.0
coarse,hair drier,hyper,dryer,True,501368,0.9,0.0
coarse,hair drier,hyper,dryer,True,501368,1.0,0.0
coarse,hair drier,orig,hair drier,False,239041,0.0,0.3837479270315091
coarse,hair drier,orig,hair drier,False,239041,0.1,0.38682714811099966
coarse,hair drier,orig,hair drier,False,239041,0.2,0.3898648648648649
coarse,hair drier,orig,hair drier,False,239041,0.3,0.394655704008222
coarse,hair drier,orig,hair drier,False,239041,0.4,0.4000697593303104
coarse,hair drier,orig,hair drier,False,239041,0.5,0.4026343894624422
coarse,hair drier,orig,hair drier,False,239041,0.6,0.41081279882309674
coarse,hair drier,orig,hair drier,False,239041,0.7,0.41921898928024504
coarse,hair drier,orig,hair drier,False,239041,0.8,0.42857142857142855
coarse,hair drier,orig,hair drier,False,239041,0.9,0.443111294993794
coarse,hair drier,orig,hair drier,False,239041,1.0,0.4558503697259678
coarse,hair drier,orig,hair drier,True,239041,0.0,0.3837479270315091
coarse,hair drier,orig,hair drier,True,239041,0.1,0.3872155287817938
coarse,hair drier,orig,hair drier,True,239041,0.2,0.3903182125930941
coarse,hair drier,orig,hair drier,True,239041,0.3,0.3953967708691171
coarse,hair drier,orig,hair drier,True,239041,0.4,0.40112005600280015
coarse,hair drier,orig,hair drier,True,239041,0.5,0.40342734737593716
coarse,hair drier,orig,hair drier,True,239041,0.6,0.4117213416881681
coarse,hair drier,orig,hair drier,True,239041,0.7,0.41963943229766015
coarse,hair drier,orig,hair drier,True,239041,0.8,0.42817460317460315
coarse,hair drier,orig,hair drier,True,239041,0.9,0.44279223461379597
coarse,hair drier,orig,hair drier,True,239041,1.0,0.45379965457685667
coarse,hair drier,syn,hand blower,False,239041,0.0,0.0
coarse,hair drier,syn,hand blower,False,239041,0.1,0.010317460317460317
coarse,hair drier,syn,hand blower,False,239041,0.2,0.15165876777251186
coarse,hair drier,syn,hand blower,False,239041,0.3,0.40364963503649637
coarse,hair drier,syn,hand blower,False,239041,0.4,0.5033248081841433
coarse,hair drier,syn,hand blower,False,239041,0.5,0.4733754512635379
coarse,hair drier,syn,hand blower,False,239041,0.6,0.4481745698699119
coarse,hair drier,syn,hand blower,False,239041,0.7,0.4350990699555196
coarse,hair drier,syn,hand blower,False,239041,0.8,0.42857142857142855
coarse,hair drier,syn,hand blower,False,239041,0.9,0.4277821625887924
coarse,hair drier,syn,hand blower,False,239041,1.0,0.43261562998405106
coarse,hair drier,syn,hand blower,True,239041,0.0,0.0
coarse,hair drier,syn,hand blower,True,239041,0.1,0.010317460317460317
coarse,hair drier,syn,hand blower,True,239041,0.2,0.15086887835703003
coarse,hair drier,syn,hand blower,True,239041,0.3,0.3972201901975128
coarse,hair drier,syn,hand blower,True,239041,0.4,0.5038402457757296
coarse,hair drier,syn,hand blower,True,239041,0.5,0.4748527412777526
coarse,hair drier,syn,hand blower,True,239041,0.6,0.4486963835155593
coarse,hair drier,syn,hand blower,True,239041,0.7,0.435803969218307
coarse,hair drier,syn,hand blower,True,239041,0.8,0.42970927917164475
coarse,hair drier,syn,hand blower,True,239041,0.9,0.42862791617240015
coarse,hair drier,syn,hand blower,True,239041,1.0,0.43337334933973587
coarse,hair drier,hyper,dryer,False,239041,0.0,0.0
coarse,hair drier,hyper,dryer,False,239041,0.1,0.0
coarse,hair drier,hyper,dryer,False,239041,0.2,0.0
coarse,hair drier,hyper,dryer,False,239041,0.3,0.21181102362204723
coarse,hair drier,hyper,dryer,False,239041,0.4,0.5218023255813954
coarse,hair drier,hyper,dryer,False,239041,0.5,0.49027072758037227
coarse,hair drier,hyper,dryer,False,239041,0.6,0.46645743428795605
coarse,hair drier,hyper,dryer,False,239041,0.7,0.44662391550358355
coarse,hair drier,hyper,dryer,False,239041,0.8,0.43090033345683587
coarse,hair drier,hyper,dryer,False,239041,0.9,0.4239335598338996
coarse,hair drier,hyper,dryer,False,239041,1.0,0.42857142857142855
coarse,hair drier,hyper,dryer,True,239041,0.0,0.0
coarse,hair drier,hyper,dryer,True,239041,0.1,0.0
coarse,hair drier,hyper,dryer,True,239041,0.2,0.0
coarse,hair drier,hyper,dryer,True,239041,0.3,0.21916732128829536
coarse,hair drier,hyper,dryer,True,239041,0.4,0.5220125786163522
coarse,hair drier,hyper,dryer,True,239041,0.5,0.490080202617138
coarse,hair drier,hyper,dryer,True,239041,0.6,0.4667188723570869
coarse,hair drier,hyper,dryer,True,239041,0.7,0.4465763732129421
coarse,hair drier,hyper,dryer,True,239041,0.8,0.4319022945965951
coarse,hair drier,hyper,dryer,True,239041,0.9,0.4238310708898944
coarse,hair drier,hyper,dryer,True,239041,1.0,0.4280618311533888
coarse,hair drier,orig,hair drier,False,384136,0.0,0.0
coarse,hair drier,orig,hair drier,False,384136,0.1,0.0
coarse,hair drier,orig,hair drier,False,384136,0.2,0.0
coarse,hair drier,orig,hair drier,False,384136,0.3,0.0
coarse,hair drier,orig,hair drier,False,384136,0.4,0.0
coarse,hair drier,orig,hair drier,False,384136,0.5,0.0
coarse,hair drier,orig,hair drier,False,384136,0.6,0.0
coarse,hair drier,orig,hair drier,False,384136,0.7,0.0
coarse,hair drier,orig,hair drier,False,384136,0.8,0.0
coarse,hair drier,orig,hair drier,False,384136,0.9,0.0
coarse,hair drier,orig,hair drier,False,384136,1.0,0.0
coarse,hair drier,orig,hair drier,True,384136,0.0,0.0
coarse,hair drier,orig,hair drier,True,384136,0.1,0.0
coarse,hair drier,orig,hair drier,True,384136,0.2,0.0
coarse,hair drier,orig,hair drier,True,384136,0.3,0.0
coarse,hair drier,orig,hair drier,True,384136,0.4,0.0
coarse,hair drier,orig,hair drier,True,384136,0.5,0.0
coarse,hair drier,orig,hair drier,True,384136,0.6,0.0
coarse,hair drier,orig,hair drier,True,384136,0.7,0.0
coarse,hair drier,orig,hair drier,True,384136,0.8,0.0
coarse,hair drier,orig,hair drier,True,384136,0.9,0.0
coarse,hair drier,orig,hair drier,True,384136,1.0,0.0
coarse,hair drier,syn,hand blower,False,384136,0.0,0.0
coarse,hair drier,syn,hand blower,False,384136,0.1,0.0
coarse,hair drier,syn,hand blower,False,384136,0.2,0.0
coarse,hair drier,syn,hand blower,False,384136,0.3,0.0
coarse,hair drier,syn,hand blower,False,384136,0.4,0.0
coarse,hair drier,syn,hand blower,False,384136,0.5,0.0
coarse,hair drier,syn,hand blower,False,384136,0.6,0.0
coarse,hair drier,syn,hand blower,False,384136,0.7,0.0
coarse,hair drier,syn,hand blower,False,384136,0.8,0.0
coarse,hair drier,syn,hand blower,False,384136,0.9,0.0
coarse,hair drier,syn,hand blower,False,384136,1.0,0.0
coarse,hair drier,syn,hand blower,True,384136,0.0,0.0
coarse,hair drier,syn,hand blower,True,384136,0.1,0.0
coarse,hair drier,syn,hand blower,True,384136,0.2,0.0
coarse,hair drier,syn,hand blower,True,384136,0.3,0.0
coarse,hair drier,syn,hand blower,True,384136,0.4,0.0
coarse,hair drier,syn,hand blower,True,384136,0.5,0.0
coarse,hair drier,syn,hand blower,True,384136,0.6,0.0
coarse,hair drier,syn,hand blower,True,384136,0.7,0.0
coarse,hair drier,syn,hand blower,True,384136,0.8,0.0
coarse,hair drier,syn,hand blower,True,384136,0.9,0.0
coarse,hair drier,syn,hand blower,True,384136,1.0,0.0
coarse,hair drier,hyper,dryer,False,384136,0.0,0.0
coarse,hair drier,hyper,dryer,False,384136,0.1,0.0
coarse,hair drier,hyper,dryer,False,384136,0.2,0.0
coarse,hair drier,hyper,dryer,False,384136,0.3,0.0
coarse,hair drier,hyper,dryer,False,384136,0.4,0.0
coarse,hair drier,hyper,dryer,False,384136,0.5,0.0
coarse,hair drier,hyper,dryer,False,384136,0.6,0.0
coarse,hair drier,hyper,dryer,False,384136,0.7,0.0
coarse,hair drier,hyper,dryer,False,384136,0.8,0.0
coarse,hair drier,hyper,dryer,False,384136,0.9,0.0
coarse,hair drier,hyper,dryer,False,384136,1.0,0.0
coarse,hair drier,hyper,dryer,True,384136,0.0,0.0
coarse,hair drier,hyper,dryer,True,384136,0.1,0.0
coarse,hair drier,hyper,dryer,True,384136,0.2,0.0
coarse,hair drier,hyper,dryer,True,384136,0.3,0.0
coarse,hair drier,hyper,dryer,True,384136,0.4,0.0
coarse,hair drier,hyper,dryer,True,384136,0.5,0.0
coarse,hair drier,hyper,dryer,True,384136,0.6,0.0
coarse,hair drier,hyper,dryer,True,384136,0.7,0.0
coarse,hair drier,hyper,dryer,True,384136,0.8,0.0
coarse,hair drier,hyper,dryer,True,384136,0.9,0.0
coarse,hair drier,hyper,dryer,True,384136,1.0,0.0
coarse,hair drier,orig,hair drier,False,178028,0.0,0.06845965770171149
coarse,hair drier,orig,hair drier,False,178028,0.1,0.037037037037037035
coarse,hair drier,orig,hair drier,False,178028,0.2,0.0035317860746720484
coarse,hair drier,orig,hair drier,False,178028,0.3,0.0
coarse,hair drier,orig,hair drier,False,178028,0.4,0.0
coarse,hair drier,orig,hair drier,False,178028,0.5,0.0
coarse,hair drier,orig,hair drier,False,178028,0.6,0.0
coarse,hair drier,orig,hair drier,False,178028,0.7,0.0
coarse,hair drier,orig,hair drier,False,178028,0.8,0.0
coarse,hair drier,orig,hair drier,False,178028,0.9,0.0
coarse,hair drier,orig,hair drier,False,178028,1.0,0.0
coarse,hair drier,orig,hair drier,True,178028,0.0,0.06845965770171149
coarse,hair drier,orig,hair drier,True,178028,0.1,0.03803803803803804
coarse,hair drier,orig,hair drier,True,178028,0.2,0.004540867810292634
coarse,hair drier,orig,hair drier,True,178028,0.3,0.0
coarse,hair drier,orig,hair drier,True,178028,0.4,0.0
coarse,hair drier,orig,hair drier,True,178028,0.5,0.0
coarse,hair drier,orig,hair drier,True,178028,0.6,0.0
coarse,hair drier,orig,hair drier,True,178028,0.7,0.0
coarse,hair drier,orig,hair drier,True,178028,0.8,0.0
coarse,hair drier,orig,hair drier,True,178028,0.9,0.0
coarse,hair drier,orig,hair drier,True,178028,1.0,0.0
coarse,hair drier,syn,hand blower,False,178028,0.0,0.0
coarse,hair drier,syn,hand blower,False,178028,0.1,0.0
coarse,hair drier,syn,hand blower,False,178028,0.2,0.0
coarse,hair drier,syn,hand blower,False,178028,0.3,0.0
coarse,hair drier,syn,hand blower,False,178028,0.4,0.0
coarse,hair drier,syn,hand blower,False,178028,0.5,0.0
coarse,hair drier,syn,hand blower,False,178028,0.6,0.0
coarse,hair drier,syn,hand blower,False,178028,0.7,0.0
coarse,hair drier,syn,hand blower,False,178028,0.8,0.0
coarse,hair drier,syn,hand blower,False,178028,0.9,0.0
coarse,hair drier,syn,hand blower,False,178028,1.0,0.0
coarse,hair drier,syn,hand blower,True,178028,0.0,0.0
coarse,hair drier,syn,hand blower,True,178028,0.1,0.0
coarse,hair drier,syn,hand blower,True,178028,0.2,0.0
coarse,hair drier,syn,hand blower,True,178028,0.3,0.0
coarse,hair drier,syn,hand blower,True,178028,0.4,0.0
coarse,hair drier,syn,hand blower,True,178028,0.5,0.0
coarse,hair drier,syn,hand blower,True,178028,0.6,0.0
coarse,hair drier,syn,hand blower,True,178028,0.7,0.0
coarse,hair drier,syn,hand blower,True,178028,0.8,0.0
coarse,hair drier,syn,hand blower,True,178028,0.9,0.0
coarse,hair drier,syn,hand blower,True,178028,1.0,0.0
coarse,hair drier,hyper,dryer,False,178028,0.0,0.0
coarse,hair drier,hyper,dryer,False,178028,0.1,0.0
coarse,hair drier,hyper,dryer,False,178028,0.2,0.0
coarse,hair drier,hyper,dryer,False,178028,0.3,0.0
coarse,hair drier,hyper,dryer,False,178028,0.4,0.0
coarse,hair drier,hyper,dryer,False,178028,0.5,0.0
coarse,hair drier,hyper,dryer,False,178028,0.6,0.0
coarse,hair drier,hyper,dryer,False,178028,0.7,0.0
coarse,hair drier,hyper,dryer,False,178028,0.8,0.0
coarse,hair drier,hyper,dryer,False,178028,0.9,0.0
coarse,hair drier,hyper,dryer,False,178028,1.0,0.0
coarse,hair drier,hyper,dryer,True,178028,0.0,0.0
coarse,hair drier,hyper,dryer,True,178028,0.1,0.0
coarse,hair drier,hyper,dryer,True,178028,0.2,0.0
coarse,hair drier,hyper,dryer,True,178028,0.3,0.0
coarse,hair drier,hyper,dryer,True,178028,0.4,0.0
coarse,hair drier,hyper,dryer,True,178028,0.5,0.0
coarse,hair drier,hyper,dryer,True,178028,0.6,0.0
coarse,hair drier,hyper,dryer,True,178028,0.7,0.0
coarse,hair drier,hyper,dryer,True,178028,0.8,0.0
coarse,hair drier,hyper,dryer,True,178028,0.9,0.0
coarse,hair drier,hyper,dryer,True,178028,1.0,0.0
coarse,hair drier,orig,hair drier,False,569976,0.0,0.30354784752178887
coarse,hair drier,orig,hair drier,False,569976,0.1,0.2509139545251895
coarse,hair drier,orig,hair drier,False,569976,0.2,0.16426253155427334
coarse,hair drier,orig,hair drier,False,569976,0.3,0.10070044573819703
coarse,hair drier,orig,hair drier,False,569976,0.4,0.06882035325340899
coarse,hair drier,orig,hair drier,False,569976,0.5,0.023544559919065577
coarse,hair drier,orig,hair drier,False,569976,0.6,0.005344084005250328
coarse,hair drier,orig,hair drier,False,569976,0.7,0.0005656641840294145
coarse,hair drier,orig,hair drier,False,569976,0.8,0.0
coarse,hair drier,orig,hair drier,False,569976,0.9,0.0
coarse,hair drier,orig,hair drier,False,569976,1.0,0.0
coarse,hair drier,orig,hair drier,True,569976,0.0,0.30354784752178887
coarse,hair drier,orig,hair drier,True,569976,0.1,0.25316455696202533
coarse,hair drier,orig,hair drier,True,569976,0.2,0.17042177361211247
coarse,hair drier,orig,hair drier,True,569976,0.3,0.10359869138495092
coarse,hair drier,orig,hair drier,True,569976,0.4,0.0738132260129882
coarse,hair drier,orig,hair drier,True,569976,0.5,0.028064041221935957
coarse,hair drier,orig,hair drier,True,569976,0.6,0.008793264733395697
coarse,hair drier,orig,hair drier,True,569976,0.7,0.00028323262839879157
coarse,hair drier,orig,hair drier,True,569976,0.8,0.0
coarse,hair drier,orig,hair drier,True,569976,0.9,0.0
coarse,hair drier,orig,hair drier,True,569976,1.0,0.0
coarse,hair drier,syn,hand blower,False,569976,0.0,0.0
coarse,hair drier,syn,hand blower,False,569976,0.1,9.46880030300161e-05
coarse,hair drier,syn,hand blower,False,569976,0.2,0.0014910073618488492
coarse,hair drier,syn,hand blower,False,569976,0.3,0.003230272265805261
coarse,hair drier,syn,hand blower,False,569976,0.4,0.0032266986263482992
coarse,hair drier,syn,hand blower,False,569976,0.5,0.0017604002594274067
coarse,hair drier,syn,hand blower,False,569976,0.6,0.001307433694434068
coarse,hair drier,syn,hand blower,False,569976,0.7,0.00037775049579752575
coarse,hair drier,syn,hand blower,False,569976,0.8,0.0
coarse,hair drier,syn,hand blower,False,569976,0.9,0.0
coarse,hair drier,syn,hand blower,False,569976,1.0,0.00511315216362087
coarse,hair drier,syn,hand blower,True,569976,0.0,0.0
coarse,hair drier,syn,hand blower,True,569976,0.1,9.46880030300161e-05
coarse,hair drier,syn,hand blower,True,569976,0.2,0.0014912853015192468
coarse,hair drier,syn,hand blower,True,569976,0.3,0.003230272265805261
coarse,hair drier,syn,hand blower,True,569976,0.4,0.0032266986263482992
coarse,hair drier,syn,hand blower,True,569976,0.5,0.0017608897126969417
coarse,hair drier,syn,hand blower,True,569976,0.6,0.0012144992526158444
coarse,hair drier,syn,hand blower,True,569976,0.7,0.0003779289493575208
coarse,hair drier,syn,hand blower,True,569976,0.8,0.0
coarse,hair drier,syn,hand blower,True,569976,0.9,0.0
coarse,hair drier,syn,hand blower,True,569976,1.0,0.0041694304936984745
coarse,hair drier,hyper,dryer,False,569976,0.0,0.0
coarse,hair drier,hyper,dryer,False,569976,0.1,0.0
coarse,hair drier,hyper,dryer,False,569976,0.2,0.0
coarse,hair drier,hyper,dryer,False,569976,0.3,0.0
coarse,hair drier,hyper,dryer,False,569976,0.4,0.0
coarse,hair drier,hyper,dryer,False,569976,0.5,0.0
coarse,hair drier,hyper,dryer,False,569976,0.6,0.0
coarse,hair drier,hyper,dryer,False,569976,0.7,0.0
coarse,hair drier,hyper,dryer,False,569976,0.8,0.0
coarse,hair drier,hyper,dryer,False,569976,0.9,0.0
coarse,hair drier,hyper,dryer,False,569976,1.0,0.0
coarse,hair drier,hyper,dryer,True,569976,0.0,0.0
coarse,hair drier,hyper,dryer,True,569976,0.1,0.0
coarse,hair drier,hyper,dryer,True,569976,0.2,0.0
coarse,hair drier,hyper,dryer,True,569976,0.3,0.0
coarse,hair drier,hyper,dryer,True,569976,0.4,0.0
coarse,hair drier,hyper,dryer,True,569976,0.5,0.0
coarse,hair drier,hyper,dryer,True,569976,0.6,0.0
coarse,hair drier,hyper,dryer,True,569976,0.7,0.0
coarse,hair drier,hyper,dryer,True,569976,0.8,0.0
coarse,hair drier,hyper,dryer,True,569976,0.9,0.0
coarse,hair drier,hyper,dryer,True,569976,1.0,0.0
coarse,pizza,orig,pizza,False,309678,0.0,0.9014068793163079
coarse,pizza,orig,pizza,False,309678,0.1,0.9009422377029048
coarse,pizza,orig,pizza,False,309678,0.2,0.9009455049398721
coarse,pizza,orig,pizza,False,309678,0.3,0.9009130989414319
coarse,pizza,orig,pizza,False,309678,0.4,0.9013490630572034
coarse,pizza,orig,pizza,False,309678,0.5,0.9012839378587556
coarse,pizza,orig,pizza,False,309678,0.6,0.9009885401320302
coarse,pizza,orig,pizza,False,309678,0.7,0.9008737164474869
coarse,pizza,orig,pizza,False,309678,0.8,0.9007368681974897
coarse,pizza,orig,pizza,False,309678,0.9,0.9005860475600135
coarse,pizza,orig,pizza,False,309678,1.0,0.9006174091349513
coarse,pizza,orig,pizza,True,309678,0.0,0.9014068793163079
coarse,pizza,orig,pizza,True,309678,0.1,0.9009422377029048
coarse,pizza,orig,pizza,True,309678,0.2,0.9009455049398721
coarse,pizza,orig,pizza,True,309678,0.3,0.9009130989414319
coarse,pizza,orig,pizza,True,309678,0.4,0.9013490630572034
coarse,pizza,orig,pizza,True,309678,0.5,0.9012839378587556
coarse,pizza,orig,pizza,True,309678,0.6,0.9009885401320302
coarse,pizza,orig,pizza,True,309678,0.7,0.9008737164474869
coarse,pizza,orig,pizza,True,309678,0.8,0.9007368681974897
coarse,pizza,orig,pizza,True,309678,0.9,0.9005860475600135
coarse,pizza,orig,pizza,True,309678,1.0,0.9006174091349513
coarse,pizza,syn,pizza pie,False,309678,0.0,0.9006174091349513
coarse,pizza,syn,pizza pie,False,309678,0.1,0.9005860475600135
coarse,pizza,syn,pizza pie,False,309678,0.2,0.9007368681974897
coarse,pizza,syn,pizza pie,False,309678,0.3,0.9008737164474869
coarse,pizza,syn,pizza pie,False,309678,0.4,0.9009885401320302
coarse,pizza,syn,pizza pie,False,309678,0.5,0.9012839378587556
coarse,pizza,syn,pizza pie,False,309678,0.6,0.9013490630572034
coarse,pizza,syn,pizza pie,False,309678,0.7,0.9009130989414319
coarse,pizza,syn,pizza pie,False,309678,0.8,0.9009455049398721
coarse,pizza,syn,pizza pie,False,309678,0.9,0.9009422377029048
coarse,pizza,syn,pizza pie,False,309678,1.0,0.9014068793163079
coarse,pizza,syn,pizza pie,True,309678,0.0,0.9006174091349513
coarse,pizza,syn,pizza pie,True,309678,0.1,0.9005860475600135
coarse,pizza,syn,pizza pie,True,309678,0.2,0.9007368681974897
coarse,pizza,syn,pizza pie,True,309678,0.3,0.9008737164474869
coarse,pizza,syn,pizza pie,True,309678,0.4,0.9009885401320302
coarse,pizza,syn,pizza pie,True,309678,0.5,0.9012839378587556
coarse,pizza,syn,pizza pie,True,309678,0.6,0.9013490630572034
coarse,pizza,syn,pizza pie,True,309678,0.7,0.9009130989414319
coarse,pizza,syn,pizza pie,True,309678,0.8,0.9009455049398721
coarse,pizza,syn,pizza pie,True,309678,0.9,0.9009422377029048
coarse,pizza,syn,pizza pie,True,309678,1.0,0.9014068793163079
coarse,pizza,hypo,anchovy pizza,False,309678,0.0,0.0
coarse,pizza,hypo,anchovy pizza,False,309678,0.1,0.0
coarse,pizza,hypo,anchovy pizza,False,309678,0.2,0.0
coarse,pizza,hypo,anchovy pizza,False,309678,0.3,0.0
coarse,pizza,hypo,anchovy pizza,False,309678,0.4,1.1720856091328911e-05
coarse,pizza,hypo,anchovy pizza,False,309678,0.5,0.04391804777420943
coarse,pizza,hypo,anchovy pizza,False,309678,0.6,0.5684899485741001
coarse,pizza,hypo,anchovy pizza,False,309678,0.7,0.8329731362706823
coarse,pizza,hypo,anchovy pizza,False,309678,0.8,0.8867807368566303
coarse,pizza,hypo,anchovy pizza,False,309678,0.9,0.89844973556983
coarse,pizza,hypo,anchovy pizza,False,309678,1.0,0.9012839378587556
coarse,pizza,hypo,anchovy pizza,True,309678,0.0,0.0
coarse,pizza,hypo,anchovy pizza,True,309678,0.1,0.0
coarse,pizza,hypo,anchovy pizza,True,309678,0.2,0.0
coarse,pizza,hypo,anchovy pizza,True,309678,0.3,0.0
coarse,pizza,hypo,anchovy pizza,True,309678,0.4,1.1720856091328911e-05
coarse,pizza,hypo,anchovy pizza,True,309678,0.5,0.044035256335122716
coarse,pizza,hypo,anchovy pizza,True,309678,0.6,0.5685016362786349
coarse,pizza,hypo,anchovy pizza,True,309678,0.7,0.8329034207101692
coarse,pizza,hypo,anchovy pizza,True,309678,0.8,0.8866861387732573
coarse,pizza,hypo,anchovy pizza,True,309678,0.9,0.8984882190039497
coarse,pizza,hypo,anchovy pizza,True,309678,1.0,0.9012570350149968
coarse,pizza,hyper,dish,False,309678,0.0,0.5156760938812763
coarse,pizza,hyper,dish,False,309678,0.1,0.5431268135582411
coarse,pizza,hyper,dish,False,309678,0.2,0.6053986243889778
coarse,pizza,hyper,dish,False,309678,0.3,0.5916013242725213
coarse,pizza,hyper,dish,False,309678,0.4,0.0162568273986732
coarse,pizza,hyper,dish,False,309678,0.5,0.04800862655008322
coarse,pizza,hyper,dish,False,309678,0.6,0.24376368127172907
coarse,pizza,hyper,dish,False,309678,0.7,0.6112238235156943
coarse,pizza,hyper,dish,False,309678,0.8,0.8688834068772222
coarse,pizza,hyper,dish,False,309678,0.9,0.8971852965633508
coarse,pizza,hyper,dish,False,309678,1.0,0.9012839378587556
coarse,pizza,hyper,dish,True,309678,0.0,0.5156760938812763
coarse,pizza,hyper,dish,True,309678,0.1,0.5430956419707424
coarse,pizza,hyper,dish,True,309678,0.2,0.6053155140348601
coarse,pizza,hyper,dish,True,309678,0.3,0.5921055688497548
coarse,pizza,hyper,dish,True,309678,0.4,0.0162568273986732
coarse,pizza,hyper,dish,True,309678,0.5,0.04833681052064043
coarse,pizza,hyper,dish,True,309678,0.6,0.24387788547080583
coarse,pizza,hyper,dish,True,309678,0.7,0.612588032274614
coarse,pizza,hyper,dish,True,309678,0.8,0.8692585643805156
coarse,pizza,hyper,dish,True,309678,0.9,0.897235542697026
coarse,pizza,hyper,dish,True,309678,1.0,0.9013568764882958
coarse,pizza,orig,pizza,False,312552,0.0,0.6976976976976977
coarse,pizza,orig,pizza,False,312552,0.1,0.695085255767302
coarse,pizza,orig,pizza,False,312552,0.2,0.6921529175050302
coarse,pizza,orig,pizza,False,312552,0.3,0.6898989898989899
coarse,pizza,orig,pizza,False,312552,0.4,0.6882591093117408
coarse,pizza,orig,pizza,False,312552,0.5,0.6886409736308317
coarse,pizza,orig,pizza,False,312552,0.6,0.6873727087576375
coarse,pizza,orig,pizza,False,312552,0.7,0.6871165644171779
coarse,pizza,orig,pizza,False,312552,0.8,0.6841025641025641
coarse,pizza,orig,pizza,False,312552,0.9,0.6834532374100719
coarse,pizza,orig,pizza,False,312552,1.0,0.6838842975206612
coarse,pizza,orig,pizza,True,312552,0.0,0.6976976976976977
coarse,pizza,orig,pizza,True,312552,0.1,0.695085255767302
coarse,pizza,orig,pizza,True,312552,0.2,0.6921529175050302
coarse,pizza,orig,pizza,True,312552,0.3,0.6898989898989899
coarse,pizza,orig,pizza,True,312552,0.4,0.6882591093117408
coarse,pizza,orig,pizza,True,312552,0.5,0.6886409736308317
coarse,pizza,orig,pizza,True,312552,0.6,0.6873727087576375
coarse,pizza,orig,pizza,True,312552,0.7,0.6871165644171779
coarse,pizza,orig,pizza,True,312552,0.8,0.6841025641025641
coarse,pizza,orig,pizza,True,312552,0.9,0.6834532374100719
coarse,pizza,orig,pizza,True,312552,1.0,0.6838842975206612
coarse,pizza,syn,pizza pie,False,312552,0.0,0.6838842975206612
coarse,pizza,syn,pizza pie,False,312552,0.1,0.6834532374100719
coarse,pizza,syn,pizza pie,False,312552,0.2,0.6841025641025641
coarse,pizza,syn,pizza pie,False,312552,0.3,0.6871165644171779
coarse,pizza,syn,pizza pie,False,312552,0.4,0.6873727087576375
coarse,pizza,syn,pizza pie,False,312552,0.5,0.6886409736308317
coarse,pizza,syn,pizza pie,False,312552,0.6,0.6882591093117408
coarse,pizza,syn,pizza pie,False,312552,0.7,0.6898989898989899
coarse,pizza,syn,pizza pie,False,312552,0.8,0.6921529175050302
coarse,pizza,syn,pizza pie,False,312552,0.9,0.695085255767302
coarse,pizza,syn,pizza pie,False,312552,1.0,0.6976976976976977
coarse,pizza,syn,pizza pie,True,312552,0.0,0.6838842975206612
coarse,pizza,syn,pizza pie,True,312552,0.1,0.6834532374100719
coarse,pizza,syn,pizza pie,True,312552,0.2,0.6841025641025641
coarse,pizza,syn,pizza pie,True,312552,0.3,0.6871165644171779
coarse,pizza,syn,pizza pie,True,312552,0.4,0.6873727087576375
coarse,pizza,syn,pizza pie,True,312552,0.5,0.6886409736308317
coarse,pizza,syn,pizza pie,True,312552,0.6,0.6882591093117408
coarse,pizza,syn,pizza pie,True,312552,0.7,0.6898989898989899
coarse,pizza,syn,pizza pie,True,312552,0.8,0.6921529175050302
coarse,pizza,syn,pizza pie,True,312552,0.9,0.695085255767302
coarse,pizza,syn,pizza pie,True,312552,1.0,0.6976976976976977
coarse,pizza,hypo,anchovy pizza,False,312552,0.0,0.7075471698113207
coarse,pizza,hypo,anchovy pizza,False,312552,0.1,0.7092419522326064
coarse,pizza,hypo,anchovy pizza,False,312552,0.2,0.7078189300411523
coarse,pizza,hypo,anchovy pizza,False,312552,0.3,0.7033639143730887
coarse,pizza,hypo,anchovy pizza,False,312552,0.4,0.700507614213198
coarse,pizza,hypo,anchovy pizza,False,312552,0.5,0.7002032520325203
coarse,pizza,hypo,anchovy pizza,False,312552,0.6,0.6951219512195121
coarse,pizza,hypo,anchovy pizza,False,312552,0.7,0.6937119675456389
coarse,pizza,hypo,anchovy pizza,False,312552,0.8,0.6937119675456389
coarse,pizza,hypo,anchovy pizza,False,312552,0.9,0.6896551724137931
coarse,pizza,hypo,anchovy pizza,False,312552,1.0,0.6886409736308317
coarse,pizza,hypo,anchovy pizza,True,312552,0.0,0.7075471698113207
coarse,pizza,hypo,anchovy pizza,True,312552,0.1,0.7092419522326064
coarse,pizza,hypo,anchovy pizza,True,312552,0.2,0.7078189300411523
coarse,pizza,hypo,anchovy pizza,True,312552,0.3,0.7033639143730887
coarse,pizza,hypo,anchovy pizza,True,312552,0.4,0.700507614213198
coarse,pizza,hypo,anchovy pizza,True,312552,0.5,0.6991869918699187
coarse,pizza,hypo,anchovy pizza,True,312552,0.6,0.6951219512195121
coarse,pizza,hypo,anchovy pizza,True,312552,0.7,0.6937119675456389
coarse,pizza,hypo,anchovy pizza,True,312552,0.8,0.6937119675456389
coarse,pizza,hypo,anchovy pizza,True,312552,0.9,0.6896551724137931
coarse,pizza,hypo,anchovy pizza,True,312552,1.0,0.6886409736308317
coarse,pizza,hyper,dish,False,312552,0.0,0.0
coarse,pizza,hyper,dish,False,312552,0.1,0.0
coarse,pizza,hyper,dish,False,312552,0.2,0.00842911877394636
coarse,pizza,hyper,dish,False,312552,0.3,0.22276853252647505
coarse,pizza,hyper,dish,False,312552,0.4,0.25885039969547013
coarse,pizza,hyper,dish,False,312552,0.5,0.29809725158562367
coarse,pizza,hyper,dish,False,312552,0.6,0.6212914485165794
coarse,pizza,hyper,dish,False,312552,0.7,0.7039603960396039
coarse,pizza,hyper,dish,False,312552,0.8,0.7017892644135189
coarse,pizza,hyper,dish,False,312552,0.9,0.6957831325301205
coarse,pizza,hyper,dish,False,312552,1.0,0.6886409736308317
coarse,pizza,hyper,dish,True,312552,0.0,0.0
coarse,pizza,hyper,dish,True,312552,0.1,0.0
coarse,pizza,hyper,dish,True,312552,0.2,0.00842911877394636
coarse,pizza,hyper,dish,True,312552,0.3,0.22276853252647505
coarse,pizza,hyper,dish,True,312552,0.4,0.258751902587519
coarse,pizza,hyper,dish,True,312552,0.5,0.29797125950972103
coarse,pizza,hyper,dish,True,312552,0.6,0.6202090592334495
coarse,pizza,hyper,dish,True,312552,0.7,0.7039603960396039
coarse,pizza,hyper,dish,True,312552,0.8,0.7017892644135189
coarse,pizza,hyper,dish,True,312552,0.9,0.6957831325301205
coarse,pizza,hyper,dish,True,312552,1.0,0.6879432624113475
coarse,pizza,orig,pizza,False,342186,0.0,0.9725007149225361
coarse,pizza,orig,pizza,False,342186,0.1,0.9725393526892757
coarse,pizza,orig,pizza,False,342186,0.2,0.9725657869818999
coarse,pizza,orig,pizza,False,342186,0.3,0.9724827806874252
coarse,pizza,orig,pizza,False,342186,0.4,0.9724485068025778
coarse,pizza,orig,pizza,False,342186,0.5,0.9723905950985929
coarse,pizza,orig,pizza,False,342186,0.6,0.9722474190268455
coarse,pizza,orig,pizza,False,342186,0.7,0.9718794750159464
coarse,pizza,orig,pizza,False,342186,0.8,0.9707831618303241
coarse,pizza,orig,pizza,False,342186,0.9,0.9684219889699341
coarse,pizza,orig,pizza,False,342186,1.0,0.9633214294802738
coarse,pizza,orig,pizza,True,342186,0.0,0.9725007149225361
coarse,pizza,orig,pizza,True,342186,0.1,0.9725393526892757
coarse,pizza,orig,pizza,True,342186,0.2,0.9725657869818999
coarse,pizza,orig,pizza,True,342186,0.3,0.9724827806874252
coarse,pizza,orig,pizza,True,342186,0.4,0.9724485068025778
coarse,pizza,orig,pizza,True,342186,0.5,0.9723905950985929
coarse,pizza,orig,pizza,True,342186,0.6,0.9722474190268455
coarse,pizza,orig,pizza,True,342186,0.7,0.9718794750159464
coarse,pizza,orig,pizza,True,342186,0.8,0.9707831618303241
coarse,pizza,orig,pizza,True,342186,0.9,0.9684219889699341
coarse,pizza,orig,pizza,True,342186,1.0,0.9633214294802738
coarse,pizza,syn,pizza pie,False,342186,0.0,0.9633214294802738
coarse,pizza,syn,pizza pie,False,342186,0.1,0.9684219889699341
coarse,pizza,syn,pizza pie,False,342186,0.2,0.9707831618303241
coarse,pizza,syn,pizza pie,False,342186,0.3,0.9718794750159464
coarse,pizza,syn,pizza pie,False,342186,0.4,0.9722474190268455
coarse,pizza,syn,pizza pie,False,342186,0.5,0.9723905950985929
coarse,pizza,syn,pizza pie,False,342186,0.6,0.9724485068025778
coarse,pizza,syn,pizza pie,False,342186,0.7,0.9724827806874252
coarse,pizza,syn,pizza pie,False,342186,0.8,0.9725657869818999
coarse,pizza,syn,pizza pie,False,342186,0.9,0.9725393526892757
coarse,pizza,syn,pizza pie,False,342186,1.0,0.9725007149225361
coarse,pizza,syn,pizza pie,True,342186,0.0,0.9633214294802738
coarse,pizza,syn,pizza pie,True,342186,0.1,0.9684219889699341
coarse,pizza,syn,pizza pie,True,342186,0.2,0.9707831618303241
coarse,pizza,syn,pizza pie,True,342186,0.3,0.9718794750159464
coarse,pizza,syn,pizza pie,True,342186,0.4,0.9722474190268455
coarse,pizza,syn,pizza pie,True,342186,0.5,0.9723905950985929
coarse,pizza,syn,pizza pie,True,342186,0.6,0.9724485068025778
coarse,pizza,syn,pizza pie,True,342186,0.7,0.9724827806874252
coarse,pizza,syn,pizza pie,True,342186,0.8,0.9725657869818999
coarse,pizza,syn,pizza pie,True,342186,0.9,0.9725393526892757
coarse,pizza,syn,pizza pie,True,342186,1.0,0.9725007149225361
coarse,pizza,hypo,anchovy pizza,False,342186,0.0,0.9001979811025763
coarse,pizza,hypo,anchovy pizza,False,342186,0.1,0.9318037047417637
coarse,pizza,hypo,anchovy pizza,False,342186,0.2,0.9452044909480655
coarse,pizza,hypo,anchovy pizza,False,342186,0.3,0.9526389708035081
coarse,pizza,hypo,anchovy pizza,False,342186,0.4,0.9590651708268827
coarse,pizza,hypo,anchovy pizza,False,342186,0.5,0.9640787850788147
coarse,pizza,hypo,anchovy pizza,False,342186,0.6,0.9676726693659049
coarse,pizza,hypo,anchovy pizza,False,342186,0.7,0.9701421820996925
coarse,pizza,hypo,anchovy pizza,False,342186,0.8,0.9715631800223945
coarse,pizza,hypo,anchovy pizza,False,342186,0.9,0.9722318346401533
coarse,pizza,hypo,anchovy pizza,False,342186,1.0,0.9723905950985929
coarse,pizza,hypo,anchovy pizza,True,342186,0.0,0.9001979811025763
coarse,pizza,hypo,anchovy pizza,True,342186,0.1,0.9317697318691025
coarse,pizza,hypo,anchovy pizza,True,342186,0.2,0.9451575658788373
coarse,pizza,hypo,anchovy pizza,True,342186,0.3,0.9525537069803163
coarse,pizza,hypo,anchovy pizza,True,342186,0.4,0.958979818630653
coarse,pizza,hypo,anchovy pizza,True,342186,0.5,0.9640021870801209
coarse,pizza,hypo,anchovy pizza,True,342186,0.6,0.9675962984139085
coarse,pizza,hypo,anchovy pizza,True,342186,0.7,0.9700951422056577
coarse,pizza,hypo,anchovy pizza,True,342186,0.8,0.9715418126196321
coarse,pizza,hypo,anchovy pizza,True,342186,0.9,0.9722433235423208
coarse,pizza,hypo,anchovy pizza,True,342186,1.0,0.9723690533397406
coarse,pizza,hyper,dish,False,342186,0.0,0.8360339934034068
coarse,pizza,hyper,dish,False,342186,0.1,0.9335743818670005
coarse,pizza,hyper,dish,False,342186,0.2,0.954068642002149
coarse,pizza,hyper,dish,False,342186,0.3,0.9678673943462509
coarse,pizza,hyper,dish,False,342186,0.4,0.9705223565210042
coarse,pizza,hyper,dish,False,342186,0.5,0.9718362193819169
coarse,pizza,hyper,dish,False,342186,0.6,0.9725587499314285
coarse,pizza,hyper,dish,False,342186,0.7,0.9726353787568897
coarse,pizza,hyper,dish,False,342186,0.8,0.9725300432893134
coarse,pizza,hyper,dish,False,342186,0.9,0.9725186721292128
coarse,pizza,hyper,dish,False,342186,1.0,0.9723905950985929
coarse,pizza,hyper,dish,True,342186,0.0,0.8360339934034068
coarse,pizza,hyper,dish,True,342186,0.1,0.9336199547829954
coarse,pizza,hyper,dish,True,342186,0.2,0.9541062700944465
coarse,pizza,hyper,dish,True,342186,0.3,0.967926849374136
coarse,pizza,hyper,dish,True,342186,0.4,0.97054398539455
coarse,pizza,hyper,dish,True,342186,0.5,0.9718537034378509
coarse,pizza,hyper,dish,True,342186,0.6,0.9725641274489534
coarse,pizza,hyper,dish,True,342186,0.7,0.9726368788584151
coarse,pizza,hyper,dish,True,342186,0.8,0.9725601274626338
coarse,pizza,hyper,dish,True,342186,0.9,0.9725407884144466
coarse,pizza,hyper,dish,True,342186,1.0,0.9723997234914266
coarse,pizza,orig,pizza,False,402720,0.0,0.17102876392847888
coarse,pizza,orig,pizza,False,402720,0.1,0.16966580976863754
coarse,pizza,orig,pizza,False,402720,0.2,0.16875479417028894
coarse,pizza,orig,pizza,False,402720,0.3,0.168668540761564
coarse,pizza,orig,pizza,False,402720,0.4,0.1685823754789272
coarse,pizza,orig,pizza,False,402720,0.5,0.16901408450704225
coarse,pizza,orig,pizza,False,402720,0.6,0.16944801026957637
coarse,pizza,orig,pizza,False,402720,0.7,0.17102876392847888
coarse,pizza,orig,pizza,False,402720,0.8,0.17282979281405716
coarse,pizza,orig,pizza,False,402720,0.9,0.17492012779552715
coarse,pizza,orig,pizza,False,402720,1.0,0.17674166440769856
coarse,pizza,orig,pizza,True,402720,0.0,0.17102876392847888
coarse,pizza,orig,pizza,True,402720,0.1,0.16966580976863754
coarse,pizza,orig,pizza,True,402720,0.2,0.16875479417028894
coarse,pizza,orig,pizza,True,402720,0.3,0.168668540761564
coarse,pizza,orig,pizza,True,402720,0.4,0.1685823754789272
coarse,pizza,orig,pizza,True,402720,0.5,0.16901408450704225
coarse,pizza,orig,pizza,True,402720,0.6,0.16944801026957637
coarse,pizza,orig,pizza,True,402720,0.7,0.17102876392847888
coarse,pizza,orig,pizza,True,402720,0.8,0.17282979281405716
coarse,pizza,orig,pizza,True,402720,0.9,0.17492012779552715
coarse,pizza,orig,pizza,True,402720,1.0,0.17674166440769856
coarse,pizza,syn,pizza pie,False,402720,0.0,0.17674166440769856
coarse,pizza,syn,pizza pie,False,402720,0.1,0.17492012779552715
coarse,pizza,syn,pizza pie,False,402720,0.2,0.17282979281405716
coarse,pizza,syn,pizza pie,False,402720,0.3,0.17102876392847888
coarse,pizza,syn,pizza pie,False,402720,0.4,0.16944801026957637
coarse,pizza,syn,pizza pie,False,402720,0.5,0.16901408450704225
coarse,pizza,syn,pizza pie,False,402720,0.6,0.1685823754789272
coarse,pizza,syn,pizza pie,False,402720,0.7,0.168668540761564
coarse,pizza,syn,pizza pie,False,402720,0.8,0.16875479417028894
coarse,pizza,syn,pizza pie,False,402720,0.9,0.16966580976863754
coarse,pizza,syn,pizza pie,False,402720,1.0,0.17102876392847888
coarse,pizza,syn,pizza pie,True,402720,0.0,0.17674166440769856
coarse,pizza,syn,pizza pie,True,402720,0.1,0.17492012779552715
coarse,pizza,syn,pizza pie,True,402720,0.2,0.17282979281405716
coarse,pizza,syn,pizza pie,True,402720,0.3,0.17102876392847888
coarse,pizza,syn,pizza pie,True,402720,0.4,0.16944801026957637
coarse,pizza,syn,pizza pie,True,402720,0.5,0.16901408450704225
coarse,pizza,syn,pizza pie,True,402720,0.6,0.1685823754789272
coarse,pizza,syn,pizza pie,True,402720,0.7,0.168668540761564
coarse,pizza,syn,pizza pie,True,402720,0.8,0.16875479417028894
coarse,pizza,syn,pizza pie,True,402720,0.9,0.16966580976863754
coarse,pizza,syn,pizza pie,True,402720,1.0,0.17102876392847888
coarse,pizza,hypo,anchovy pizza,False,402720,0.0,0.20047169811320756
coarse,pizza,hypo,anchovy pizza,False,402720,0.1,0.21558441558441557
coarse,pizza,hypo,anchovy pizza,False,402720,0.2,0.19468479604449937
coarse,pizza,hypo,anchovy pizza,False,402720,0.3,0.1836676217765043
coarse,pizza,hypo,anchovy pizza,False,402720,0.4,0.17748562037797863
coarse,pizza,hypo,anchovy pizza,False,402720,0.5,0.17386666666666667
coarse,pizza,hypo,anchovy pizza,False,402720,0.6,0.17141363992683564
coarse,pizza,hypo,anchovy pizza,False,402720,0.7,0.17045454545454544
coarse,pizza,hypo,anchovy pizza,False,402720,0.8,0.16931759876859928
coarse,pizza,hypo,anchovy pizza,False,402720,0.9,0.16888433981576254
coarse,pizza,hypo,anchovy pizza,False,402720,1.0,0.16901408450704225
coarse,pizza,hypo,anchovy pizza,True,402720,0.0,0.20047169811320756
coarse,pizza,hypo,anchovy pizza,True,402720,0.1,0.21550445103857566
coarse,pizza,hypo,anchovy pizza,True,402720,0.2,0.19468479604449937
coarse,pizza,hypo,anchovy pizza,True,402720,0.3,0.1836676217765043
coarse,pizza,hypo,anchovy pizza,True,402720,0.4,0.17748562037797863
coarse,pizza,hypo,anchovy pizza,True,402720,0.5,0.17386666666666667
coarse,pizza,hypo,anchovy pizza,True,402720,0.6,0.17141363992683564
coarse,pizza,hypo,anchovy pizza,True,402720,0.7,0.17041053446940357
coarse,pizza,hypo,anchovy pizza,True,402720,0.8,0.16931759876859928
coarse,pizza,hypo,anchovy pizza,True,402720,0.9,0.16888433981576254
coarse,pizza,hypo,anchovy pizza,True,402720,1.0,0.16905737704918034
coarse,pizza,hyper,dish,False,402720,0.0,0.012678288431061807
coarse,pizza,hyper,dish,False,402720,0.1,0.028757668711656442
coarse,pizza,hyper,dish,False,402720,0.2,0.07254464285714286
coarse,pizza,hyper,dish,False,402720,0.3,0.1333924874297545
coarse,pizza,hyper,dish,False,402720,0.4,0.13893274392169244
coarse,pizza,hyper,dish,False,402720,0.5,0.17442563482466747
coarse,pizza,hyper,dish,False,402720,0.6,0.1733509234828496
coarse,pizza,hyper,dish,False,402720,0.7,0.16834931852599697
coarse,pizza,hyper,dish,False,402720,0.8,0.16779703592062295
coarse,pizza,hyper,dish,False,402720,0.9,0.16712881270481472
coarse,pizza,hyper,dish,False,402720,1.0,0.16901408450704225
coarse,pizza,hyper,dish,True,402720,0.0,0.012678288431061807
coarse,pizza,hyper,dish,True,402720,0.1,0.029141104294478526
coarse,pizza,hyper,dish,True,402720,0.2,0.07320698625046451
coarse,pizza,hyper,dish,True,402720,0.3,0.1333924874297545
coarse,pizza,hyper,dish,True,402720,0.4,0.13915243516761544
coarse,pizza,hyper,dish,True,402720,0.5,0.17437292233303112
coarse,pizza,hyper,dish,True,402720,0.6,0.1731681602530311
coarse,pizza,hyper,dish,True,402720,0.7,0.16847414880201766
coarse,pizza,hyper,dish,True,402720,0.8,0.167754897036665
coarse,pizza,hyper,dish,True,402720,0.9,0.16733870967741934
coarse,pizza,hyper,dish,True,402720,1.0,0.16897081413210446
coarse,pizza,orig,pizza,False,127394,0.0,0.1936276053145268
coarse,pizza,orig,pizza,False,127394,0.1,0.2056794588440158
coarse,pizza,orig,pizza,False,127394,0.2,0.2083050156313715
coarse,pizza,orig,pizza,False,127394,0.3,0.2092434097911674
coarse,pizza,orig,pizza,False,127394,0.4,0.21005101337377638
coarse,pizza,orig,pizza,False,127394,0.5,0.21192513741042232
coarse,pizza,orig,pizza,False,127394,0.6,0.21371790362293352
coarse,pizza,orig,pizza,False,127394,0.7,0.21625285388127855
coarse,pizza,orig,pizza,False,127394,0.8,0.218761318362912
coarse,pizza,orig,pizza,False,127394,0.9,0.22210736173669055
coarse,pizza,orig,pizza,False,127394,1.0,0.22447594631277334
coarse,pizza,orig,pizza,True,127394,0.0,0.1936276053145268
coarse,pizza,orig,pizza,True,127394,0.1,0.2056794588440158
coarse,pizza,orig,pizza,True,127394,0.2,0.2083050156313715
coarse,pizza,orig,pizza,True,127394,0.3,0.2092434097911674
coarse,pizza,orig,pizza,True,127394,0.4,0.21005101337377638
coarse,pizza,orig,pizza,True,127394,0.5,0.21192513741042232
coarse,pizza,orig,pizza,True,127394,0.6,0.21371790362293352
coarse,pizza,orig,pizza,True,127394,0.7,0.21625285388127855
coarse,pizza,orig,pizza,True,127394,0.8,0.218761318362912
coarse,pizza,orig,pizza,True,127394,0.9,0.22210736173669055
coarse,pizza,orig,pizza,True,127394,1.0,0.22447594631277334
coarse,pizza,syn,pizza pie,False,127394,0.0,0.22447594631277334
coarse,pizza,syn,pizza pie,False,127394,0.1,0.22210736173669055
coarse,pizza,syn,pizza pie,False,127394,0.2,0.218761318362912
coarse,pizza,syn,pizza pie,False,127394,0.3,0.21625285388127855
coarse,pizza,syn,pizza pie,False,127394,0.4,0.21371790362293352
coarse,pizza,syn,pizza pie,False,127394,0.5,0.21192513741042232
coarse,pizza,syn,pizza pie,False,127394,0.6,0.21005101337377638
coarse,pizza,syn,pizza pie,False,127394,0.7,0.2092434097911674
coarse,pizza,syn,pizza pie,False,127394,0.8,0.2083050156313715
coarse,pizza,syn,pizza pie,False,127394,0.9,0.2056794588440158
coarse,pizza,syn,pizza pie,False,127394,1.0,0.1936276053145268
coarse,pizza,syn,pizza pie,True,127394,0.0,0.22447594631277334
coarse,pizza,syn,pizza pie,True,127394,0.1,0.22210736173669055
coarse,pizza,syn,pizza pie,True,127394,0.2,0.218761318362912
coarse,pizza,syn,pizza pie,True,127394,0.3,0.21625285388127855
coarse,pizza,syn,pizza pie,True,127394,0.4,0.21371790362293352
coarse,pizza,syn,pizza pie,True,127394,0.5,0.21192513741042232
coarse,pizza,syn,pizza pie,True,127394,0.6,0.21005101337377638
coarse,pizza,syn,pizza pie,True,127394,0.7,0.2092434097911674
coarse,pizza,syn,pizza pie,True,127394,0.8,0.2083050156313715
coarse,pizza,syn,pizza pie,True,127394,0.9,0.2056794588440158
coarse,pizza,syn,pizza pie,True,127394,1.0,0.1936276053145268
coarse,pizza,hypo,anchovy pizza,False,127394,0.0,0.0
coarse,pizza,hypo,anchovy pizza,False,127394,0.1,0.0
coarse,pizza,hypo,anchovy pizza,False,127394,0.2,0.06467477034425165
coarse,pizza,hypo,anchovy pizza,False,127394,0.3,0.15780337699226762
coarse,pizza,hypo,anchovy pizza,False,127394,0.4,0.17634612578432804
coarse,pizza,hypo,anchovy pizza,False,127394,0.5,0.18952471901858517
coarse,pizza,hypo,anchovy pizza,False,127394,0.6,0.2118884878273558
coarse,pizza,hypo,anchovy pizza,False,127394,0.7,0.22649310872894335
coarse,pizza,hypo,anchovy pizza,False,127394,0.8,0.2220748600058945
coarse,pizza,hypo,anchovy pizza,False,127394,0.9,0.21595441595441595
coarse,pizza,hypo,anchovy pizza,False,127394,1.0,0.21192513741042232
coarse,pizza,hypo,anchovy pizza,True,127394,0.0,0.0
coarse,pizza,hypo,anchovy pizza,True,127394,0.1,0.0
coarse,pizza,hypo,anchovy pizza,True,127394,0.2,0.06340512439658373
coarse,pizza,hypo,anchovy pizza,True,127394,0.3,0.1576039775866151
coarse,pizza,hypo,anchovy pizza,True,127394,0.4,0.1762301065849029
coarse,pizza,hypo,anchovy pizza,True,127394,0.5,0.18948915839764793
coarse,pizza,hypo,anchovy pizza,True,127394,0.6,0.21192561856462272
coarse,pizza,hypo,anchovy pizza,True,127394,0.7,0.22661457136290508
coarse,pizza,hypo,anchovy pizza,True,127394,0.8,0.22212395902424645
coarse,pizza,hypo,anchovy pizza,True,127394,0.9,0.21601595896266743
coarse,pizza,hypo,anchovy pizza,True,127394,1.0,0.21204316045945004
coarse,pizza,hyper,dish,False,127394,0.0,0.0
coarse,pizza,hyper,dish,False,127394,0.1,0.0
coarse,pizza,hyper,dish,False,127394,0.2,0.0
coarse,pizza,hyper,dish,False,127394,0.3,0.0
coarse,pizza,hyper,dish,False,127394,0.4,0.21904098859977372
coarse,pizza,hyper,dish,False,127394,0.5,0.22674285714285713
coarse,pizza,hyper,dish,False,127394,0.6,0.21706263498920086
coarse,pizza,hyper,dish,False,127394,0.7,0.21347918136908964
coarse,pizza,hyper,dish,False,127394,0.8,0.21271222113091062
coarse,pizza,hyper,dish,False,127394,0.9,0.2122690833042872
coarse,pizza,hyper,dish,False,127394,1.0,0.21192513741042232
coarse,pizza,hyper,dish,True,127394,0.0,0.0
coarse,pizza,hyper,dish,True,127394,0.1,0.0
coarse,pizza,hyper,dish,True,127394,0.2,0.0
coarse,pizza,hyper,dish,True,127394,0.3,0.0
coarse,pizza,hyper,dish,True,127394,0.4,0.2190625271762762
coarse,pizza,hyper,dish,True,127394,0.5,0.22670523751522534
coarse,pizza,hyper,dish,True,127394,0.6,0.21693768887609727
coarse,pizza,hyper,dish,True,127394,0.7,0.21335872478487797
coarse,pizza,hyper,dish,True,127394,0.8,0.21258849092310927
coarse,pizza,hyper,dish,True,127394,0.9,0.21212121212121213
coarse,pizza,hyper,dish,True,127394,1.0,0.21183670630781
coarse,refrigerator,orig,refrigerator,False,491216,0.0,0.34471127900701565
coarse,refrigerator,orig,refrigerator,False,491216,0.1,0.3380232827075784
coarse,refrigerator,orig,refrigerator,False,491216,0.2,0.3379904416865798
coarse,refrigerator,orig,refrigerator,False,491216,0.3,0.3416695545030996
coarse,refrigerator,orig,refrigerator,False,491216,0.4,0.35342987365141637
coarse,refrigerator,orig,refrigerator,False,491216,0.5,0.36780902223845313
coarse,refrigerator,orig,refrigerator,False,491216,0.6,0.38120370014969485
coarse,refrigerator,orig,refrigerator,False,491216,0.7,0.40376404817062667
coarse,refrigerator,orig,refrigerator,False,491216,0.8,0.4260365190513442
coarse,refrigerator,orig,refrigerator,False,491216,0.9,0.43964943632250336
coarse,refrigerator,orig,refrigerator,False,491216,1.0,0.4422000948316738
coarse,refrigerator,orig,refrigerator,True,491216,0.0,0.34471127900701565
coarse,refrigerator,orig,refrigerator,True,491216,0.1,0.3380232827075784
coarse,refrigerator,orig,refrigerator,True,491216,0.2,0.3379904416865798
coarse,refrigerator,orig,refrigerator,True,491216,0.3,0.3416695545030996
coarse,refrigerator,orig,refrigerator,True,491216,0.4,0.35342987365141637
coarse,refrigerator,orig,refrigerator,True,491216,0.5,0.36780902223845313
coarse,refrigerator,orig,refrigerator,True,491216,0.6,0.38120370014969485
coarse,refrigerator,orig,refrigerator,True,491216,0.7,0.40376404817062667
coarse,refrigerator,orig,refrigerator,True,491216,0.8,0.4260365190513442
coarse,refrigerator,orig,refrigerator,True,491216,0.9,0.43964943632250336
coarse,refrigerator,orig,refrigerator,True,491216,1.0,0.4422000948316738
coarse,refrigerator,syn,icebox,False,491216,0.0,0.4422000948316738
coarse,refrigerator,syn,icebox,False,491216,0.1,0.43964943632250336
coarse,refrigerator,syn,icebox,False,491216,0.2,0.4260365190513442
coarse,refrigerator,syn,icebox,False,491216,0.3,0.40376404817062667
coarse,refrigerator,syn,icebox,False,491216,0.4,0.38120370014969485
coarse,refrigerator,syn,icebox,False,491216,0.5,0.36780902223845313
coarse,refrigerator,syn,icebox,False,491216,0.6,0.35342987365141637
coarse,refrigerator,syn,icebox,False,491216,0.7,0.3416695545030996
coarse,refrigerator,syn,icebox,False,491216,0.8,0.3379904416865798
coarse,refrigerator,syn,icebox,False,491216,0.9,0.3380232827075784
coarse,refrigerator,syn,icebox,False,491216,1.0,0.34471127900701565
coarse,refrigerator,syn,icebox,True,491216,0.0,0.4422000948316738
coarse,refrigerator,syn,icebox,True,491216,0.1,0.43964943632250336
coarse,refrigerator,syn,icebox,True,491216,0.2,0.4260365190513442
coarse,refrigerator,syn,icebox,True,491216,0.3,0.40376404817062667
coarse,refrigerator,syn,icebox,True,491216,0.4,0.38120370014969485
coarse,refrigerator,syn,icebox,True,491216,0.5,0.36780902223845313
coarse,refrigerator,syn,icebox,True,491216,0.6,0.35342987365141637
coarse,refrigerator,syn,icebox,True,491216,0.7,0.3416695545030996
coarse,refrigerator,syn,icebox,True,491216,0.8,0.3379904416865798
coarse,refrigerator,syn,icebox,True,491216,0.9,0.3380232827075784
coarse,refrigerator,syn,icebox,True,491216,1.0,0.34471127900701565
coarse,refrigerator,hypo,electric refrigerator,False,491216,0.0,0.35699301372235803
coarse,refrigerator,hypo,electric refrigerator,False,491216,0.1,0.3551527745709228
coarse,refrigerator,hypo,electric refrigerator,False,491216,0.2,0.35356022856263347
coarse,refrigerator,hypo,electric refrigerator,False,491216,0.3,0.35163630067145085
coarse,refrigerator,hypo,electric refrigerator,False,491216,0.4,0.3502385716484531
coarse,refrigerator,hypo,electric refrigerator,False,491216,0.5,0.3505146705146705
coarse,refrigerator,hypo,electric refrigerator,False,491216,0.6,0.3509490567126291
coarse,refrigerator,hypo,electric refrigerator,False,491216,0.7,0.35250581518291396
coarse,refrigerator,hypo,electric refrigerator,False,491216,0.8,0.35520396785728015
coarse,refrigerator,hypo,electric refrigerator,False,491216,0.9,0.36294772460730973
coarse,refrigerator,hypo,electric refrigerator,False,491216,1.0,0.36780902223845313
coarse,refrigerator,hypo,electric refrigerator,True,491216,0.0,0.35699301372235803
coarse,refrigerator,hypo,electric refrigerator,True,491216,0.1,0.3553644269991534
coarse,refrigerator,hypo,electric refrigerator,True,491216,0.2,0.3536564249571926
coarse,refrigerator,hypo,electric refrigerator,True,491216,0.3,0.3517517363449218
coarse,refrigerator,hypo,electric refrigerator,True,491216,0.4,0.34993073726335233
coarse,refrigerator,hypo,electric refrigerator,True,491216,0.5,0.34973445197044334
coarse,refrigerator,hypo,electric refrigerator,True,491216,0.6,0.3500894557626825
coarse,refrigerator,hypo,electric refrigerator,True,491216,0.7,0.35084413336922665
coarse,refrigerator,hypo,electric refrigerator,True,491216,0.8,0.3531707879860016
coarse,refrigerator,hypo,electric refrigerator,True,491216,0.9,0.3574202976579625
coarse,refrigerator,hypo,electric refrigerator,True,491216,1.0,0.36520050751662886
coarse,refrigerator,hyper,white goods,False,491216,0.0,0.02768390953990122
coarse,refrigerator,hyper,white goods,False,491216,0.1,0.17051322979850145
coarse,refrigerator,hyper,white goods,False,491216,0.2,0.3149125510439941
coarse,refrigerator,hyper,white goods,False,491216,0.3,0.3715078417016685
coarse,refrigerator,hyper,white goods,False,491216,0.4,0.37886166342655864
coarse,refrigerator,hyper,white goods,False,491216,0.5,0.378723486086806
coarse,refrigerator,hyper,white goods,False,491216,0.6,0.3789093285662111
coarse,refrigerator,hyper,white goods,False,491216,0.7,0.37935739267458396
coarse,refrigerator,hyper,white goods,False,491216,0.8,0.37300641789324007
coarse,refrigerator,hyper,white goods,False,491216,0.9,0.36795172387285235
coarse,refrigerator,hyper,white goods,False,491216,1.0,0.36780902223845313
coarse,refrigerator,hyper,white goods,True,491216,0.0,0.02768390953990122
coarse,refrigerator,hyper,white goods,True,491216,0.1,0.17106696210613287
coarse,refrigerator,hyper,white goods,True,491216,0.2,0.3151690262929789
coarse,refrigerator,hyper,white goods,True,491216,0.3,0.37154637586220185
coarse,refrigerator,hyper,white goods,True,491216,0.4,0.37886166342655864
coarse,refrigerator,hyper,white goods,True,491216,0.5,0.37862733408972904
coarse,refrigerator,hyper,white goods,True,491216,0.6,0.3788324394979144
coarse,refrigerator,hyper,white goods,True,491216,0.7,0.37922287559091433
coarse,refrigerator,hyper,white goods,True,491216,0.8,0.37279732508311075
coarse,refrigerator,hyper,white goods,True,491216,0.9,0.3678050467972248
coarse,refrigerator,hyper,white goods,True,491216,1.0,0.36759759355719146
coarse,refrigerator,orig,refrigerator,False,292060,0.0,0.6429827283069603
coarse,refrigerator,orig,refrigerator,False,292060,0.1,0.6551473640514737
coarse,refrigerator,orig,refrigerator,False,292060,0.2,0.6626859417557092
coarse,refrigerator,orig,refrigerator,False,292060,0.3,0.6602320675105485
coarse,refrigerator,orig,refrigerator,False,292060,0.4,0.649215769393811
coarse,refrigerator,orig,refrigerator,False,292060,0.5,0.6345016891891891
coarse,refrigerator,orig,refrigerator,False,292060,0.6,0.6167910055689818
coarse,refrigerator,orig,refrigerator,False,292060,0.7,0.601574970735341
coarse,refrigerator,orig,refrigerator,False,292060,0.8,0.5890820507142066
coarse,refrigerator,orig,refrigerator,False,292060,0.9,0.5714620705827178
coarse,refrigerator,orig,refrigerator,False,292060,1.0,0.5267166344294004
coarse,refrigerator,orig,refrigerator,True,292060,0.0,0.6429827283069603
coarse,refrigerator,orig,refrigerator,True,292060,0.1,0.6551473640514737
coarse,refrigerator,orig,refrigerator,True,292060,0.2,0.6626859417557092
coarse,refrigerator,orig,refrigerator,True,292060,0.3,0.6602320675105485
coarse,refrigerator,orig,refrigerator,True,292060,0.4,0.649215769393811
coarse,refrigerator,orig,refrigerator,True,292060,0.5,0.6345016891891891
coarse,refrigerator,orig,refrigerator,True,292060,0.6,0.6167910055689818
coarse,refrigerator,orig,refrigerator,True,292060,0.7,0.601574970735341
coarse,refrigerator,orig,refrigerator,True,292060,0.8,0.5890820507142066
coarse,refrigerator,orig,refrigerator,True,292060,0.9,0.5714620705827178
coarse,refrigerator,orig,refrigerator,True,292060,1.0,0.5267166344294004
coarse,refrigerator,syn,icebox,False,292060,0.0,0.5267166344294004
coarse,refrigerator,syn,icebox,False,292060,0.1,0.5714620705827178
coarse,refrigerator,syn,icebox,False,292060,0.2,0.5890820507142066
coarse,refrigerator,syn,icebox,False,292060,0.3,0.601574970735341
coarse,refrigerator,syn,icebox,False,292060,0.4,0.6167910055689818
coarse,refrigerator,syn,icebox,False,292060,0.5,0.6345016891891891
coarse,refrigerator,syn,icebox,False,292060,0.6,0.649215769393811
coarse,refrigerator,syn,icebox,False,292060,0.7,0.6602320675105485
coarse,refrigerator,syn,icebox,False,292060,0.8,0.6626859417557092
coarse,refrigerator,syn,icebox,False,292060,0.9,0.6551473640514737
coarse,refrigerator,syn,icebox,False,292060,1.0,0.6429827283069603
coarse,refrigerator,syn,icebox,True,292060,0.0,0.5267166344294004
coarse,refrigerator,syn,icebox,True,292060,0.1,0.5714620705827178
coarse,refrigerator,syn,icebox,True,292060,0.2,0.5890820507142066
coarse,refrigerator,syn,icebox,True,292060,0.3,0.601574970735341
coarse,refrigerator,syn,icebox,True,292060,0.4,0.6167910055689818
coarse,refrigerator,syn,icebox,True,292060,0.5,0.6345016891891891
coarse,refrigerator,syn,icebox,True,292060,0.6,0.649215769393811
coarse,refrigerator,syn,icebox,True,292060,0.7,0.6602320675105485
coarse,refrigerator,syn,icebox,True,292060,0.8,0.6626859417557092
coarse,refrigerator,syn,icebox,True,292060,0.9,0.6551473640514737
coarse,refrigerator,syn,icebox,True,292060,1.0,0.6429827283069603
coarse,refrigerator,hypo,electric refrigerator,False,292060,0.0,0.6369404300317236
coarse,refrigerator,hypo,electric refrigerator,False,292060,0.1,0.6339277870508653
coarse,refrigerator,hypo,electric refrigerator,False,292060,0.2,0.6319901676762356
coarse,refrigerator,hypo,electric refrigerator,False,292060,0.3,0.6320887636491722
coarse,refrigerator,hypo,electric refrigerator,False,292060,0.4,0.6334041047416844
coarse,refrigerator,hypo,electric refrigerator,False,292060,0.5,0.6337100649639583
coarse,refrigerator,hypo,electric refrigerator,False,292060,0.6,0.634247191011236
coarse,refrigerator,hypo,electric refrigerator,False,292060,0.7,0.6328744643996718
coarse,refrigerator,hypo,electric refrigerator,False,292060,0.8,0.6276170093979715
coarse,refrigerator,hypo,electric refrigerator,False,292060,0.9,0.6402195608782435
coarse,refrigerator,hypo,electric refrigerator,False,292060,1.0,0.6345016891891891
coarse,refrigerator,hypo,electric refrigerator,True,292060,0.0,0.6369404300317236
coarse,refrigerator,hypo,electric refrigerator,True,292060,0.1,0.6342706502636204
coarse,refrigerator,hypo,electric refrigerator,True,292060,0.2,0.6323930046577028
coarse,refrigerator,hypo,electric refrigerator,True,292060,0.3,0.6331246141635065
coarse,refrigerator,hypo,electric refrigerator,True,292060,0.4,0.6345029239766082
coarse,refrigerator,hypo,electric refrigerator,True,292060,0.5,0.635309852875613
coarse,refrigerator,hypo,electric refrigerator,True,292060,0.6,0.6357091432685386
coarse,refrigerator,hypo,electric refrigerator,True,292060,0.7,0.6341574673843627
coarse,refrigerator,hypo,electric refrigerator,True,292060,0.8,0.630337497669215
coarse,refrigerator,hypo,electric refrigerator,True,292060,0.9,0.6440779610194902
coarse,refrigerator,hypo,electric refrigerator,True,292060,1.0,0.640393567498942
coarse,refrigerator,hyper,white goods,False,292060,0.0,0.0
coarse,refrigerator,hyper,white goods,False,292060,0.1,0.0
coarse,refrigerator,hyper,white goods,False,292060,0.2,0.0
coarse,refrigerator,hyper,white goods,False,292060,0.3,0.013221349227851531
coarse,refrigerator,hyper,white goods,False,292060,0.4,0.22751855112564456
coarse,refrigerator,hyper,white goods,False,292060,0.5,0.3798649478207489
coarse,refrigerator,hyper,white goods,False,292060,0.6,0.5420272673384706
coarse,refrigerator,hyper,white goods,False,292060,0.7,0.6055872291904218
coarse,refrigerator,hyper,white goods,False,292060,0.8,0.6308615049073064
coarse,refrigerator,hyper,white goods,False,292060,0.9,0.6342700190154236
coarse,refrigerator,hyper,white goods,False,292060,1.0,0.6345016891891891
coarse,refrigerator,hyper,white goods,True,292060,0.0,0.0
coarse,refrigerator,hyper,white goods,True,292060,0.1,0.0
coarse,refrigerator,hyper,white goods,True,292060,0.2,0.0
coarse,refrigerator,hyper,white goods,True,292060,0.3,0.013342372881355933
coarse,refrigerator,hyper,white goods,True,292060,0.4,0.2278560644187217
coarse,refrigerator,hyper,white goods,True,292060,0.5,0.3804321139209428
coarse,refrigerator,hyper,white goods,True,292060,0.6,0.54208155523945
coarse,refrigerator,hyper,white goods,True,292060,0.7,0.6060433295324972
coarse,refrigerator,hyper,white goods,True,292060,0.8,0.6314641064804714
coarse,refrigerator,hyper,white goods,True,292060,0.9,0.6345097210481826
coarse,refrigerator,hyper,white goods,True,292060,1.0,0.6348854397634885
coarse,refrigerator,orig,refrigerator,False,425226,0.0,0.4624040981371026
coarse,refrigerator,orig,refrigerator,False,425226,0.1,0.4594870819765645
coarse,refrigerator,orig,refrigerator,False,425226,0.2,0.4545086601987977
coarse,refrigerator,orig,refrigerator,False,425226,0.3,0.44788685365388287
coarse,refrigerator,orig,refrigerator,False,425226,0.4,0.4373155901711801
coarse,refrigerator,orig,refrigerator,False,425226,0.5,0.39041538130425424
coarse,refrigerator,orig,refrigerator,False,425226,0.6,0.34003901341534926
coarse,refrigerator,orig,refrigerator,False,425226,0.7,0.3026555241607203
coarse,refrigerator,orig,refrigerator,False,425226,0.8,0.23271991475197853
coarse,refrigerator,orig,refrigerator,False,425226,0.9,0.12502244944385243
coarse,refrigerator,orig,refrigerator,False,425226,1.0,0.03118976065899594
coarse,refrigerator,orig,refrigerator,True,425226,0.0,0.4624040981371026
coarse,refrigerator,orig,refrigerator,True,425226,0.1,0.4594870819765645
coarse,refrigerator,orig,refrigerator,True,425226,0.2,0.4545086601987977
coarse,refrigerator,orig,refrigerator,True,425226,0.3,0.44788685365388287
coarse,refrigerator,orig,refrigerator,True,425226,0.4,0.4373155901711801
coarse,refrigerator,orig,refrigerator,True,425226,0.5,0.39041538130425424
coarse,refrigerator,orig,refrigerator,True,425226,0.6,0.34003901341534926
coarse,refrigerator,orig,refrigerator,True,425226,0.7,0.3026555241607203
coarse,refrigerator,orig,refrigerator,True,425226,0.8,0.23271991475197853
coarse,refrigerator,orig,refrigerator,True,425226,0.9,0.12502244944385243
coarse,refrigerator,orig,refrigerator,True,425226,1.0,0.03118976065899594
coarse,refrigerator,syn,icebox,False,425226,0.0,0.03118976065899594
coarse,refrigerator,syn,icebox,False,425226,0.1,0.12502244944385243
coarse,refrigerator,syn,icebox,False,425226,0.2,0.23271991475197853
coarse,refrigerator,syn,icebox,False,425226,0.3,0.3026555241607203
coarse,refrigerator,syn,icebox,False,425226,0.4,0.34003901341534926
coarse,refrigerator,syn,icebox,False,425226,0.5,0.39041538130425424
coarse,refrigerator,syn,icebox,False,425226,0.6,0.4373155901711801
coarse,refrigerator,syn,icebox,False,425226,0.7,0.44788685365388287
coarse,refrigerator,syn,icebox,False,425226,0.8,0.4545086601987977
coarse,refrigerator,syn,icebox,False,425226,0.9,0.4594870819765645
coarse,refrigerator,syn,icebox,False,425226,1.0,0.4624040981371026
coarse,refrigerator,syn,icebox,True,425226,0.0,0.03118976065899594
coarse,refrigerator,syn,icebox,True,425226,0.1,0.12502244944385243
coarse,refrigerator,syn,icebox,True,425226,0.2,0.23271991475197853
coarse,refrigerator,syn,icebox,True,425226,0.3,0.3026555241607203
coarse,refrigerator,syn,icebox,True,425226,0.4,0.34003901341534926
coarse,refrigerator,syn,icebox,True,425226,0.5,0.39041538130425424
coarse,refrigerator,syn,icebox,True,425226,0.6,0.4373155901711801
coarse,refrigerator,syn,icebox,True,425226,0.7,0.44788685365388287
coarse,refrigerator,syn,icebox,True,425226,0.8,0.4545086601987977
coarse,refrigerator,syn,icebox,True,425226,0.9,0.4594870819765645
coarse,refrigerator,syn,icebox,True,425226,1.0,0.4624040981371026
coarse,refrigerator,hypo,electric refrigerator,False,425226,0.0,0.43223578887003894
coarse,refrigerator,hypo,electric refrigerator,False,425226,0.1,0.438932664756447
coarse,refrigerator,hypo,electric refrigerator,False,425226,0.2,0.44258441713399355
coarse,refrigerator,hypo,electric refrigerator,False,425226,0.3,0.44469499027643555
coarse,refrigerator,hypo,electric refrigerator,False,425226,0.4,0.44571585390590507
coarse,refrigerator,hypo,electric refrigerator,False,425226,0.5,0.44568966546122907
coarse,refrigerator,hypo,electric refrigerator,False,425226,0.6,0.4441021967526266
coarse,refrigerator,hypo,electric refrigerator,False,425226,0.7,0.4412713200515981
coarse,refrigerator,hypo,electric refrigerator,False,425226,0.8,0.4371661747660983
coarse,refrigerator,hypo,electric refrigerator,False,425226,0.9,0.4226549053356282
coarse,refrigerator,hypo,electric refrigerator,False,425226,1.0,0.39041538130425424
coarse,refrigerator,hypo,electric refrigerator,True,425226,0.0,0.43223578887003894
coarse,refrigerator,hypo,electric refrigerator,True,425226,0.1,0.4393286459514629
coarse,refrigerator,hypo,electric refrigerator,True,425226,0.2,0.44328199744712327
coarse,refrigerator,hypo,electric refrigerator,True,425226,0.3,0.44550995336410587
coarse,refrigerator,hypo,electric refrigerator,True,425226,0.4,0.44686434006822356
coarse,refrigerator,hypo,electric refrigerator,True,425226,0.5,0.4470532092579337
coarse,refrigerator,hypo,electric refrigerator,True,425226,0.6,0.4459933640464994
coarse,refrigerator,hypo,electric refrigerator,True,425226,0.7,0.4436683621080784
coarse,refrigerator,hypo,electric refrigerator,True,425226,0.8,0.4399995221940848
coarse,refrigerator,hypo,electric refrigerator,True,425226,0.9,0.43367389615821234
coarse,refrigerator,hypo,electric refrigerator,True,425226,1.0,0.40836989134202756
coarse,refrigerator,hyper,white goods,False,425226,0.0,0.0523861928597631
coarse,refrigerator,hyper,white goods,False,425226,0.1,0.02192131791298518
coarse,refrigerator,hyper,white goods,False,425226,0.2,0.114593934459597
coarse,refrigerator,hyper,white goods,False,425226,0.3,0.2780862572399598
coarse,refrigerator,hyper,white goods,False,425226,0.4,0.32038660749530495
coarse,refrigerator,hyper,white goods,False,425226,0.5,0.351030755249438
coarse,refrigerator,hyper,white goods,False,425226,0.6,0.37466233176352465
coarse,refrigerator,hyper,white goods,False,425226,0.7,0.39404222777186965
coarse,refrigerator,hyper,white goods,False,425226,0.8,0.40628509977297167
coarse,refrigerator,hyper,white goods,False,425226,0.9,0.40981941174361486
coarse,refrigerator,hyper,white goods,False,425226,1.0,0.39041538130425424
coarse,refrigerator,hyper,white goods,True,425226,0.0,0.0523861928597631
coarse,refrigerator,hyper,white goods,True,425226,0.1,0.021945262552977515
coarse,refrigerator,hyper,white goods,True,425226,0.2,0.11501299074484261
coarse,refrigerator,hyper,white goods,True,425226,0.3,0.278612799770236
coarse,refrigerator,hyper,white goods,True,425226,0.4,0.3206578947368421
coarse,refrigerator,hyper,white goods,True,425226,0.5,0.3515442838182014
coarse,refrigerator,hyper,white goods,True,425226,0.6,0.3750522931283841
coarse,refrigerator,hyper,white goods,True,425226,0.7,0.3945440858416279
coarse,refrigerator,hyper,white goods,True,425226,0.8,0.4076662962564672
coarse,refrigerator,hyper,white goods,True,425226,0.9,0.411397019277886
coarse,refrigerator,hyper,white goods,True,425226,1.0,0.3916302983200813
coarse,refrigerator,orig,refrigerator,False,429598,0.0,0.9242732887121285
coarse,refrigerator,orig,refrigerator,False,429598,0.1,0.92527888865502
coarse,refrigerator,orig,refrigerator,False,429598,0.2,0.9263127168942367
coarse,refrigerator,orig,refrigerator,False,429598,0.3,0.9276521060842434
coarse,refrigerator,orig,refrigerator,False,429598,0.4,0.9292475115259925
coarse,refrigerator,orig,refrigerator,False,429598,0.5,0.9308795660981507
coarse,refrigerator,orig,refrigerator,False,429598,0.6,0.9327506477321177
coarse,refrigerator,orig,refrigerator,False,429598,0.7,0.934674856324205
coarse,refrigerator,orig,refrigerator,False,429598,0.8,0.9363549176532839
coarse,refrigerator,orig,refrigerator,False,429598,0.9,0.9379941532124111
coarse,refrigerator,orig,refrigerator,False,429598,1.0,0.9395216591403245
coarse,refrigerator,orig,refrigerator,True,429598,0.0,0.9242732887121285
coarse,refrigerator,orig,refrigerator,True,429598,0.1,0.92527888865502
coarse,refrigerator,orig,refrigerator,True,429598,0.2,0.9263127168942367
coarse,refrigerator,orig,refrigerator,True,429598,0.3,0.9276521060842434
coarse,refrigerator,orig,refrigerator,True,429598,0.4,0.9292475115259925
coarse,refrigerator,orig,refrigerator,True,429598,0.5,0.9308795660981507
coarse,refrigerator,orig,refrigerator,True,429598,0.6,0.9327506477321177
coarse,refrigerator,orig,refrigerator,True,429598,0.7,0.934674856324205
coarse,refrigerator,orig,refrigerator,True,429598,0.8,0.9363549176532839
coarse,refrigerator,orig,refrigerator,True,429598,0.9,0.9379941532124111
coarse,refrigerator,orig,refrigerator,True,429598,1.0,0.9395216591403245
coarse,refrigerator,syn,icebox,False,429598,0.0,0.9395216591403245
coarse,refrigerator,syn,icebox,False,429598,0.1,0.9379941532124111
coarse,refrigerator,syn,icebox,False,429598,0.2,0.9363549176532839
coarse,refrigerator,syn,icebox,False,429598,0.3,0.934674856324205
coarse,refrigerator,syn,icebox,False,429598,0.4,0.9327506477321177
coarse,refrigerator,syn,icebox,False,429598,0.5,0.9308795660981507
coarse,refrigerator,syn,icebox,False,429598,0.6,0.9292475115259925
coarse,refrigerator,syn,icebox,False,429598,0.7,0.9276521060842434
coarse,refrigerator,syn,icebox,False,429598,0.8,0.9263127168942367
coarse,refrigerator,syn,icebox,False,429598,0.9,0.92527888865502
coarse,refrigerator,syn,icebox,False,429598,1.0,0.9242732887121285
coarse,refrigerator,syn,icebox,True,429598,0.0,0.9395216591403245
coarse,refrigerator,syn,icebox,True,429598,0.1,0.9379941532124111
coarse,refrigerator,syn,icebox,True,429598,0.2,0.9363549176532839
coarse,refrigerator,syn,icebox,True,429598,0.3,0.934674856324205
coarse,refrigerator,syn,icebox,True,429598,0.4,0.9327506477321177
coarse,refrigerator,syn,icebox,True,429598,0.5,0.9308795660981507
coarse,refrigerator,syn,icebox,True,429598,0.6,0.9292475115259925
coarse,refrigerator,syn,icebox,True,429598,0.7,0.9276521060842434
coarse,refrigerator,syn,icebox,True,429598,0.8,0.9263127168942367
coarse,refrigerator,syn,icebox,True,429598,0.9,0.92527888865502
coarse,refrigerator,syn,icebox,True,429598,1.0,0.9242732887121285
coarse,refrigerator,hypo,electric refrigerator,False,429598,0.0,0.910093231934324
coarse,refrigerator,hypo,electric refrigerator,False,429598,0.1,0.9112081050082834
coarse,refrigerator,hypo,electric refrigerator,False,429598,0.2,0.9127950588122636
coarse,refrigerator,hypo,electric refrigerator,False,429598,0.3,0.9147989953768136
coarse,refrigerator,hypo,electric refrigerator,False,429598,0.4,0.9172267761754279
coarse,refrigerator,hypo,electric refrigerator,False,429598,0.5,0.9194814385897189
coarse,refrigerator,hypo,electric refrigerator,False,429598,0.6,0.9218918875320611
coarse,refrigerator,hypo,electric refrigerator,False,429598,0.7,0.9241671655314123
coarse,refrigerator,hypo,electric refrigerator,False,429598,0.8,0.9261284356037253
coarse,refrigerator,hypo,electric refrigerator,False,429598,0.9,0.9280542765566275
coarse,refrigerator,hypo,electric refrigerator,False,429598,1.0,0.9308795660981507
coarse,refrigerator,hypo,electric refrigerator,True,429598,0.0,0.910093231934324
coarse,refrigerator,hypo,electric refrigerator,True,429598,0.1,0.9112399643175736
coarse,refrigerator,hypo,electric refrigerator,True,429598,0.2,0.9127978422892162
coarse,refrigerator,hypo,electric refrigerator,True,429598,0.3,0.9147404622890506
coarse,refrigerator,hypo,electric refrigerator,True,429598,0.4,0.9171852944950597
coarse,refrigerator,hypo,electric refrigerator,True,429598,0.5,0.919338757919789
coarse,refrigerator,hypo,electric refrigerator,True,429598,0.6,0.9215512376038055
coarse,refrigerator,hypo,electric refrigerator,True,429598,0.7,0.9240373263467727
coarse,refrigerator,hypo,electric refrigerator,True,429598,0.8,0.9259499521577659
coarse,refrigerator,hypo,electric refrigerator,True,429598,0.9,0.9277664850800879
coarse,refrigerator,hypo,electric refrigerator,True,429598,1.0,0.9302629216783902
coarse,refrigerator,hyper,white goods,False,429598,0.0,0.0
coarse,refrigerator,hyper,white goods,False,429598,0.1,0.0
coarse,refrigerator,hyper,white goods,False,429598,0.2,0.2588563917186987
coarse,refrigerator,hyper,white goods,False,429598,0.3,0.38522409205570335
coarse,refrigerator,hyper,white goods,False,429598,0.4,0.4679002107736429
coarse,refrigerator,hyper,white goods,False,429598,0.5,0.890176001103239
coarse,refrigerator,hyper,white goods,False,429598,0.6,0.9557760814249364
coarse,refrigerator,hyper,white goods,False,429598,0.7,0.9425592668835913
coarse,refrigerator,hyper,white goods,False,429598,0.8,0.9356367226061204
coarse,refrigerator,hyper,white goods,False,429598,0.9,0.9324151709681645
coarse,refrigerator,hyper,white goods,False,429598,1.0,0.9308795660981507
coarse,refrigerator,hyper,white goods,True,429598,0.0,0.0
coarse,refrigerator,hyper,white goods,True,429598,0.1,0.0
coarse,refrigerator,hyper,white goods,True,429598,0.2,0.2593189139438564
coarse,refrigerator,hyper,white goods,True,429598,0.3,0.38548325788728016
coarse,refrigerator,hyper,white goods,True,429598,0.4,0.46826301786393004
coarse,refrigerator,hyper,white goods,True,429598,0.5,0.8919170502146144
coarse,refrigerator,hyper,white goods,True,429598,0.6,0.9557960443735793
coarse,refrigerator,hyper,white goods,True,429598,0.7,0.942528926443002
coarse,refrigerator,hyper,white goods,True,429598,0.8,0.9355597598091634
coarse,refrigerator,hyper,white goods,True,429598,0.9,0.9323552047683767
coarse,refrigerator,hyper,white goods,True,429598,1.0,0.9308525409608442
coarse,refrigerator,orig,refrigerator,False,231339,0.0,0.7321175442333258
coarse,refrigerator,orig,refrigerator,False,231339,0.1,0.7283153911589569
coarse,refrigerator,orig,refrigerator,False,231339,0.2,0.7233931995491737
coarse,refrigerator,orig,refrigerator,False,231339,0.3,0.7169961513462985
coarse,refrigerator,orig,refrigerator,False,231339,0.4,0.7083824492468893
coarse,refrigerator,orig,refrigerator,False,231339,0.5,0.6956669363694157
coarse,refrigerator,orig,refrigerator,False,231339,0.6,0.6775213699730366
coarse,refrigerator,orig,refrigerator,False,231339,0.7,0.6554318926162953
coarse,refrigerator,orig,refrigerator,False,231339,0.8,0.6185329464202136
coarse,refrigerator,orig,refrigerator,False,231339,0.9,0.5857563705994991
coarse,refrigerator,orig,refrigerator,False,231339,1.0,0.510408205889861
coarse,refrigerator,orig,refrigerator,True,231339,0.0,0.7321175442333258
coarse,refrigerator,orig,refrigerator,True,231339,0.1,0.7283153911589569
coarse,refrigerator,orig,refrigerator,True,231339,0.2,0.7233931995491737
coarse,refrigerator,orig,refrigerator,True,231339,0.3,0.7169961513462985
coarse,refrigerator,orig,refrigerator,True,231339,0.4,0.7083824492468893
coarse,refrigerator,orig,refrigerator,True,231339,0.5,0.6956669363694157
coarse,refrigerator,orig,refrigerator,True,231339,0.6,0.6775213699730366
coarse,refrigerator,orig,refrigerator,True,231339,0.7,0.6554318926162953
coarse,refrigerator,orig,refrigerator,True,231339,0.8,0.6185329464202136
coarse,refrigerator,orig,refrigerator,True,231339,0.9,0.5857563705994991
coarse,refrigerator,orig,refrigerator,True,231339,1.0,0.510408205889861
coarse,refrigerator,syn,icebox,False,231339,0.0,0.510408205889861
coarse,refrigerator,syn,icebox,False,231339,0.1,0.5857563705994991
coarse,refrigerator,syn,icebox,False,231339,0.2,0.6185329464202136
coarse,refrigerator,syn,icebox,False,231339,0.3,0.6554318926162953
coarse,refrigerator,syn,icebox,False,231339,0.4,0.6775213699730366
coarse,refrigerator,syn,icebox,False,231339,0.5,0.6956669363694157
coarse,refrigerator,syn,icebox,False,231339,0.6,0.7083824492468893
coarse,refrigerator,syn,icebox,False,231339,0.7,0.7169961513462985
coarse,refrigerator,syn,icebox,False,231339,0.8,0.7233931995491737
coarse,refrigerator,syn,icebox,False,231339,0.9,0.7283153911589569
coarse,refrigerator,syn,icebox,False,231339,1.0,0.7321175442333258
coarse,refrigerator,syn,icebox,True,231339,0.0,0.510408205889861
coarse,refrigerator,syn,icebox,True,231339,0.1,0.5857563705994991
coarse,refrigerator,syn,icebox,True,231339,0.2,0.6185329464202136
coarse,refrigerator,syn,icebox,True,231339,0.3,0.6554318926162953
coarse,refrigerator,syn,icebox,True,231339,0.4,0.6775213699730366
coarse,refrigerator,syn,icebox,True,231339,0.5,0.6956669363694157
coarse,refrigerator,syn,icebox,True,231339,0.6,0.7083824492468893
coarse,refrigerator,syn,icebox,True,231339,0.7,0.7169961513462985
coarse,refrigerator,syn,icebox,True,231339,0.8,0.7233931995491737
coarse,refrigerator,syn,icebox,True,231339,0.9,0.7283153911589569
coarse,refrigerator,syn,icebox,True,231339,1.0,0.7321175442333258
coarse,refrigerator,hypo,electric refrigerator,False,231339,0.0,0.7393843996180472
coarse,refrigerator,hypo,electric refrigerator,False,231339,0.1,0.7377367762687634
coarse,refrigerator,hypo,electric refrigerator,False,231339,0.2,0.7356977961207568
coarse,refrigerator,hypo,electric refrigerator,False,231339,0.3,0.7344013490725126
coarse,refrigerator,hypo,electric refrigerator,False,231339,0.4,0.7326197299308251
coarse,refrigerator,hypo,electric refrigerator,False,231339,0.5,0.7304378510306702
coarse,refrigerator,hypo,electric refrigerator,False,231339,0.6,0.72627386549506
coarse,refrigerator,hypo,electric refrigerator,False,231339,0.7,0.7213336650179988
coarse,refrigerator,hypo,electric refrigerator,False,231339,0.8,0.7149207322413944
coarse,refrigerator,hypo,electric refrigerator,False,231339,0.9,0.7068867718711367
coarse,refrigerator,hypo,electric refrigerator,False,231339,1.0,0.6956669363694157
coarse,refrigerator,hypo,electric refrigerator,True,231339,0.0,0.7393843996180472
coarse,refrigerator,hypo,electric refrigerator,True,231339,0.1,0.737796342625685
coarse,refrigerator,hypo,electric refrigerator,True,231339,0.2,0.7358146025713352
coarse,refrigerator,hypo,electric refrigerator,True,231339,0.3,0.7347726717997648
coarse,refrigerator,hypo,electric refrigerator,True,231339,0.4,0.7330666136174414
coarse,refrigerator,hypo,electric refrigerator,True,231339,0.5,0.7310305276160226
coarse,refrigerator,hypo,electric refrigerator,True,231339,0.6,0.7272753954976373
coarse,refrigerator,hypo,electric refrigerator,True,231339,0.7,0.7226724055895938
coarse,refrigerator,hypo,electric refrigerator,True,231339,0.8,0.7167365361300595
coarse,refrigerator,hypo,electric refrigerator,True,231339,0.9,0.7095660785413131
coarse,refrigerator,hypo,electric refrigerator,True,231339,1.0,0.7002485669355247
coarse,refrigerator,hyper,white goods,False,231339,0.0,0.0
coarse,refrigerator,hyper,white goods,False,231339,0.1,0.0
coarse,refrigerator,hyper,white goods,False,231339,0.2,0.0
coarse,refrigerator,hyper,white goods,False,231339,0.3,0.023391044383849667
coarse,refrigerator,hyper,white goods,False,231339,0.4,0.597996303861492
coarse,refrigerator,hyper,white goods,False,231339,0.5,0.6965480372689782
coarse,refrigerator,hyper,white goods,False,231339,0.6,0.7094087579310242
coarse,refrigerator,hyper,white goods,False,231339,0.7,0.7084038725091426
coarse,refrigerator,hyper,white goods,False,231339,0.8,0.7064203468882088
coarse,refrigerator,hyper,white goods,False,231339,0.9,0.7025084401205213
coarse,refrigerator,hyper,white goods,False,231339,1.0,0.6956669363694157
coarse,refrigerator,hyper,white goods,True,231339,0.0,0.0
coarse,refrigerator,hyper,white goods,True,231339,0.1,0.0
coarse,refrigerator,hyper,white goods,True,231339,0.2,0.0
coarse,refrigerator,hyper,white goods,True,231339,0.3,0.024163080258878412
coarse,refrigerator,hyper,white goods,True,231339,0.4,0.5990437601296597
coarse,refrigerator,hyper,white goods,True,231339,0.5,0.6968907960844799
coarse,refrigerator,hyper,white goods,True,231339,0.6,0.7095472982007814
coarse,refrigerator,hyper,white goods,True,231339,0.7,0.7085400620002785
coarse,refrigerator,hyper,white goods,True,231339,0.8,0.7065472459881357
coarse,refrigerator,hyper,white goods,True,231339,0.9,0.7026501125390257
coarse,refrigerator,hyper,white goods,True,231339,1.0,0.6959546843729002
coarse,remote,orig,remote,False,318138,0.0,0.2688305252725471
coarse,remote,orig,remote,False,318138,0.1,0.26083840917233964
coarse,remote,orig,remote,False,318138,0.2,0.253556969346443
coarse,remote,orig,remote,False,318138,0.3,0.24920742753623187
coarse,remote,orig,remote,False,318138,0.4,0.2455749749526884
coarse,remote,orig,remote,False,318138,0.5,0.24244084136722174
coarse,remote,orig,remote,False,318138,0.6,0.2401387082791504
coarse,remote,orig,remote,False,318138,0.7,0.2383664696399785
coarse,remote,orig,remote,False,318138,0.8,0.23688139931740615
coarse,remote,orig,remote,False,318138,0.9,0.235831033750796
coarse,remote,orig,remote,False,318138,1.0,0.2353190138609671
coarse,remote,orig,remote,True,318138,0.0,0.2688305252725471
coarse,remote,orig,remote,True,318138,0.1,0.26083840917233964
coarse,remote,orig,remote,True,318138,0.2,0.253556969346443
coarse,remote,orig,remote,True,318138,0.3,0.24920742753623187
coarse,remote,orig,remote,True,318138,0.4,0.2455749749526884
coarse,remote,orig,remote,True,318138,0.5,0.24244084136722174
coarse,remote,orig,remote,True,318138,0.6,0.2401387082791504
coarse,remote,orig,remote,True,318138,0.7,0.2383664696399785
coarse,remote,orig,remote,True,318138,0.8,0.23688139931740615
coarse,remote,orig,remote,True,318138,0.9,0.235831033750796
coarse,remote,orig,remote,True,318138,1.0,0.2353190138609671
coarse,remote,syn,remote control,False,318138,0.0,0.2353190138609671
coarse,remote,syn,remote control,False,318138,0.1,0.235831033750796
coarse,remote,syn,remote control,False,318138,0.2,0.23688139931740615
coarse,remote,syn,remote control,False,318138,0.3,0.2383664696399785
coarse,remote,syn,remote control,False,318138,0.4,0.2401387082791504
coarse,remote,syn,remote control,False,318138,0.5,0.24244084136722174
coarse,remote,syn,remote control,False,318138,0.6,0.2455749749526884
coarse,remote,syn,remote control,False,318138,0.7,0.24920742753623187
coarse,remote,syn,remote control,False,318138,0.8,0.253556969346443
coarse,remote,syn,remote control,False,318138,0.9,0.26083840917233964
coarse,remote,syn,remote control,False,318138,1.0,0.2688305252725471
coarse,remote,syn,remote control,True,318138,0.0,0.2353190138609671
coarse,remote,syn,remote control,True,318138,0.1,0.235831033750796
coarse,remote,syn,remote control,True,318138,0.2,0.23688139931740615
coarse,remote,syn,remote control,True,318138,0.3,0.2383664696399785
coarse,remote,syn,remote control,True,318138,0.4,0.2401387082791504
coarse,remote,syn,remote control,True,318138,0.5,0.24244084136722174
coarse,remote,syn,remote control,True,318138,0.6,0.2455749749526884
coarse,remote,syn,remote control,True,318138,0.7,0.24920742753623187
coarse,remote,syn,remote control,True,318138,0.8,0.253556969346443
coarse,remote,syn,remote control,True,318138,0.9,0.26083840917233964
coarse,remote,syn,remote control,True,318138,1.0,0.2688305252725471
coarse,remote,hyper,device,False,318138,0.0,0.3114500442086649
coarse,remote,hyper,device,False,318138,0.1,0.3175418011146964
coarse,remote,hyper,device,False,318138,0.2,0.28055626435315134
coarse,remote,hyper,device,False,318138,0.3,0.260705438244662
coarse,remote,hyper,device,False,318138,0.4,0.24952123465134618
coarse,remote,hyper,device,False,318138,0.5,0.24322545255074055
coarse,remote,hyper,device,False,318138,0.6,0.24025129982668977
coarse,remote,hyper,device,False,318138,0.7,0.23898286822540674
coarse,remote,hyper,device,False,318138,0.8,0.23921018558480794
coarse,remote,hyper,device,False,318138,0.9,0.24029073551746583
coarse,remote,hyper,device,False,318138,1.0,0.24244084136722174
coarse,remote,hyper,device,True,318138,0.0,0.3114500442086649
coarse,remote,hyper,device,True,318138,0.1,0.31791483113069013
coarse,remote,hyper,device,True,318138,0.2,0.2811301457427768
coarse,remote,hyper,device,True,318138,0.3,0.26119843990072095
coarse,remote,hyper,device,True,318138,0.4,0.24963355507949037
coarse,remote,hyper,device,True,318138,0.5,0.24349258649093905
coarse,remote,hyper,device,True,318138,0.6,0.24045553145336226
coarse,remote,hyper,device,True,318138,0.7,0.239106988783434
coarse,remote,hyper,device,True,318138,0.8,0.2394168466522678
coarse,remote,hyper,device,True,318138,0.9,0.24055169417897482
coarse,remote,hyper,device,True,318138,1.0,0.24278661546900712
coarse,remote,orig,remote,False,570782,0.0,0.0
coarse,remote,orig,remote,False,570782,0.1,0.0
coarse,remote,orig,remote,False,570782,0.2,0.0
coarse,remote,orig,remote,False,570782,0.3,0.0
coarse,remote,orig,remote,False,570782,0.4,0.0
coarse,remote,orig,remote,False,570782,0.5,0.0
coarse,remote,orig,remote,False,570782,0.6,0.0
coarse,remote,orig,remote,False,570782,0.7,0.0
coarse,remote,orig,remote,False,570782,0.8,0.0
coarse,remote,orig,remote,False,570782,0.9,0.0
coarse,remote,orig,remote,False,570782,1.0,0.0
coarse,remote,orig,remote,True,570782,0.0,0.0
coarse,remote,orig,remote,True,570782,0.1,0.0
coarse,remote,orig,remote,True,570782,0.2,0.0
coarse,remote,orig,remote,True,570782,0.3,0.0
coarse,remote,orig,remote,True,570782,0.4,0.0
coarse,remote,orig,remote,True,570782,0.5,0.0
coarse,remote,orig,remote,True,570782,0.6,0.0
coarse,remote,orig,remote,True,570782,0.7,0.0
coarse,remote,orig,remote,True,570782,0.8,0.0
coarse,remote,orig,remote,True,570782,0.9,0.0
coarse,remote,orig,remote,True,570782,1.0,0.0
coarse,remote,syn,remote control,False,570782,0.0,0.0
coarse,remote,syn,remote control,False,570782,0.1,0.0
coarse,remote,syn,remote control,False,570782,0.2,0.0
coarse,remote,syn,remote control,False,570782,0.3,0.0
coarse,remote,syn,remote control,False,570782,0.4,0.0
coarse,remote,syn,remote control,False,570782,0.5,0.0
coarse,remote,syn,remote control,False,570782,0.6,0.0
coarse,remote,syn,remote control,False,570782,0.7,0.0
coarse,remote,syn,remote control,False,570782,0.8,0.0
coarse,remote,syn,remote control,False,570782,0.9,0.0
coarse,remote,syn,remote control,False,570782,1.0,0.0
coarse,remote,syn,remote control,True,570782,0.0,0.0
coarse,remote,syn,remote control,True,570782,0.1,0.0
coarse,remote,syn,remote control,True,570782,0.2,0.0
coarse,remote,syn,remote control,True,570782,0.3,0.0
coarse,remote,syn,remote control,True,570782,0.4,0.0
coarse,remote,syn,remote control,True,570782,0.5,0.0
coarse,remote,syn,remote control,True,570782,0.6,0.0
coarse,remote,syn,remote control,True,570782,0.7,0.0
coarse,remote,syn,remote control,True,570782,0.8,0.0
coarse,remote,syn,remote control,True,570782,0.9,0.0
coarse,remote,syn,remote control,True,570782,1.0,0.0
coarse,remote,hyper,device,False,570782,0.0,0.00571964788417713
coarse,remote,hyper,device,False,570782,0.1,0.004492000201887649
coarse,remote,hyper,device,False,570782,0.2,0.0
coarse,remote,hyper,device,False,570782,0.3,0.0
coarse,remote,hyper,device,False,570782,0.4,0.0
coarse,remote,hyper,device,False,570782,0.5,0.0
coarse,remote,hyper,device,False,570782,0.6,0.0
coarse,remote,hyper,device,False,570782,0.7,0.0
coarse,remote,hyper,device,False,570782,0.8,0.0
coarse,remote,hyper,device,False,570782,0.9,0.0
coarse,remote,hyper,device,False,570782,1.0,0.0
coarse,remote,hyper,device,True,570782,0.0,0.00571964788417713
coarse,remote,hyper,device,True,570782,0.1,0.004535833081342607
coarse,remote,hyper,device,True,570782,0.2,0.0
coarse,remote,hyper,device,True,570782,0.3,0.0
coarse,remote,hyper,device,True,570782,0.4,0.0
coarse,remote,hyper,device,True,570782,0.5,0.0
coarse,remote,hyper,device,True,570782,0.6,0.0
coarse,remote,hyper,device,True,570782,0.7,0.0
coarse,remote,hyper,device,True,570782,0.8,0.0
coarse,remote,hyper,device,True,570782,0.9,0.0
coarse,remote,hyper,device,True,570782,1.0,0.0
coarse,remote,orig,remote,False,107339,0.0,0.0
coarse,remote,orig,remote,False,107339,0.1,0.0
coarse,remote,orig,remote,False,107339,0.2,0.0
coarse,remote,orig,remote,False,107339,0.3,0.0
coarse,remote,orig,remote,False,107339,0.4,0.0
coarse,remote,orig,remote,False,107339,0.5,0.0
coarse,remote,orig,remote,False,107339,0.6,0.0
coarse,remote,orig,remote,False,107339,0.7,0.0
coarse,remote,orig,remote,False,107339,0.8,0.0
coarse,remote,orig,remote,False,107339,0.9,0.0
coarse,remote,orig,remote,False,107339,1.0,0.0
coarse,remote,orig,remote,True,107339,0.0,0.0
coarse,remote,orig,remote,True,107339,0.1,0.0
coarse,remote,orig,remote,True,107339,0.2,0.0
coarse,remote,orig,remote,True,107339,0.3,0.0
coarse,remote,orig,remote,True,107339,0.4,0.0
coarse,remote,orig,remote,True,107339,0.5,0.0
coarse,remote,orig,remote,True,107339,0.6,0.0
coarse,remote,orig,remote,True,107339,0.7,0.0
coarse,remote,orig,remote,True,107339,0.8,0.0
coarse,remote,orig,remote,True,107339,0.9,0.0
coarse,remote,orig,remote,True,107339,1.0,0.0
coarse,remote,syn,remote control,False,107339,0.0,0.0
coarse,remote,syn,remote control,False,107339,0.1,0.0
coarse,remote,syn,remote control,False,107339,0.2,0.0
coarse,remote,syn,remote control,False,107339,0.3,0.0
coarse,remote,syn,remote control,False,107339,0.4,0.0
coarse,remote,syn,remote control,False,107339,0.5,0.0
coarse,remote,syn,remote control,False,107339,0.6,0.0
coarse,remote,syn,remote control,False,107339,0.7,0.0
coarse,remote,syn,remote control,False,107339,0.8,0.0
coarse,remote,syn,remote control,False,107339,0.9,0.0
coarse,remote,syn,remote control,False,107339,1.0,0.0
coarse,remote,syn,remote control,True,107339,0.0,0.0
coarse,remote,syn,remote control,True,107339,0.1,0.0
coarse,remote,syn,remote control,True,107339,0.2,0.0
coarse,remote,syn,remote control,True,107339,0.3,0.0
coarse,remote,syn,remote control,True,107339,0.4,0.0
coarse,remote,syn,remote control,True,107339,0.5,0.0
coarse,remote,syn,remote control,True,107339,0.6,0.0
coarse,remote,syn,remote control,True,107339,0.7,0.0
coarse,remote,syn,remote control,True,107339,0.8,0.0
coarse,remote,syn,remote control,True,107339,0.9,0.0
coarse,remote,syn,remote control,True,107339,1.0,0.0
coarse,remote,hyper,device,False,107339,0.0,0.0
coarse,remote,hyper,device,False,107339,0.1,0.0
coarse,remote,hyper,device,False,107339,0.2,0.0
coarse,remote,hyper,device,False,107339,0.3,0.0
coarse,remote,hyper,device,False,107339,0.4,0.0
coarse,remote,hyper,device,False,107339,0.5,0.0
coarse,remote,hyper,device,False,107339,0.6,0.0
coarse,remote,hyper,device,False,107339,0.7,0.0
coarse,remote,hyper,device,False,107339,0.8,0.0
coarse,remote,hyper,device,False,107339,0.9,0.0
coarse,remote,hyper,device,False,107339,1.0,0.0
coarse,remote,hyper,device,True,107339,0.0,0.0
coarse,remote,hyper,device,True,107339,0.1,0.0
coarse,remote,hyper,device,True,107339,0.2,0.0
coarse,remote,hyper,device,True,107339,0.3,0.0
coarse,remote,hyper,device,True,107339,0.4,0.0
coarse,remote,hyper,device,True,107339,0.5,0.0
coarse,remote,hyper,device,True,107339,0.6,0.0
coarse,remote,hyper,device,True,107339,0.7,0.0
coarse,remote,hyper,device,True,107339,0.8,0.0
coarse,remote,hyper,device,True,107339,0.9,0.0
coarse,remote,hyper,device,True,107339,1.0,0.0
coarse,remote,orig,remote,False,75612,0.0,0.0
coarse,remote,orig,remote,False,75612,0.1,0.0
coarse,remote,orig,remote,False,75612,0.2,0.0
coarse,remote,orig,remote,False,75612,0.3,0.0
coarse,remote,orig,remote,False,75612,0.4,0.0
coarse,remote,orig,remote,False,75612,0.5,0.0
coarse,remote,orig,remote,False,75612,0.6,0.0
coarse,remote,orig,remote,False,75612,0.7,0.0
coarse,remote,orig,remote,False,75612,0.8,0.0
coarse,remote,orig,remote,False,75612,0.9,0.0
coarse,remote,orig,remote,False,75612,1.0,0.0
coarse,remote,orig,remote,True,75612,0.0,0.0
coarse,remote,orig,remote,True,75612,0.1,0.0
coarse,remote,orig,remote,True,75612,0.2,0.0
coarse,remote,orig,remote,True,75612,0.3,0.0
coarse,remote,orig,remote,True,75612,0.4,0.0
coarse,remote,orig,remote,True,75612,0.5,0.0
coarse,remote,orig,remote,True,75612,0.6,0.0
coarse,remote,orig,remote,True,75612,0.7,0.0
coarse,remote,orig,remote,True,75612,0.8,0.0
coarse,remote,orig,remote,True,75612,0.9,0.0
coarse,remote,orig,remote,True,75612,1.0,0.0
coarse,remote,syn,remote control,False,75612,0.0,0.0
coarse,remote,syn,remote control,False,75612,0.1,0.0
coarse,remote,syn,remote control,False,75612,0.2,0.0
coarse,remote,syn,remote control,False,75612,0.3,0.0
coarse,remote,syn,remote control,False,75612,0.4,0.0
coarse,remote,syn,remote control,False,75612,0.5,0.0
coarse,remote,syn,remote control,False,75612,0.6,0.0
coarse,remote,syn,remote control,False,75612,0.7,0.0
coarse,remote,syn,remote control,False,75612,0.8,0.0
coarse,remote,syn,remote control,False,75612,0.9,0.0
coarse,remote,syn,remote control,False,75612,1.0,0.0
coarse,remote,syn,remote control,True,75612,0.0,0.0
coarse,remote,syn,remote control,True,75612,0.1,0.0
coarse,remote,syn,remote control,True,75612,0.2,0.0
coarse,remote,syn,remote control,True,75612,0.3,0.0
coarse,remote,syn,remote control,True,75612,0.4,0.0
coarse,remote,syn,remote control,True,75612,0.5,0.0
coarse,remote,syn,remote control,True,75612,0.6,0.0
coarse,remote,syn,remote control,True,75612,0.7,0.0
coarse,remote,syn,remote control,True,75612,0.8,0.0
coarse,remote,syn,remote control,True,75612,0.9,0.0
coarse,remote,syn,remote control,True,75612,1.0,0.0
coarse,remote,hyper,device,False,75612,0.0,0.0
coarse,remote,hyper,device,False,75612,0.1,0.0
coarse,remote,hyper,device,False,75612,0.2,0.0
coarse,remote,hyper,device,False,75612,0.3,0.0
coarse,remote,hyper,device,False,75612,0.4,0.0
coarse,remote,hyper,device,False,75612,0.5,0.0
coarse,remote,hyper,device,False,75612,0.6,0.0
coarse,remote,hyper,device,False,75612,0.7,0.0
coarse,remote,hyper,device,False,75612,0.8,0.0
coarse,remote,hyper,device,False,75612,0.9,0.0
coarse,remote,hyper,device,False,75612,1.0,0.0
coarse,remote,hyper,device,True,75612,0.0,0.0
coarse,remote,hyper,device,True,75612,0.1,0.0
coarse,remote,hyper,device,True,75612,0.2,0.0
coarse,remote,hyper,device,True,75612,0.3,0.0
coarse,remote,hyper,device,True,75612,0.4,0.0
coarse,remote,hyper,device,True,75612,0.5,0.0
coarse,remote,hyper,device,True,75612,0.6,0.0
coarse,remote,hyper,device,True,75612,0.7,0.0
coarse,remote,hyper,device,True,75612,0.8,0.0
coarse,remote,hyper,device,True,75612,0.9,0.0
coarse,remote,hyper,device,True,75612,1.0,0.0
coarse,remote,orig,remote,False,171757,0.0,0.0
coarse,remote,orig,remote,False,171757,0.1,0.0
coarse,remote,orig,remote,False,171757,0.2,0.0
coarse,remote,orig,remote,False,171757,0.3,0.0
coarse,remote,orig,remote,False,171757,0.4,0.0
coarse,remote,orig,remote,False,171757,0.5,0.0
coarse,remote,orig,remote,False,171757,0.6,0.0
coarse,remote,orig,remote,False,171757,0.7,0.0
coarse,remote,orig,remote,False,171757,0.8,0.0
coarse,remote,orig,remote,False,171757,0.9,0.0
coarse,remote,orig,remote,False,171757,1.0,0.0
coarse,remote,orig,remote,True,171757,0.0,0.0
coarse,remote,orig,remote,True,171757,0.1,0.0
coarse,remote,orig,remote,True,171757,0.2,0.0
coarse,remote,orig,remote,True,171757,0.3,0.0
coarse,remote,orig,remote,True,171757,0.4,0.0
coarse,remote,orig,remote,True,171757,0.5,0.0
coarse,remote,orig,remote,True,171757,0.6,0.0
coarse,remote,orig,remote,True,171757,0.7,0.0
coarse,remote,orig,remote,True,171757,0.8,0.0
coarse,remote,orig,remote,True,171757,0.9,0.0
coarse,remote,orig,remote,True,171757,1.0,0.0
coarse,remote,syn,remote control,False,171757,0.0,0.0
coarse,remote,syn,remote control,False,171757,0.1,0.0
coarse,remote,syn,remote control,False,171757,0.2,0.0
coarse,remote,syn,remote control,False,171757,0.3,0.0
coarse,remote,syn,remote control,False,171757,0.4,0.0
coarse,remote,syn,remote control,False,171757,0.5,0.0
coarse,remote,syn,remote control,False,171757,0.6,0.0
coarse,remote,syn,remote control,False,171757,0.7,0.0
coarse,remote,syn,remote control,False,171757,0.8,0.0
coarse,remote,syn,remote control,False,171757,0.9,0.0
coarse,remote,syn,remote control,False,171757,1.0,0.0
coarse,remote,syn,remote control,True,171757,0.0,0.0
coarse,remote,syn,remote control,True,171757,0.1,0.0
coarse,remote,syn,remote control,True,171757,0.2,0.0
coarse,remote,syn,remote control,True,171757,0.3,0.0
coarse,remote,syn,remote control,True,171757,0.4,0.0
coarse,remote,syn,remote control,True,171757,0.5,0.0
coarse,remote,syn,remote control,True,171757,0.6,0.0
coarse,remote,syn,remote control,True,171757,0.7,0.0
coarse,remote,syn,remote control,True,171757,0.8,0.0
coarse,remote,syn,remote control,True,171757,0.9,0.0
coarse,remote,syn,remote control,True,171757,1.0,0.0
coarse,remote,hyper,device,False,171757,0.0,0.0
coarse,remote,hyper,device,False,171757,0.1,0.0
coarse,remote,hyper,device,False,171757,0.2,0.0
coarse,remote,hyper,device,False,171757,0.3,0.0
coarse,remote,hyper,device,False,171757,0.4,0.0
coarse,remote,hyper,device,False,171757,0.5,0.0
coarse,remote,hyper,device,False,171757,0.6,0.0
coarse,remote,hyper,device,False,171757,0.7,0.0
coarse,remote,hyper,device,False,171757,0.8,0.0
coarse,remote,hyper,device,False,171757,0.9,0.0
coarse,remote,hyper,device,False,171757,1.0,0.0
coarse,remote,hyper,device,True,171757,0.0,0.0
coarse,remote,hyper,device,True,171757,0.1,0.0
coarse,remote,hyper,device,True,171757,0.2,0.0
coarse,remote,hyper,device,True,171757,0.3,0.0
coarse,remote,hyper,device,True,171757,0.4,0.0
coarse,remote,hyper,device,True,171757,0.5,0.0
coarse,remote,hyper,device,True,171757,0.6,0.0
coarse,remote,hyper,device,True,171757,0.7,0.0
coarse,remote,hyper,device,True,171757,0.8,0.0
coarse,remote,hyper,device,True,171757,0.9,0.0
coarse,remote,hyper,device,True,171757,1.0,0.0
coarse,teddy bear,orig,teddy bear,False,249129,0.0,0.06367439081070314
coarse,teddy bear,orig,teddy bear,False,249129,0.1,0.06160350628652382
coarse,teddy bear,orig,teddy bear,False,249129,0.2,0.057852887107134154
coarse,teddy bear,orig,teddy bear,False,249129,0.3,0.053066560311973765
coarse,teddy bear,orig,teddy bear,False,249129,0.4,0.04858479065540705
coarse,teddy bear,orig,teddy bear,False,249129,0.5,0.0449074587166131
coarse,teddy bear,orig,teddy bear,False,249129,0.6,0.041008135127346884
coarse,teddy bear,orig,teddy bear,False,249129,0.7,0.03677513743571555
coarse,teddy bear,orig,teddy bear,False,249129,0.8,0.03134420996630608
coarse,teddy bear,orig,teddy bear,False,249129,0.9,0.024738428799432523
coarse,teddy bear,orig,teddy bear,False,249129,1.0,0.013388898740911509
coarse,teddy bear,orig,teddy bear,True,249129,0.0,0.06367439081070314
coarse,teddy bear,orig,teddy bear,True,249129,0.1,0.06160350628652382
coarse,teddy bear,orig,teddy bear,True,249129,0.2,0.057852887107134154
coarse,teddy bear,orig,teddy bear,True,249129,0.3,0.053066560311973765
coarse,teddy bear,orig,teddy bear,True,249129,0.4,0.04858479065540705
coarse,teddy bear,orig,teddy bear,True,249129,0.5,0.0449074587166131
coarse,teddy bear,orig,teddy bear,True,249129,0.6,0.041008135127346884
coarse,teddy bear,orig,teddy bear,True,249129,0.7,0.03677513743571555
coarse,teddy bear,orig,teddy bear,True,249129,0.8,0.03134420996630608
coarse,teddy bear,orig,teddy bear,True,249129,0.9,0.024738428799432523
coarse,teddy bear,orig,teddy bear,True,249129,1.0,0.013388898740911509
coarse,teddy bear,syn,teddy,False,249129,0.0,0.013388898740911509
coarse,teddy bear,syn,teddy,False,249129,0.1,0.024738428799432523
coarse,teddy bear,syn,teddy,False,249129,0.2,0.03134420996630608
coarse,teddy bear,syn,teddy,False,249129,0.3,0.03677513743571555
coarse,teddy bear,syn,teddy,False,249129,0.4,0.041008135127346884
coarse,teddy bear,syn,teddy,False,249129,0.5,0.0449074587166131
coarse,teddy bear,syn,teddy,False,249129,0.6,0.04858479065540705
coarse,teddy bear,syn,teddy,False,249129,0.7,0.053066560311973765
coarse,teddy bear,syn,teddy,False,249129,0.8,0.057852887107134154
coarse,teddy bear,syn,teddy,False,249129,0.9,0.06160350628652382
coarse,teddy bear,syn,teddy,False,249129,1.0,0.06367439081070314
coarse,teddy bear,syn,teddy,True,249129,0.0,0.013388898740911509
coarse,teddy bear,syn,teddy,True,249129,0.1,0.024738428799432523
coarse,teddy bear,syn,teddy,True,249129,0.2,0.03134420996630608
coarse,teddy bear,syn,teddy,True,249129,0.3,0.03677513743571555
coarse,teddy bear,syn,teddy,True,249129,0.4,0.041008135127346884
coarse,teddy bear,syn,teddy,True,249129,0.5,0.0449074587166131
coarse,teddy bear,syn,teddy,True,249129,0.6,0.04858479065540705
coarse,teddy bear,syn,teddy,True,249129,0.7,0.053066560311973765
coarse,teddy bear,syn,teddy,True,249129,0.8,0.057852887107134154
coarse,teddy bear,syn,teddy,True,249129,0.9,0.06160350628652382
coarse,teddy bear,syn,teddy,True,249129,1.0,0.06367439081070314
coarse,teddy bear,hyper,plaything,False,249129,0.0,0.0
coarse,teddy bear,hyper,plaything,False,249129,0.1,0.0
coarse,teddy bear,hyper,plaything,False,249129,0.2,0.0
coarse,teddy bear,hyper,plaything,False,249129,0.3,0.0
coarse,teddy bear,hyper,plaything,False,249129,0.4,0.0008423479340308566
coarse,teddy bear,hyper,plaything,False,249129,0.5,0.012457882603298456
coarse,teddy bear,hyper,plaything,False,249129,0.6,0.025492108529881184
coarse,teddy bear,hyper,plaything,False,249129,0.7,0.0329845717325767
coarse,teddy bear,hyper,plaything,False,249129,0.8,0.03832683099840397
coarse,teddy bear,hyper,plaything,False,249129,0.9,0.042493294615742694
coarse,teddy bear,hyper,plaything,False,249129,1.0,0.0449074587166131
coarse,teddy bear,hyper,plaything,True,249129,0.0,0.0
coarse,teddy bear,hyper,plaything,True,249129,0.1,0.0
coarse,teddy bear,hyper,plaything,True,249129,0.2,0.0
coarse,teddy bear,hyper,plaything,True,249129,0.3,0.0
coarse,teddy bear,hyper,plaything,True,249129,0.4,0.0007315126795531123
coarse,teddy bear,hyper,plaything,True,249129,0.5,0.012280546196134067
coarse,teddy bear,hyper,plaything,True,249129,0.6,0.025248270970030146
coarse,teddy bear,hyper,plaything,True,249129,0.7,0.03274073417272566
coarse,teddy bear,hyper,plaything,True,249129,0.8,0.038060826387657384
coarse,teddy bear,hyper,plaything,True,249129,0.9,0.042271629020459736
coarse,teddy bear,hyper,plaything,True,249129,1.0,0.04470796852488086
coarse,teddy bear,orig,teddy bear,False,145020,0.0,0.499909646174419
coarse,teddy bear,orig,teddy bear,False,145020,0.1,0.509062719184909
coarse,teddy bear,orig,teddy bear,False,145020,0.2,0.5306138245994272
coarse,teddy bear,orig,teddy bear,False,145020,0.3,0.5550223668157788
coarse,teddy bear,orig,teddy bear,False,145020,0.4,0.5785763117415826
coarse,teddy bear,orig,teddy bear,False,145020,0.5,0.6066281765695322
coarse,teddy bear,orig,teddy bear,False,145020,0.6,0.6298211696471725
coarse,teddy bear,orig,teddy bear,False,145020,0.7,0.6307778456526165
coarse,teddy bear,orig,teddy bear,False,145020,0.8,0.6061893865097526
coarse,teddy bear,orig,teddy bear,False,145020,0.9,0.4728038581283194
coarse,teddy bear,orig,teddy bear,False,145020,1.0,0.0009956853634251576
coarse,teddy bear,orig,teddy bear,True,145020,0.0,0.499909646174419
coarse,teddy bear,orig,teddy bear,True,145020,0.1,0.509062719184909
coarse,teddy bear,orig,teddy bear,True,145020,0.2,0.5306138245994272
coarse,teddy bear,orig,teddy bear,True,145020,0.3,0.5550223668157788
coarse,teddy bear,orig,teddy bear,True,145020,0.4,0.5785763117415826
coarse,teddy bear,orig,teddy bear,True,145020,0.5,0.6066281765695322
coarse,teddy bear,orig,teddy bear,True,145020,0.6,0.6298211696471725
coarse,teddy bear,orig,teddy bear,True,145020,0.7,0.6307778456526165
coarse,teddy bear,orig,teddy bear,True,145020,0.8,0.6061893865097526
coarse,teddy bear,orig,teddy bear,True,145020,0.9,0.4728038581283194
coarse,teddy bear,orig,teddy bear,True,145020,1.0,0.0009956853634251576
coarse,teddy bear,syn,teddy,False,145020,0.0,0.0009956853634251576
coarse,teddy bear,syn,teddy,False,145020,0.1,0.4728038581283194
coarse,teddy bear,syn,teddy,False,145020,0.2,0.6061893865097526
coarse,teddy bear,syn,teddy,False,145020,0.3,0.6307778456526165
coarse,teddy bear,syn,teddy,False,145020,0.4,0.6298211696471725
coarse,teddy bear,syn,teddy,False,145020,0.5,0.6066281765695322
coarse,teddy bear,syn,teddy,False,145020,0.6,0.5785763117415826
coarse,teddy bear,syn,teddy,False,145020,0.7,0.5550223668157788
coarse,teddy bear,syn,teddy,False,145020,0.8,0.5306138245994272
coarse,teddy bear,syn,teddy,False,145020,0.9,0.509062719184909
coarse,teddy bear,syn,teddy,False,145020,1.0,0.499909646174419
coarse,teddy bear,syn,teddy,True,145020,0.0,0.0009956853634251576
coarse,teddy bear,syn,teddy,True,145020,0.1,0.4728038581283194
coarse,teddy bear,syn,teddy,True,145020,0.2,0.6061893865097526
coarse,teddy bear,syn,teddy,True,145020,0.3,0.6307778456526165
coarse,teddy bear,syn,teddy,True,145020,0.4,0.6298211696471725
coarse,teddy bear,syn,teddy,True,145020,0.5,0.6066281765695322
coarse,teddy bear,syn,teddy,True,145020,0.6,0.5785763117415826
coarse,teddy bear,syn,teddy,True,145020,0.7,0.5550223668157788
coarse,teddy bear,syn,teddy,True,145020,0.8,0.5306138245994272
coarse,teddy bear,syn,teddy,True,145020,0.9,0.509062719184909
coarse,teddy bear,syn,teddy,True,145020,1.0,0.499909646174419
coarse,teddy bear,hyper,plaything,False,145020,0.0,0.042388869237118265
coarse,teddy bear,hyper,plaything,False,145020,0.1,0.354292549765359
coarse,teddy bear,hyper,plaything,False,145020,0.2,0.4764732127535436
coarse,teddy bear,hyper,plaything,False,145020,0.3,0.6293294698238783
coarse,teddy bear,hyper,plaything,False,145020,0.4,0.6113217414041051
coarse,teddy bear,hyper,plaything,False,145020,0.5,0.5975126708973977
coarse,teddy bear,hyper,plaything,False,145020,0.6,0.5786780564130757
coarse,teddy bear,hyper,plaything,False,145020,0.7,0.5712069110123291
coarse,teddy bear,hyper,plaything,False,145020,0.8,0.5753093744702492
coarse,teddy bear,hyper,plaything,False,145020,0.9,0.5931562280084448
coarse,teddy bear,hyper,plaything,False,145020,1.0,0.6066281765695322
coarse,teddy bear,hyper,plaything,True,145020,0.0,0.042388869237118265
coarse,teddy bear,hyper,plaything,True,145020,0.1,0.3538367096378146
coarse,teddy bear,hyper,plaything,True,145020,0.2,0.47694901259203193
coarse,teddy bear,hyper,plaything,True,145020,0.3,0.6310529662941764
coarse,teddy bear,hyper,plaything,True,145020,0.4,0.6130499431470305
coarse,teddy bear,hyper,plaything,True,145020,0.5,0.5990257659274452
coarse,teddy bear,hyper,plaything,True,145020,0.6,0.5792801969272557
coarse,teddy bear,hyper,plaything,True,145020,0.7,0.573063973063973
coarse,teddy bear,hyper,plaything,True,145020,0.8,0.5770473679734671
coarse,teddy bear,hyper,plaything,True,145020,0.9,0.5943096603440671
coarse,teddy bear,hyper,plaything,True,145020,1.0,0.6086658439599616
coarse,teddy bear,orig,teddy bear,False,328030,0.0,0.35155325443786983
coarse,teddy bear,orig,teddy bear,False,328030,0.1,0.35209183975383157
coarse,teddy bear,orig,teddy bear,False,328030,0.2,0.35362659801136365
coarse,teddy bear,orig,teddy bear,False,328030,0.3,0.35402329470615224
coarse,teddy bear,orig,teddy bear,False,328030,0.4,0.3514929902737272
coarse,teddy bear,orig,teddy bear,False,328030,0.5,0.3494364048405492
coarse,teddy bear,orig,teddy bear,False,328030,0.6,0.34411518425479254
coarse,teddy bear,orig,teddy bear,False,328030,0.7,0.33873048351941637
coarse,teddy bear,orig,teddy bear,False,328030,0.8,0.3315972222222222
coarse,teddy bear,orig,teddy bear,False,328030,0.9,0.32438131585004565
coarse,teddy bear,orig,teddy bear,False,328030,1.0,0.3151640806135188
coarse,teddy bear,orig,teddy bear,True,328030,0.0,0.35155325443786983
coarse,teddy bear,orig,teddy bear,True,328030,0.1,0.35209183975383157
coarse,teddy bear,orig,teddy bear,True,328030,0.2,0.35362659801136365
coarse,teddy bear,orig,teddy bear,True,328030,0.3,0.35402329470615224
coarse,teddy bear,orig,teddy bear,True,328030,0.4,0.3514929902737272
coarse,teddy bear,orig,teddy bear,True,328030,0.5,0.3494364048405492
coarse,teddy bear,orig,teddy bear,True,328030,0.6,0.34411518425479254
coarse,teddy bear,orig,teddy bear,True,328030,0.7,0.33873048351941637
coarse,teddy bear,orig,teddy bear,True,328030,0.8,0.3315972222222222
coarse,teddy bear,orig,teddy bear,True,328030,0.9,0.32438131585004565
coarse,teddy bear,orig,teddy bear,True,328030,1.0,0.3151640806135188
coarse,teddy bear,syn,teddy,False,328030,0.0,0.3151640806135188
coarse,teddy bear,syn,teddy,False,328030,0.1,0.32438131585004565
coarse,teddy bear,syn,teddy,False,328030,0.2,0.3315972222222222
coarse,teddy bear,syn,teddy,False,328030,0.3,0.33873048351941637
coarse,teddy bear,syn,teddy,False,328030,0.4,0.34411518425479254
coarse,teddy bear,syn,teddy,False,328030,0.5,0.3494364048405492
coarse,teddy bear,syn,teddy,False,328030,0.6,0.3514929902737272
coarse,teddy bear,syn,teddy,False,328030,0.7,0.35402329470615224
coarse,teddy bear,syn,teddy,False,328030,0.8,0.35362659801136365
coarse,teddy bear,syn,teddy,False,328030,0.9,0.35209183975383157
coarse,teddy bear,syn,teddy,False,328030,1.0,0.35155325443786983
coarse,teddy bear,syn,teddy,True,328030,0.0,0.3151640806135188
coarse,teddy bear,syn,teddy,True,328030,0.1,0.32438131585004565
coarse,teddy bear,syn,teddy,True,328030,0.2,0.3315972222222222
coarse,teddy bear,syn,teddy,True,328030,0.3,0.33873048351941637
coarse,teddy bear,syn,teddy,True,328030,0.4,0.34411518425479254
coarse,teddy bear,syn,teddy,True,328030,0.5,0.3494364048405492
coarse,teddy bear,syn,teddy,True,328030,0.6,0.3514929902737272
coarse,teddy bear,syn,teddy,True,328030,0.7,0.35402329470615224
coarse,teddy bear,syn,teddy,True,328030,0.8,0.35362659801136365
coarse,teddy bear,syn,teddy,True,328030,0.9,0.35209183975383157
coarse,teddy bear,syn,teddy,True,328030,1.0,0.35155325443786983
coarse,teddy bear,hyper,plaything,False,328030,0.0,0.46601816381870614
coarse,teddy bear,hyper,plaything,False,328030,0.1,0.46542626245102714
coarse,teddy bear,hyper,plaything,False,328030,0.2,0.4339684601519342
coarse,teddy bear,hyper,plaything,False,328030,0.3,0.3956888099257632
coarse,teddy bear,hyper,plaything,False,328030,0.4,0.3823920462099836
coarse,teddy bear,hyper,plaything,False,328030,0.5,0.37770440460625937
coarse,teddy bear,hyper,plaything,False,328030,0.6,0.37614597569534225
coarse,teddy bear,hyper,plaything,False,328030,0.7,0.37324339101266385
coarse,teddy bear,hyper,plaything,False,328030,0.8,0.3693978005084846
coarse,teddy bear,hyper,plaything,False,328030,0.9,0.3617894596713358
coarse,teddy bear,hyper,plaything,False,328030,1.0,0.3494364048405492
coarse,teddy bear,hyper,plaything,True,328030,0.0,0.46601816381870614
coarse,teddy bear,hyper,plaything,True,328030,0.1,0.465306240467258
coarse,teddy bear,hyper,plaything,True,328030,0.2,0.43382154403018297
coarse,teddy bear,hyper,plaything,True,328030,0.3,0.39549867673185946
coarse,teddy bear,hyper,plaything,True,328030,0.4,0.38205052444969717
coarse,teddy bear,hyper,plaything,True,328030,0.5,0.37749855958870715
coarse,teddy bear,hyper,plaything,True,328030,0.6,0.3759834521478964
coarse,teddy bear,hyper,plaything,True,328030,0.7,0.3730614355905279
coarse,teddy bear,hyper,plaything,True,328030,0.8,0.3692822775548214
coarse,teddy bear,hyper,plaything,True,328030,0.9,0.36182974632053844
coarse,teddy bear,hyper,plaything,True,328030,1.0,0.3492123447463728
coarse,teddy bear,orig,teddy bear,False,435205,0.0,0.8323068309070548
coarse,teddy bear,orig,teddy bear,False,435205,0.1,0.8318172276257785
coarse,teddy bear,orig,teddy bear,False,435205,0.2,0.8313219295483961
coarse,teddy bear,orig,teddy bear,False,435205,0.3,0.8310125253656148
coarse,teddy bear,orig,teddy bear,False,435205,0.4,0.8310988203171492
coarse,teddy bear,orig,teddy bear,False,435205,0.5,0.8309341178942944
coarse,teddy bear,orig,teddy bear,False,435205,0.6,0.8306279143147636
coarse,teddy bear,orig,teddy bear,False,435205,0.7,0.8305959149294588
coarse,teddy bear,orig,teddy bear,False,435205,0.8,0.8305388590108616
coarse,teddy bear,orig,teddy bear,False,435205,0.9,0.8310186817060274
coarse,teddy bear,orig,teddy bear,False,435205,1.0,0.8322886787775771
coarse,teddy bear,orig,teddy bear,True,435205,0.0,0.8323068309070548
coarse,teddy bear,orig,teddy bear,True,435205,0.1,0.8318172276257785
coarse,teddy bear,orig,teddy bear,True,435205,0.2,0.8313219295483961
coarse,teddy bear,orig,teddy bear,True,435205,0.3,0.8310125253656148
coarse,teddy bear,orig,teddy bear,True,435205,0.4,0.8310988203171492
coarse,teddy bear,orig,teddy bear,True,435205,0.5,0.8309341178942944
coarse,teddy bear,orig,teddy bear,True,435205,0.6,0.8306279143147636
coarse,teddy bear,orig,teddy bear,True,435205,0.7,0.8305959149294588
coarse,teddy bear,orig,teddy bear,True,435205,0.8,0.8305388590108616
coarse,teddy bear,orig,teddy bear,True,435205,0.9,0.8310186817060274
coarse,teddy bear,orig,teddy bear,True,435205,1.0,0.8322886787775771
coarse,teddy bear,syn,teddy,False,435205,0.0,0.8322886787775771
coarse,teddy bear,syn,teddy,False,435205,0.1,0.8310186817060274
coarse,teddy bear,syn,teddy,False,435205,0.2,0.8305388590108616
coarse,teddy bear,syn,teddy,False,435205,0.3,0.8305959149294588
coarse,teddy bear,syn,teddy,False,435205,0.4,0.8306279143147636
coarse,teddy bear,syn,teddy,False,435205,0.5,0.8309341178942944
coarse,teddy bear,syn,teddy,False,435205,0.6,0.8310988203171492
coarse,teddy bear,syn,teddy,False,435205,0.7,0.8310125253656148
coarse,teddy bear,syn,teddy,False,435205,0.8,0.8313219295483961
coarse,teddy bear,syn,teddy,False,435205,0.9,0.8318172276257785
coarse,teddy bear,syn,teddy,False,435205,1.0,0.8323068309070548
coarse,teddy bear,syn,teddy,True,435205,0.0,0.8322886787775771
coarse,teddy bear,syn,teddy,True,435205,0.1,0.8310186817060274
coarse,teddy bear,syn,teddy,True,435205,0.2,0.8305388590108616
coarse,teddy bear,syn,teddy,True,435205,0.3,0.8305959149294588
coarse,teddy bear,syn,teddy,True,435205,0.4,0.8306279143147636
coarse,teddy bear,syn,teddy,True,435205,0.5,0.8309341178942944
coarse,teddy bear,syn,teddy,True,435205,0.6,0.8310988203171492
coarse,teddy bear,syn,teddy,True,435205,0.7,0.8310125253656148
coarse,teddy bear,syn,teddy,True,435205,0.8,0.8313219295483961
coarse,teddy bear,syn,teddy,True,435205,0.9,0.8318172276257785
coarse,teddy bear,syn,teddy,True,435205,1.0,0.8323068309070548
coarse,teddy bear,hyper,plaything,False,435205,0.0,0.829544264012572
coarse,teddy bear,hyper,plaything,False,435205,0.1,0.8289894356408117
coarse,teddy bear,hyper,plaything,False,435205,0.2,0.8286793237250555
coarse,teddy bear,hyper,plaything,False,435205,0.3,0.8289764868603043
coarse,teddy bear,hyper,plaything,False,435205,0.4,0.8292210933720368
coarse,teddy bear,hyper,plaything,False,435205,0.5,0.8293466989284479
coarse,teddy bear,hyper,plaything,False,435205,0.6,0.8294243807942439
coarse,teddy bear,hyper,plaything,False,435205,0.7,0.8293764946452709
coarse,teddy bear,hyper,plaything,False,435205,0.8,0.8288892751607857
coarse,teddy bear,hyper,plaything,False,435205,0.9,0.829837724655383
coarse,teddy bear,hyper,plaything,False,435205,1.0,0.8309341178942944
coarse,teddy bear,hyper,plaything,True,435205,0.0,0.829544264012572
coarse,teddy bear,hyper,plaything,True,435205,0.1,0.8290241868223519
coarse,teddy bear,hyper,plaything,True,435205,0.2,0.8286446784922394
coarse,teddy bear,hyper,plaything,True,435205,0.3,0.8289705729797019
coarse,teddy bear,hyper,plaything,True,435205,0.4,0.8292269947130171
coarse,teddy bear,hyper,plaything,True,435205,0.5,0.8293239319784322
coarse,teddy bear,hyper,plaything,True,435205,0.6,0.8295914484380946
coarse,teddy bear,hyper,plaything,True,435205,0.7,0.8292843527984751
coarse,teddy bear,hyper,plaything,True,435205,0.8,0.8288892751607857
coarse,teddy bear,hyper,plaything,True,435205,0.9,0.8298028267318095
coarse,teddy bear,hyper,plaything,True,435205,1.0,0.8308640678084831
coarse,teddy bear,orig,teddy bear,False,776,0.0,0.8480343161752457
coarse,teddy bear,orig,teddy bear,False,776,0.1,0.8398
coarse,teddy bear,orig,teddy bear,False,776,0.2,0.8323668819122815
coarse,teddy bear,orig,teddy bear,False,776,0.3,0.8293358587860304
coarse,teddy bear,orig,teddy bear,False,776,0.4,0.8261786445066188
coarse,teddy bear,orig,teddy bear,False,776,0.5,0.8221291501038701
coarse,teddy bear,orig,teddy bear,False,776,0.6,0.8170025684143597
coarse,teddy bear,orig,teddy bear,False,776,0.7,0.8096271561385794
coarse,teddy bear,orig,teddy bear,False,776,0.8,0.8038459923583995
coarse,teddy bear,orig,teddy bear,False,776,0.9,0.7971569922509318
coarse,teddy bear,orig,teddy bear,False,776,1.0,0.7852928533499659
coarse,teddy bear,orig,teddy bear,True,776,0.0,0.8480343161752457
coarse,teddy bear,orig,teddy bear,True,776,0.1,0.8398
coarse,teddy bear,orig,teddy bear,True,776,0.2,0.8323668819122815
coarse,teddy bear,orig,teddy bear,True,776,0.3,0.8293358587860304
coarse,teddy bear,orig,teddy bear,True,776,0.4,0.8261786445066188
coarse,teddy bear,orig,teddy bear,True,776,0.5,0.8221291501038701
coarse,teddy bear,orig,teddy bear,True,776,0.6,0.8170025684143597
coarse,teddy bear,orig,teddy bear,True,776,0.7,0.8096271561385794
coarse,teddy bear,orig,teddy bear,True,776,0.8,0.8038459923583995
coarse,teddy bear,orig,teddy bear,True,776,0.9,0.7971569922509318
coarse,teddy bear,orig,teddy bear,True,776,1.0,0.7852928533499659
coarse,teddy bear,syn,teddy,False,776,0.0,0.7852928533499659
coarse,teddy bear,syn,teddy,False,776,0.1,0.7971569922509318
coarse,teddy bear,syn,teddy,False,776,0.2,0.8038459923583995
coarse,teddy bear,syn,teddy,False,776,0.3,0.8096271561385794
coarse,teddy bear,syn,teddy,False,776,0.4,0.8170025684143597
coarse,teddy bear,syn,teddy,False,776,0.5,0.8221291501038701
coarse,teddy bear,syn,teddy,False,776,0.6,0.8261786445066188
coarse,teddy bear,syn,teddy,False,776,0.7,0.8293358587860304
coarse,teddy bear,syn,teddy,False,776,0.8,0.8323668819122815
coarse,teddy bear,syn,teddy,False,776,0.9,0.8398
coarse,teddy bear,syn,teddy,False,776,1.0,0.8480343161752457
coarse,teddy bear,syn,teddy,True,776,0.0,0.7852928533499659
coarse,teddy bear,syn,teddy,True,776,0.1,0.7971569922509318
coarse,teddy bear,syn,teddy,True,776,0.2,0.8038459923583995
coarse,teddy bear,syn,teddy,True,776,0.3,0.8096271561385794
coarse,teddy bear,syn,teddy,True,776,0.4,0.8170025684143597
coarse,teddy bear,syn,teddy,True,776,0.5,0.8221291501038701
coarse,teddy bear,syn,teddy,True,776,0.6,0.8261786445066188
coarse,teddy bear,syn,teddy,True,776,0.7,0.8293358587860304
coarse,teddy bear,syn,teddy,True,776,0.8,0.8323668819122815
coarse,teddy bear,syn,teddy,True,776,0.9,0.8398
coarse,teddy bear,syn,teddy,True,776,1.0,0.8480343161752457
coarse,teddy bear,hyper,plaything,False,776,0.0,0.9385202494137622
coarse,teddy bear,hyper,plaything,False,776,0.1,0.9392541251137004
coarse,teddy bear,hyper,plaything,False,776,0.2,0.9396010434753985
coarse,teddy bear,hyper,plaything,False,776,0.3,0.9400457703579308
coarse,teddy bear,hyper,plaything,False,776,0.4,0.9405703597501689
coarse,teddy bear,hyper,plaything,False,776,0.5,0.9414459780742306
coarse,teddy bear,hyper,plaything,False,776,0.6,0.9409409078122156
coarse,teddy bear,hyper,plaything,False,776,0.7,0.9377037620805508
coarse,teddy bear,hyper,plaything,False,776,0.8,0.9197167647352149
coarse,teddy bear,hyper,plaything,False,776,0.9,0.8684046141673261
coarse,teddy bear,hyper,plaything,False,776,1.0,0.8221291501038701
coarse,teddy bear,hyper,plaything,True,776,0.0,0.9385202494137622
coarse,teddy bear,hyper,plaything,True,776,0.1,0.9392538750915781
coarse,teddy bear,hyper,plaything,True,776,0.2,0.939608527307216
coarse,teddy bear,hyper,plaything,True,776,0.3,0.9400442896775415
coarse,teddy bear,hyper,plaything,True,776,0.4,0.9405817402768623
coarse,teddy bear,hyper,plaything,True,776,0.5,0.9414527833043019
coarse,teddy bear,hyper,plaything,True,776,0.6,0.9409231380239038
coarse,teddy bear,hyper,plaything,True,776,0.7,0.9376778411023452
coarse,teddy bear,hyper,plaything,True,776,0.8,0.9194862077276619
coarse,teddy bear,hyper,plaything,True,776,0.9,0.8680556712365278
coarse,teddy bear,hyper,plaything,True,776,1.0,0.821849266396355
coarse,truck,orig,truck,False,315450,0.0,0.0
coarse,truck,orig,truck,False,315450,0.1,0.0
coarse,truck,orig,truck,False,315450,0.2,0.0
coarse,truck,orig,truck,False,315450,0.3,0.0
coarse,truck,orig,truck,False,315450,0.4,0.0
coarse,truck,orig,truck,False,315450,0.5,0.0
coarse,truck,orig,truck,False,315450,0.6,0.0
coarse,truck,orig,truck,False,315450,0.7,0.0
coarse,truck,orig,truck,False,315450,0.8,0.0
coarse,truck,orig,truck,False,315450,0.9,0.0
coarse,truck,orig,truck,False,315450,1.0,0.0
coarse,truck,orig,truck,True,315450,0.0,0.0
coarse,truck,orig,truck,True,315450,0.1,0.0
coarse,truck,orig,truck,True,315450,0.2,0.0
coarse,truck,orig,truck,True,315450,0.3,0.0
coarse,truck,orig,truck,True,315450,0.4,0.0
coarse,truck,orig,truck,True,315450,0.5,0.0
coarse,truck,orig,truck,True,315450,0.6,0.0
coarse,truck,orig,truck,True,315450,0.7,0.0
coarse,truck,orig,truck,True,315450,0.8,0.0
coarse,truck,orig,truck,True,315450,0.9,0.0
coarse,truck,orig,truck,True,315450,1.0,0.0
coarse,truck,syn,motortruck,False,315450,0.0,0.0
coarse,truck,syn,motortruck,False,315450,0.1,0.0
coarse,truck,syn,motortruck,False,315450,0.2,0.0
coarse,truck,syn,motortruck,False,315450,0.3,0.0
coarse,truck,syn,motortruck,False,315450,0.4,0.0
coarse,truck,syn,motortruck,False,315450,0.5,0.0
coarse,truck,syn,motortruck,False,315450,0.6,0.0
coarse,truck,syn,motortruck,False,315450,0.7,0.0
coarse,truck,syn,motortruck,False,315450,0.8,0.0
coarse,truck,syn,motortruck,False,315450,0.9,0.0
coarse,truck,syn,motortruck,False,315450,1.0,0.0
coarse,truck,syn,motortruck,True,315450,0.0,0.0
coarse,truck,syn,motortruck,True,315450,0.1,0.0
coarse,truck,syn,motortruck,True,315450,0.2,0.0
coarse,truck,syn,motortruck,True,315450,0.3,0.0
coarse,truck,syn,motortruck,True,315450,0.4,0.0
coarse,truck,syn,motortruck,True,315450,0.5,0.0
coarse,truck,syn,motortruck,True,315450,0.6,0.0
coarse,truck,syn,motortruck,True,315450,0.7,0.0
coarse,truck,syn,motortruck,True,315450,0.8,0.0
coarse,truck,syn,motortruck,True,315450,0.9,0.0
coarse,truck,syn,motortruck,True,315450,1.0,0.0
coarse,truck,hypo,tow truck,False,315450,0.0,0.0
coarse,truck,hypo,tow truck,False,315450,0.1,0.0
coarse,truck,hypo,tow truck,False,315450,0.2,0.0
coarse,truck,hypo,tow truck,False,315450,0.3,0.0
coarse,truck,hypo,tow truck,False,315450,0.4,0.0
coarse,truck,hypo,tow truck,False,315450,0.5,0.0
coarse,truck,hypo,tow truck,False,315450,0.6,0.0
coarse,truck,hypo,tow truck,False,315450,0.7,0.0
coarse,truck,hypo,tow truck,False,315450,0.8,0.0
coarse,truck,hypo,tow truck,False,315450,0.9,0.0
coarse,truck,hypo,tow truck,False,315450,1.0,0.0
coarse,truck,hypo,tow truck,True,315450,0.0,0.0
coarse,truck,hypo,tow truck,True,315450,0.1,0.0
coarse,truck,hypo,tow truck,True,315450,0.2,0.0
coarse,truck,hypo,tow truck,True,315450,0.3,0.0
coarse,truck,hypo,tow truck,True,315450,0.4,0.0
coarse,truck,hypo,tow truck,True,315450,0.5,0.0
coarse,truck,hypo,tow truck,True,315450,0.6,0.0
coarse,truck,hypo,tow truck,True,315450,0.7,0.0
coarse,truck,hypo,tow truck,True,315450,0.8,0.0
coarse,truck,hypo,tow truck,True,315450,0.9,0.0
coarse,truck,hypo,tow truck,True,315450,1.0,0.0
coarse,truck,hyper,motor vehicle,False,315450,0.0,0.0
coarse,truck,hyper,motor vehicle,False,315450,0.1,0.0
coarse,truck,hyper,motor vehicle,False,315450,0.2,0.0
coarse,truck,hyper,motor vehicle,False,315450,0.3,0.0
coarse,truck,hyper,motor vehicle,False,315450,0.4,0.0
coarse,truck,hyper,motor vehicle,False,315450,0.5,0.0
coarse,truck,hyper,motor vehicle,False,315450,0.6,0.0
coarse,truck,hyper,motor vehicle,False,315450,0.7,0.0
coarse,truck,hyper,motor vehicle,False,315450,0.8,0.0
coarse,truck,hyper,motor vehicle,False,315450,0.9,0.0
coarse,truck,hyper,motor vehicle,False,315450,1.0,0.0
coarse,truck,hyper,motor vehicle,True,315450,0.0,0.0
coarse,truck,hyper,motor vehicle,True,315450,0.1,0.0
coarse,truck,hyper,motor vehicle,True,315450,0.2,0.0
coarse,truck,hyper,motor vehicle,True,315450,0.3,0.0
coarse,truck,hyper,motor vehicle,True,315450,0.4,0.0
coarse,truck,hyper,motor vehicle,True,315450,0.5,0.0
coarse,truck,hyper,motor vehicle,True,315450,0.6,0.0
coarse,truck,hyper,motor vehicle,True,315450,0.7,0.0
coarse,truck,hyper,motor vehicle,True,315450,0.8,0.0
coarse,truck,hyper,motor vehicle,True,315450,0.9,0.0
coarse,truck,hyper,motor vehicle,True,315450,1.0,0.0
coarse,truck,orig,truck,False,9769,0.0,0.8845864734113293
coarse,truck,orig,truck,False,9769,0.1,0.8853675504367319
coarse,truck,orig,truck,False,9769,0.2,0.8858211268697203
coarse,truck,orig,truck,False,9769,0.3,0.8864290157051781
coarse,truck,orig,truck,False,9769,0.4,0.8872164304400453
coarse,truck,orig,truck,False,9769,0.5,0.8875844196638919
coarse,truck,orig,truck,False,9769,0.6,0.8853376027830487
coarse,truck,orig,truck,False,9769,0.7,0.8783301783401415
coarse,truck,orig,truck,False,9769,0.8,0.8464180963477842
coarse,truck,orig,truck,False,9769,0.9,0.7487199284785435
coarse,truck,orig,truck,False,9769,1.0,0.4023291765433371
coarse,truck,orig,truck,True,9769,0.0,0.8845864734113293
coarse,truck,orig,truck,True,9769,0.1,0.8853675504367319
coarse,truck,orig,truck,True,9769,0.2,0.8858211268697203
coarse,truck,orig,truck,True,9769,0.3,0.8864290157051781
coarse,truck,orig,truck,True,9769,0.4,0.8872164304400453
coarse,truck,orig,truck,True,9769,0.5,0.8875844196638919
coarse,truck,orig,truck,True,9769,0.6,0.8853376027830487
coarse,truck,orig,truck,True,9769,0.7,0.8783301783401415
coarse,truck,orig,truck,True,9769,0.8,0.8464180963477842
coarse,truck,orig,truck,True,9769,0.9,0.7487199284785435
coarse,truck,orig,truck,True,9769,1.0,0.4023291765433371
coarse,truck,syn,motortruck,False,9769,0.0,0.4023291765433371
coarse,truck,syn,motortruck,False,9769,0.1,0.7487199284785435
coarse,truck,syn,motortruck,False,9769,0.2,0.8464180963477842
coarse,truck,syn,motortruck,False,9769,0.3,0.8783301783401415
coarse,truck,syn,motortruck,False,9769,0.4,0.8853376027830487
coarse,truck,syn,motortruck,False,9769,0.5,0.8875844196638919
coarse,truck,syn,motortruck,False,9769,0.6,0.8872164304400453
coarse,truck,syn,motortruck,False,9769,0.7,0.8864290157051781
coarse,truck,syn,motortruck,False,9769,0.8,0.8858211268697203
coarse,truck,syn,motortruck,False,9769,0.9,0.8853675504367319
coarse,truck,syn,motortruck,False,9769,1.0,0.8845864734113293
coarse,truck,syn,motortruck,True,9769,0.0,0.4023291765433371
coarse,truck,syn,motortruck,True,9769,0.1,0.7487199284785435
coarse,truck,syn,motortruck,True,9769,0.2,0.8464180963477842
coarse,truck,syn,motortruck,True,9769,0.3,0.8783301783401415
coarse,truck,syn,motortruck,True,9769,0.4,0.8853376027830487
coarse,truck,syn,motortruck,True,9769,0.5,0.8875844196638919
coarse,truck,syn,motortruck,True,9769,0.6,0.8872164304400453
coarse,truck,syn,motortruck,True,9769,0.7,0.8864290157051781
coarse,truck,syn,motortruck,True,9769,0.8,0.8858211268697203
coarse,truck,syn,motortruck,True,9769,0.9,0.8853675504367319
coarse,truck,syn,motortruck,True,9769,1.0,0.8845864734113293
coarse,truck,hypo,tow truck,False,9769,0.0,0.23325418645338666
coarse,truck,hypo,tow truck,False,9769,0.1,0.6945156330087134
coarse,truck,hypo,tow truck,False,9769,0.2,0.7970439580354806
coarse,truck,hypo,tow truck,False,9769,0.3,0.8583603815289034
coarse,truck,hypo,tow truck,False,9769,0.4,0.8782924613987284
coarse,truck,hypo,tow truck,False,9769,0.5,0.8829094049301304
coarse,truck,hypo,tow truck,False,9769,0.6,0.8844552190658664
coarse,truck,hypo,tow truck,False,9769,0.7,0.8854984186482371
coarse,truck,hypo,tow truck,False,9769,0.8,0.886042333828009
coarse,truck,hypo,tow truck,False,9769,0.9,0.8870342830306825
coarse,truck,hypo,tow truck,False,9769,1.0,0.8875844196638919
coarse,truck,hypo,tow truck,True,9769,0.0,0.23325418645338666
coarse,truck,hypo,tow truck,True,9769,0.1,0.694495130702204
coarse,truck,hypo,tow truck,True,9769,0.2,0.7969634119329051
coarse,truck,hypo,tow truck,True,9769,0.3,0.858363201911589
coarse,truck,hypo,tow truck,True,9769,0.4,0.878272716502784
coarse,truck,hypo,tow truck,True,9769,0.5,0.882907106828129
coarse,truck,hypo,tow truck,True,9769,0.6,0.8844356683415121
coarse,truck,hypo,tow truck,True,9769,0.7,0.8854984186482371
coarse,truck,hypo,tow truck,True,9769,0.8,0.8860250327065393
coarse,truck,hypo,tow truck,True,9769,0.9,0.8870516408038667
coarse,truck,hypo,tow truck,True,9769,1.0,0.8875822126239324
coarse,truck,hyper,motor vehicle,False,9769,0.0,0.31365236775766164
coarse,truck,hyper,motor vehicle,False,9769,0.1,0.5423319524533172
coarse,truck,hyper,motor vehicle,False,9769,0.2,0.6162178891983906
coarse,truck,hyper,motor vehicle,False,9769,0.3,0.6717797042325344
coarse,truck,hyper,motor vehicle,False,9769,0.4,0.7332472145971258
coarse,truck,hyper,motor vehicle,False,9769,0.5,0.7693414034877449
coarse,truck,hyper,motor vehicle,False,9769,0.6,0.7987413892362972
coarse,truck,hyper,motor vehicle,False,9769,0.7,0.8463970907941025
coarse,truck,hyper,motor vehicle,False,9769,0.8,0.8744877856579985
coarse,truck,hyper,motor vehicle,False,9769,0.9,0.8838699532177536
coarse,truck,hyper,motor vehicle,False,9769,1.0,0.8875844196638919
coarse,truck,hyper,motor vehicle,True,9769,0.0,0.31365236775766164
coarse,truck,hyper,motor vehicle,True,9769,0.1,0.5408139897991048
coarse,truck,hyper,motor vehicle,True,9769,0.2,0.61511630306908
coarse,truck,hyper,motor vehicle,True,9769,0.3,0.6704754131809835
coarse,truck,hyper,motor vehicle,True,9769,0.4,0.7318831798351915
coarse,truck,hyper,motor vehicle,True,9769,0.5,0.7684067471420577
coarse,truck,hyper,motor vehicle,True,9769,0.6,0.7968976543724801
coarse,truck,hyper,motor vehicle,True,9769,0.7,0.8439681252842426
coarse,truck,hyper,motor vehicle,True,9769,0.8,0.8742262350668296
coarse,truck,hyper,motor vehicle,True,9769,0.9,0.8834300324515685
coarse,truck,hyper,motor vehicle,True,9769,1.0,0.8876622993969632
coarse,truck,orig,truck,False,205289,0.0,0.8384731851143518
coarse,truck,orig,truck,False,205289,0.1,0.8388384658380134
coarse,truck,orig,truck,False,205289,0.2,0.8386537126995143
coarse,truck,orig,truck,False,205289,0.3,0.8388461847497121
coarse,truck,orig,truck,False,205289,0.4,0.8376045392206954
coarse,truck,orig,truck,False,205289,0.5,0.8362648942206371
coarse,truck,orig,truck,False,205289,0.6,0.8327859953860768
coarse,truck,orig,truck,False,205289,0.7,0.827040593627237
coarse,truck,orig,truck,False,205289,0.8,0.8170363456681673
coarse,truck,orig,truck,False,205289,0.9,0.7871306268986468
coarse,truck,orig,truck,False,205289,1.0,0.6998969100888802
coarse,truck,orig,truck,True,205289,0.0,0.8384731851143518
coarse,truck,orig,truck,True,205289,0.1,0.8388384658380134
coarse,truck,orig,truck,True,205289,0.2,0.8386537126995143
coarse,truck,orig,truck,True,205289,0.3,0.8388461847497121
coarse,truck,orig,truck,True,205289,0.4,0.8376045392206954
coarse,truck,orig,truck,True,205289,0.5,0.8362648942206371
coarse,truck,orig,truck,True,205289,0.6,0.8327859953860768
coarse,truck,orig,truck,True,205289,0.7,0.827040593627237
coarse,truck,orig,truck,True,205289,0.8,0.8170363456681673
coarse,truck,orig,truck,True,205289,0.9,0.7871306268986468
coarse,truck,orig,truck,True,205289,1.0,0.6998969100888802
coarse,truck,syn,motortruck,False,205289,0.0,0.6998969100888802
coarse,truck,syn,motortruck,False,205289,0.1,0.7871306268986468
coarse,truck,syn,motortruck,False,205289,0.2,0.8170363456681673
coarse,truck,syn,motortruck,False,205289,0.3,0.827040593627237
coarse,truck,syn,motortruck,False,205289,0.4,0.8327859953860768
coarse,truck,syn,motortruck,False,205289,0.5,0.8362648942206371
coarse,truck,syn,motortruck,False,205289,0.6,0.8376045392206954
coarse,truck,syn,motortruck,False,205289,0.7,0.8388461847497121
coarse,truck,syn,motortruck,False,205289,0.8,0.8386537126995143
coarse,truck,syn,motortruck,False,205289,0.9,0.8388384658380134
coarse,truck,syn,motortruck,False,205289,1.0,0.8384731851143518
coarse,truck,syn,motortruck,True,205289,0.0,0.6998969100888802
coarse,truck,syn,motortruck,True,205289,0.1,0.7871306268986468
coarse,truck,syn,motortruck,True,205289,0.2,0.8170363456681673
coarse,truck,syn,motortruck,True,205289,0.3,0.827040593627237
coarse,truck,syn,motortruck,True,205289,0.4,0.8327859953860768
coarse,truck,syn,motortruck,True,205289,0.5,0.8362648942206371
coarse,truck,syn,motortruck,True,205289,0.6,0.8376045392206954
coarse,truck,syn,motortruck,True,205289,0.7,0.8388461847497121
coarse,truck,syn,motortruck,True,205289,0.8,0.8386537126995143
coarse,truck,syn,motortruck,True,205289,0.9,0.8388384658380134
coarse,truck,syn,motortruck,True,205289,1.0,0.8384731851143518
coarse,truck,hypo,tow truck,False,205289,0.0,0.0
coarse,truck,hypo,tow truck,False,205289,0.1,0.0
coarse,truck,hypo,tow truck,False,205289,0.2,0.24329121540312876
coarse,truck,hypo,tow truck,False,205289,0.3,0.6444574976923723
coarse,truck,hypo,tow truck,False,205289,0.4,0.7914538879841002
coarse,truck,hypo,tow truck,False,205289,0.5,0.8206955139623469
coarse,truck,hypo,tow truck,False,205289,0.6,0.8307704868954631
coarse,truck,hypo,tow truck,False,205289,0.7,0.8344000867867216
coarse,truck,hypo,tow truck,False,205289,0.8,0.8365816685615289
coarse,truck,hypo,tow truck,False,205289,0.9,0.8365769272353768
coarse,truck,hypo,tow truck,False,205289,1.0,0.8362648942206371
coarse,truck,hypo,tow truck,True,205289,0.0,0.0
coarse,truck,hypo,tow truck,True,205289,0.1,0.0
coarse,truck,hypo,tow truck,True,205289,0.2,0.2430879388669936
coarse,truck,hypo,tow truck,True,205289,0.3,0.6443176414645744
coarse,truck,hypo,tow truck,True,205289,0.4,0.7914262842631187
coarse,truck,hypo,tow truck,True,205289,0.5,0.820640705927489
coarse,truck,hypo,tow truck,True,205289,0.6,0.8307704868954631
coarse,truck,hypo,tow truck,True,205289,0.7,0.8343458450857019
coarse,truck,hypo,tow truck,True,205289,0.8,0.8365545991012939
coarse,truck,hypo,tow truck,True,205289,0.9,0.8365769272353768
coarse,truck,hypo,tow truck,True,205289,1.0,0.8362604701432046
coarse,truck,hyper,motor vehicle,False,205289,0.0,0.0
coarse,truck,hyper,motor vehicle,False,205289,0.1,0.0
coarse,truck,hyper,motor vehicle,False,205289,0.2,0.0
coarse,truck,hyper,motor vehicle,False,205289,0.3,0.0011440269749518304
coarse,truck,hyper,motor vehicle,False,205289,0.4,0.12030346820809248
coarse,truck,hyper,motor vehicle,False,205289,0.5,0.45829194135886087
coarse,truck,hyper,motor vehicle,False,205289,0.6,0.6377180335283974
coarse,truck,hyper,motor vehicle,False,205289,0.7,0.7587886840502686
coarse,truck,hyper,motor vehicle,False,205289,0.8,0.81724298937076
coarse,truck,hyper,motor vehicle,False,205289,0.9,0.8307935125721128
coarse,truck,hyper,motor vehicle,False,205289,1.0,0.8362648942206371
coarse,truck,hyper,motor vehicle,True,205289,0.0,0.0
coarse,truck,hyper,motor vehicle,True,205289,0.1,0.0
coarse,truck,hyper,motor vehicle,True,205289,0.2,0.0
coarse,truck,hyper,motor vehicle,True,205289,0.3,0.0009934971098265895
coarse,truck,hyper,motor vehicle,True,205289,0.4,0.11316835260115607
coarse,truck,hyper,motor vehicle,True,205289,0.5,0.4524218067973148
coarse,truck,hyper,motor vehicle,True,205289,0.6,0.6299994342931493
coarse,truck,hyper,motor vehicle,True,205289,0.7,0.7535794400288017
coarse,truck,hyper,motor vehicle,True,205289,0.8,0.8165306514989146
coarse,truck,hyper,motor vehicle,True,205289,0.9,0.8305200108902804
coarse,truck,hyper,motor vehicle,True,205289,1.0,0.836117418099254
coarse,truck,orig,truck,False,142585,0.0,3.093102381688834e-05
coarse,truck,orig,truck,False,142585,0.1,0.0
coarse,truck,orig,truck,False,142585,0.2,0.0
coarse,truck,orig,truck,False,142585,0.3,0.0
coarse,truck,orig,truck,False,142585,0.4,0.0
coarse,truck,orig,truck,False,142585,0.5,0.0
coarse,truck,orig,truck,False,142585,0.6,0.0
coarse,truck,orig,truck,False,142585,0.7,0.0
coarse,truck,orig,truck,False,142585,0.8,0.0
coarse,truck,orig,truck,False,142585,0.9,0.0
coarse,truck,orig,truck,False,142585,1.0,0.0
coarse,truck,orig,truck,True,142585,0.0,3.093102381688834e-05
coarse,truck,orig,truck,True,142585,0.1,0.0
coarse,truck,orig,truck,True,142585,0.2,0.0
coarse,truck,orig,truck,True,142585,0.3,0.0
coarse,truck,orig,truck,True,142585,0.4,0.0
coarse,truck,orig,truck,True,142585,0.5,0.0
coarse,truck,orig,truck,True,142585,0.6,0.0
coarse,truck,orig,truck,True,142585,0.7,0.0
coarse,truck,orig,truck,True,142585,0.8,0.0
coarse,truck,orig,truck,True,142585,0.9,0.0
coarse,truck,orig,truck,True,142585,1.0,0.0
coarse,truck,syn,motortruck,False,142585,0.0,0.0
coarse,truck,syn,motortruck,False,142585,0.1,0.0
coarse,truck,syn,motortruck,False,142585,0.2,0.0
coarse,truck,syn,motortruck,False,142585,0.3,0.0
coarse,truck,syn,motortruck,False,142585,0.4,0.0
coarse,truck,syn,motortruck,False,142585,0.5,0.0
coarse,truck,syn,motortruck,False,142585,0.6,0.0
coarse,truck,syn,motortruck,False,142585,0.7,0.0
coarse,truck,syn,motortruck,False,142585,0.8,0.0
coarse,truck,syn,motortruck,False,142585,0.9,0.0
coarse,truck,syn,motortruck,False,142585,1.0,3.093102381688834e-05
coarse,truck,syn,motortruck,True,142585,0.0,0.0
coarse,truck,syn,motortruck,True,142585,0.1,0.0
coarse,truck,syn,motortruck,True,142585,0.2,0.0
coarse,truck,syn,motortruck,True,142585,0.3,0.0
coarse,truck,syn,motortruck,True,142585,0.4,0.0
coarse,truck,syn,motortruck,True,142585,0.5,0.0
coarse,truck,syn,motortruck,True,142585,0.6,0.0
coarse,truck,syn,motortruck,True,142585,0.7,0.0
coarse,truck,syn,motortruck,True,142585,0.8,0.0
coarse,truck,syn,motortruck,True,142585,0.9,0.0
coarse,truck,syn,motortruck,True,142585,1.0,3.093102381688834e-05
coarse,truck,hypo,tow truck,False,142585,0.0,0.0
coarse,truck,hypo,tow truck,False,142585,0.1,0.0
coarse,truck,hypo,tow truck,False,142585,0.2,0.0
coarse,truck,hypo,tow truck,False,142585,0.3,0.0
coarse,truck,hypo,tow truck,False,142585,0.4,0.0
coarse,truck,hypo,tow truck,False,142585,0.5,0.0
coarse,truck,hypo,tow truck,False,142585,0.6,0.0
coarse,truck,hypo,tow truck,False,142585,0.7,0.0
coarse,truck,hypo,tow truck,False,142585,0.8,0.0
coarse,truck,hypo,tow truck,False,142585,0.9,0.0
coarse,truck,hypo,tow truck,False,142585,1.0,0.0
coarse,truck,hypo,tow truck,True,142585,0.0,0.0
coarse,truck,hypo,tow truck,True,142585,0.1,0.0
coarse,truck,hypo,tow truck,True,142585,0.2,0.0
coarse,truck,hypo,tow truck,True,142585,0.3,0.0
coarse,truck,hypo,tow truck,True,142585,0.4,0.0
coarse,truck,hypo,tow truck,True,142585,0.5,0.0
coarse,truck,hypo,tow truck,True,142585,0.6,0.0
coarse,truck,hypo,tow truck,True,142585,0.7,0.0
coarse,truck,hypo,tow truck,True,142585,0.8,0.0
coarse,truck,hypo,tow truck,True,142585,0.9,0.0
coarse,truck,hypo,tow truck,True,142585,1.0,0.0
coarse,truck,hyper,motor vehicle,False,142585,0.0,0.0
coarse,truck,hyper,motor vehicle,False,142585,0.1,0.0
coarse,truck,hyper,motor vehicle,False,142585,0.2,0.17131598454995903
coarse,truck,hyper,motor vehicle,False,142585,0.3,0.3195739534157856
coarse,truck,hyper,motor vehicle,False,142585,0.4,0.4403916673168448
coarse,truck,hyper,motor vehicle,False,142585,0.5,0.44730067093150255
coarse,truck,hyper,motor vehicle,False,142585,0.6,0.35066911162264447
coarse,truck,hyper,motor vehicle,False,142585,0.7,0.17073075572548865
coarse,truck,hyper,motor vehicle,False,142585,0.8,3.90152549646912e-05
coarse,truck,hyper,motor vehicle,False,142585,0.9,0.0
coarse,truck,hyper,motor vehicle,False,142585,1.0,0.0
coarse,truck,hyper,motor vehicle,True,142585,0.0,0.0
coarse,truck,hyper,motor vehicle,True,142585,0.1,0.0
coarse,truck,hyper,motor vehicle,True,142585,0.2,0.16714135226873708
coarse,truck,hyper,motor vehicle,True,142585,0.3,0.31391674144590537
coarse,truck,hyper,motor vehicle,True,142585,0.4,0.4254223401349928
coarse,truck,hyper,motor vehicle,True,142585,0.5,0.43260114704849595
coarse,truck,hyper,motor vehicle,True,142585,0.6,0.32632359252467713
coarse,truck,hyper,motor vehicle,True,142585,0.7,0.1576216300573524
coarse,truck,hyper,motor vehicle,True,142585,0.8,0.0
coarse,truck,hyper,motor vehicle,True,142585,0.9,0.0
coarse,truck,hyper,motor vehicle,True,142585,1.0,0.0
coarse,truck,orig,truck,False,245448,0.0,0.5633578040217044
coarse,truck,orig,truck,False,245448,0.1,0.5464929214929215
coarse,truck,orig,truck,False,245448,0.2,0.5242340735937753
coarse,truck,orig,truck,False,245448,0.3,0.5022076860179886
coarse,truck,orig,truck,False,245448,0.4,0.47611202635914335
coarse,truck,orig,truck,False,245448,0.5,0.4489322959774872
coarse,truck,orig,truck,False,245448,0.6,0.3663957538563609
coarse,truck,orig,truck,False,245448,0.7,0.25428238815898885
coarse,truck,orig,truck,False,245448,0.8,0.09208992506244797
coarse,truck,orig,truck,False,245448,0.9,0.00033305578684429644
coarse,truck,orig,truck,False,245448,1.0,0.0
coarse,truck,orig,truck,True,245448,0.0,0.5633578040217044
coarse,truck,orig,truck,True,245448,0.1,0.5464929214929215
coarse,truck,orig,truck,True,245448,0.2,0.5242340735937753
coarse,truck,orig,truck,True,245448,0.3,0.5022076860179886
coarse,truck,orig,truck,True,245448,0.4,0.47611202635914335
coarse,truck,orig,truck,True,245448,0.5,0.4489322959774872
coarse,truck,orig,truck,True,245448,0.6,0.3663957538563609
coarse,truck,orig,truck,True,245448,0.7,0.25428238815898885
coarse,truck,orig,truck,True,245448,0.8,0.09208992506244797
coarse,truck,orig,truck,True,245448,0.9,0.00033305578684429644
coarse,truck,orig,truck,True,245448,1.0,0.0
coarse,truck,syn,motortruck,False,245448,0.0,0.0
coarse,truck,syn,motortruck,False,245448,0.1,0.00033305578684429644
coarse,truck,syn,motortruck,False,245448,0.2,0.09208992506244797
coarse,truck,syn,motortruck,False,245448,0.3,0.25428238815898885
coarse,truck,syn,motortruck,False,245448,0.4,0.3663957538563609
coarse,truck,syn,motortruck,False,245448,0.5,0.4489322959774872
coarse,truck,syn,motortruck,False,245448,0.6,0.47611202635914335
coarse,truck,syn,motortruck,False,245448,0.7,0.5022076860179886
coarse,truck,syn,motortruck,False,245448,0.8,0.5242340735937753
coarse,truck,syn,motortruck,False,245448,0.9,0.5464929214929215
coarse,truck,syn,motortruck,False,245448,1.0,0.5633578040217044
coarse,truck,syn,motortruck,True,245448,0.0,0.0
coarse,truck,syn,motortruck,True,245448,0.1,0.00033305578684429644
coarse,truck,syn,motortruck,True,245448,0.2,0.09208992506244797
coarse,truck,syn,motortruck,True,245448,0.3,0.25428238815898885
coarse,truck,syn,motortruck,True,245448,0.4,0.3663957538563609
coarse,truck,syn,motortruck,True,245448,0.5,0.4489322959774872
coarse,truck,syn,motortruck,True,245448,0.6,0.47611202635914335
coarse,truck,syn,motortruck,True,245448,0.7,0.5022076860179886
coarse,truck,syn,motortruck,True,245448,0.8,0.5242340735937753
coarse,truck,syn,motortruck,True,245448,0.9,0.5464929214929215
coarse,truck,syn,motortruck,True,245448,1.0,0.5633578040217044
coarse,truck,hypo,tow truck,False,245448,0.0,0.0
coarse,truck,hypo,tow truck,False,245448,0.1,0.05228975853455454
coarse,truck,hypo,tow truck,False,245448,0.2,0.35786675527496264
coarse,truck,hypo,tow truck,False,245448,0.3,0.45770567786790267
coarse,truck,hypo,tow truck,False,245448,0.4,0.49020898469639623
coarse,truck,hypo,tow truck,False,245448,0.5,0.5084329457999017
coarse,truck,hypo,tow truck,False,245448,0.6,0.5159235668789809
coarse,truck,hypo,tow truck,False,245448,0.7,0.5173934345908868
coarse,truck,hypo,tow truck,False,245448,0.8,0.5064722267737178
coarse,truck,hypo,tow truck,False,245448,0.9,0.48130456267501237
coarse,truck,hypo,tow truck,False,245448,1.0,0.4489322959774872
coarse,truck,hypo,tow truck,True,245448,0.0,0.0
coarse,truck,hypo,tow truck,True,245448,0.1,0.05212323064113239
coarse,truck,hypo,tow truck,True,245448,0.2,0.35786675527496264
coarse,truck,hypo,tow truck,True,245448,0.3,0.45737460685317
coarse,truck,hypo,tow truck,True,245448,0.4,0.49020898469639623
coarse,truck,hypo,tow truck,True,245448,0.5,0.5084329457999017
coarse,truck,hypo,tow truck,True,245448,0.6,0.5159235668789809
coarse,truck,hypo,tow truck,True,245448,0.7,0.5170667973215743
coarse,truck,hypo,tow truck,True,245448,0.8,0.5064722267737178
coarse,truck,hypo,tow truck,True,245448,0.9,0.4814692801844836
coarse,truck,hypo,tow truck,True,245448,1.0,0.4489322959774872
coarse,truck,hyper,motor vehicle,False,245448,0.0,0.03430474604496253
coarse,truck,hyper,motor vehicle,False,245448,0.1,0.2313196871359627
coarse,truck,hyper,motor vehicle,False,245448,0.2,0.4090909090909091
coarse,truck,hyper,motor vehicle,False,245448,0.3,0.47487603305785125
coarse,truck,hyper,motor vehicle,False,245448,0.4,0.5107429883549287
coarse,truck,hyper,motor vehicle,False,245448,0.5,0.5288758744102814
coarse,truck,hyper,motor vehicle,False,245448,0.6,0.5346839546191248
coarse,truck,hyper,motor vehicle,False,245448,0.7,0.5325981187155369
coarse,truck,hyper,motor vehicle,False,245448,0.8,0.521760391198044
coarse,truck,hyper,motor vehicle,False,245448,0.9,0.49523339907955294
coarse,truck,hyper,motor vehicle,False,245448,1.0,0.4489322959774872
coarse,truck,hyper,motor vehicle,True,245448,0.0,0.03430474604496253
coarse,truck,hyper,motor vehicle,True,245448,0.1,0.2300266311584554
coarse,truck,hyper,motor vehicle,True,245448,0.2,0.407100199071002
coarse,truck,hyper,motor vehicle,True,245448,0.3,0.47271825396825395
coarse,truck,hyper,motor vehicle,True,245448,0.4,0.509514435695538
coarse,truck,hyper,motor vehicle,True,245448,0.5,0.5277551684844538
coarse,truck,hyper,motor vehicle,True,245448,0.6,0.5340687865022713
coarse,truck,hyper,motor vehicle,True,245448,0.7,0.5313868613138686
coarse,truck,hyper,motor vehicle,True,245448,0.8,0.5207959549828739
coarse,truck,hyper,motor vehicle,True,245448,0.9,0.49218878473935207
coarse,truck,hyper,motor vehicle,True,245448,1.0,0.44519867549668873
fine,baseball glove,orig,baseball glove,False,501005,0.5,0.04740200546946217
fine,baseball glove,orig,baseball glove,False,501005,0.51,0.0351985559566787
fine,baseball glove,orig,baseball glove,False,501005,0.52,0.014222222222222223
fine,baseball glove,orig,baseball glove,False,501005,0.53,0.007832898172323759
fine,baseball glove,orig,baseball glove,False,501005,0.54,0.0
fine,baseball glove,orig,baseball glove,False,501005,0.55,0.0
fine,baseball glove,orig,baseball glove,False,501005,0.56,0.0
fine,baseball glove,orig,baseball glove,False,501005,0.57,0.0
fine,baseball glove,orig,baseball glove,False,501005,0.58,0.0
fine,baseball glove,orig,baseball glove,False,501005,0.59,0.0
fine,baseball glove,orig,baseball glove,False,501005,0.6,0.0
fine,baseball glove,orig,baseball glove,False,501005,0.61,0.0
fine,baseball glove,orig,baseball glove,False,501005,0.62,0.0
fine,baseball glove,orig,baseball glove,False,501005,0.63,0.0
fine,baseball glove,orig,baseball glove,False,501005,0.64,0.0
fine,baseball glove,orig,baseball glove,False,501005,0.65,0.0
fine,baseball glove,orig,baseball glove,False,501005,0.66,0.0
fine,baseball glove,orig,baseball glove,False,501005,0.67,0.0
fine,baseball glove,orig,baseball glove,False,501005,0.68,0.0
fine,baseball glove,orig,baseball glove,False,501005,0.69,0.0
fine,baseball glove,orig,baseball glove,False,501005,0.7,0.0
fine,baseball glove,orig,baseball glove,False,501005,0.71,0.0
fine,baseball glove,orig,baseball glove,False,501005,0.72,0.0
fine,baseball glove,orig,baseball glove,False,501005,0.73,0.0
fine,baseball glove,orig,baseball glove,False,501005,0.74,0.0
fine,baseball glove,orig,baseball glove,False,501005,0.75,0.0
fine,baseball glove,orig,baseball glove,False,501005,0.76,0.0
fine,baseball glove,orig,baseball glove,False,501005,0.77,0.0
fine,baseball glove,orig,baseball glove,False,501005,0.78,0.0
fine,baseball glove,orig,baseball glove,False,501005,0.79,0.0
fine,baseball glove,orig,baseball glove,False,501005,0.8,0.0
fine,baseball glove,orig,baseball glove,True,501005,0.5,0.15225563909774437
fine,baseball glove,orig,baseball glove,True,501005,0.51,0.1323943661971831
fine,baseball glove,orig,baseball glove,True,501005,0.52,0.11632270168855535
fine,baseball glove,orig,baseball glove,True,501005,0.53,0.09925093632958802
fine,baseball glove,orig,baseball glove,True,501005,0.54,0.08186046511627906
fine,baseball glove,orig,baseball glove,True,501005,0.55,0.06957328385899815
fine,baseball glove,orig,baseball glove,True,501005,0.56,0.06232813932172319
fine,baseball glove,orig,baseball glove,True,501005,0.57,0.051771117166212535
fine,baseball glove,orig,baseball glove,True,501005,0.58,0.04132973944294699
fine,baseball glove,orig,baseball glove,True,501005,0.59,0.028545941123996433
fine,baseball glove,orig,baseball glove,True,501005,0.6,0.01235657546337158
fine,baseball glove,orig,baseball glove,True,501005,0.61,0.006938421509106678
fine,baseball glove,orig,baseball glove,True,501005,0.62,0.0
fine,baseball glove,orig,baseball glove,True,501005,0.63,0.0
fine,baseball glove,orig,baseball glove,True,501005,0.64,0.0
fine,baseball glove,orig,baseball glove,True,501005,0.65,0.0
fine,baseball glove,orig,baseball glove,True,501005,0.66,0.0
fine,baseball glove,orig,baseball glove,True,501005,0.67,0.0
fine,baseball glove,orig,baseball glove,True,501005,0.68,0.0
fine,baseball glove,orig,baseball glove,True,501005,0.69,0.0
fine,baseball glove,orig,baseball glove,True,501005,0.7,0.0
fine,baseball glove,orig,baseball glove,True,501005,0.71,0.0
fine,baseball glove,orig,baseball glove,True,501005,0.72,0.0
fine,baseball glove,orig,baseball glove,True,501005,0.73,0.0
fine,baseball glove,orig,baseball glove,True,501005,0.74,0.0
fine,baseball glove,orig,baseball glove,True,501005,0.75,0.0
fine,baseball glove,orig,baseball glove,True,501005,0.76,0.0
fine,baseball glove,orig,baseball glove,True,501005,0.77,0.0
fine,baseball glove,orig,baseball glove,True,501005,0.78,0.0
fine,baseball glove,orig,baseball glove,True,501005,0.79,0.0
fine,baseball glove,orig,baseball glove,True,501005,0.8,0.0
fine,baseball glove,syn,glove,False,501005,0.5,0.36618444846292947
fine,baseball glove,syn,glove,False,501005,0.51,0.3454876937101185
fine,baseball glove,syn,glove,False,501005,0.52,0.3125572868927589
fine,baseball glove,syn,glove,False,501005,0.53,0.2730627306273063
fine,baseball glove,syn,glove,False,501005,0.54,0.23605947955390336
fine,baseball glove,syn,glove,False,501005,0.55,0.19514472455648926
fine,baseball glove,syn,glove,False,501005,0.56,0.14272300469483568
fine,baseball glove,syn,glove,False,501005,0.57,0.09586466165413533
fine,baseball glove,syn,glove,False,501005,0.58,0.07048872180451128
fine,baseball glove,syn,glove,False,501005,0.59,0.05258215962441314
fine,baseball glove,syn,glove,False,501005,0.6,0.026241799437675725
fine,baseball glove,syn,glove,False,501005,0.61,0.0037209302325581397
fine,baseball glove,syn,glove,False,501005,0.62,0.0
fine,baseball glove,syn,glove,False,501005,0.63,0.0
fine,baseball glove,syn,glove,False,501005,0.64,0.0
fine,baseball glove,syn,glove,False,501005,0.65,0.0
fine,baseball glove,syn,glove,False,501005,0.66,0.0
fine,baseball glove,syn,glove,False,501005,0.67,0.0
fine,baseball glove,syn,glove,False,501005,0.68,0.0
fine,baseball glove,syn,glove,False,501005,0.69,0.0
fine,baseball glove,syn,glove,False,501005,0.7,0.0
fine,baseball glove,syn,glove,False,501005,0.71,0.0
fine,baseball glove,syn,glove,False,501005,0.72,0.0
fine,baseball glove,syn,glove,False,501005,0.73,0.0
fine,baseball glove,syn,glove,False,501005,0.74,0.0
fine,baseball glove,syn,glove,False,501005,0.75,0.0
fine,baseball glove,syn,glove,False,501005,0.76,0.0
fine,baseball glove,syn,glove,False,501005,0.77,0.0
fine,baseball glove,syn,glove,False,501005,0.78,0.0
fine,baseball glove,syn,glove,False,501005,0.79,0.0
fine,baseball glove,syn,glove,False,501005,0.8,0.0
fine,baseball glove,syn,glove,True,501005,0.5,0.4033687943262411
fine,baseball glove,syn,glove,True,501005,0.51,0.3906810035842294
fine,baseball glove,syn,glove,True,501005,0.52,0.37725631768953066
fine,baseball glove,syn,glove,True,501005,0.53,0.35916134913400183
fine,baseball glove,syn,glove,True,501005,0.54,0.3305860805860806
fine,baseball glove,syn,glove,True,501005,0.55,0.2995391705069124
fine,baseball glove,syn,glove,True,501005,0.56,0.2632066728452271
fine,baseball glove,syn,glove,True,501005,0.57,0.22646784715750232
fine,baseball glove,syn,glove,True,501005,0.58,0.18352059925093633
fine,baseball glove,syn,glove,True,501005,0.59,0.13439849624060152
fine,baseball glove,syn,glove,True,501005,0.6,0.09398496240601503
fine,baseball glove,syn,glove,True,501005,0.61,0.07136150234741784
fine,baseball glove,syn,glove,True,501005,0.62,0.05435801312089972
fine,baseball glove,syn,glove,True,501005,0.63,0.030697674418604652
fine,baseball glove,syn,glove,True,501005,0.64,0.010138248847926268
fine,baseball glove,syn,glove,True,501005,0.65,0.0
fine,baseball glove,syn,glove,True,501005,0.66,0.0
fine,baseball glove,syn,glove,True,501005,0.67,0.0
fine,baseball glove,syn,glove,True,501005,0.68,0.0
fine,baseball glove,syn,glove,True,501005,0.69,0.0
fine,baseball glove,syn,glove,True,501005,0.7,0.0
fine,baseball glove,syn,glove,True,501005,0.71,0.0
fine,baseball glove,syn,glove,True,501005,0.72,0.0
fine,baseball glove,syn,glove,True,501005,0.73,0.0
fine,baseball glove,syn,glove,True,501005,0.74,0.0
fine,baseball glove,syn,glove,True,501005,0.75,0.0
fine,baseball glove,syn,glove,True,501005,0.76,0.0
fine,baseball glove,syn,glove,True,501005,0.77,0.0
fine,baseball glove,syn,glove,True,501005,0.78,0.0
fine,baseball glove,syn,glove,True,501005,0.79,0.0
fine,baseball glove,syn,glove,True,501005,0.8,0.0
fine,baseball glove,hyper,baseball equipment,False,501005,0.5,0.0
fine,baseball glove,hyper,baseball equipment,False,501005,0.51,0.0
fine,baseball glove,hyper,baseball equipment,False,501005,0.52,0.0
fine,baseball glove,hyper,baseball equipment,False,501005,0.53,0.0
fine,baseball glove,hyper,baseball equipment,False,501005,0.54,0.0
fine,baseball glove,hyper,baseball equipment,False,501005,0.55,0.0
fine,baseball glove,hyper,baseball equipment,False,501005,0.56,0.0
fine,baseball glove,hyper,baseball equipment,False,501005,0.57,0.0
fine,baseball glove,hyper,baseball equipment,False,501005,0.58,0.0
fine,baseball glove,hyper,baseball equipment,False,501005,0.59,0.0
fine,baseball glove,hyper,baseball equipment,False,501005,0.6,0.0
fine,baseball glove,hyper,baseball equipment,False,501005,0.61,0.0
fine,baseball glove,hyper,baseball equipment,False,501005,0.62,0.0
fine,baseball glove,hyper,baseball equipment,False,501005,0.63,0.0
fine,baseball glove,hyper,baseball equipment,False,501005,0.64,0.0
fine,baseball glove,hyper,baseball equipment,False,501005,0.65,0.0
fine,baseball glove,hyper,baseball equipment,False,501005,0.66,0.0
fine,baseball glove,hyper,baseball equipment,False,501005,0.67,0.0
fine,baseball glove,hyper,baseball equipment,False,501005,0.68,0.0
fine,baseball glove,hyper,baseball equipment,False,501005,0.69,0.0
fine,baseball glove,hyper,baseball equipment,False,501005,0.7,0.0
fine,baseball glove,hyper,baseball equipment,False,501005,0.71,0.0
fine,baseball glove,hyper,baseball equipment,False,501005,0.72,0.0
fine,baseball glove,hyper,baseball equipment,False,501005,0.73,0.0
fine,baseball glove,hyper,baseball equipment,False,501005,0.74,0.0
fine,baseball glove,hyper,baseball equipment,False,501005,0.75,0.0
fine,baseball glove,hyper,baseball equipment,False,501005,0.76,0.0
fine,baseball glove,hyper,baseball equipment,False,501005,0.77,0.0
fine,baseball glove,hyper,baseball equipment,False,501005,0.78,0.0
fine,baseball glove,hyper,baseball equipment,False,501005,0.79,0.0
fine,baseball glove,hyper,baseball equipment,False,501005,0.8,0.0
fine,baseball glove,hyper,baseball equipment,True,501005,0.5,0.0
fine,baseball glove,hyper,baseball equipment,True,501005,0.51,0.0
fine,baseball glove,hyper,baseball equipment,True,501005,0.52,0.0
fine,baseball glove,hyper,baseball equipment,True,501005,0.53,0.0
fine,baseball glove,hyper,baseball equipment,True,501005,0.54,0.0
fine,baseball glove,hyper,baseball equipment,True,501005,0.55,0.0
fine,baseball glove,hyper,baseball equipment,True,501005,0.56,0.0
fine,baseball glove,hyper,baseball equipment,True,501005,0.57,0.0
fine,baseball glove,hyper,baseball equipment,True,501005,0.58,0.0
fine,baseball glove,hyper,baseball equipment,True,501005,0.59,0.0
fine,baseball glove,hyper,baseball equipment,True,501005,0.6,0.0
fine,baseball glove,hyper,baseball equipment,True,501005,0.61,0.0
fine,baseball glove,hyper,baseball equipment,True,501005,0.62,0.0
fine,baseball glove,hyper,baseball equipment,True,501005,0.63,0.0
fine,baseball glove,hyper,baseball equipment,True,501005,0.64,0.0
fine,baseball glove,hyper,baseball equipment,True,501005,0.65,0.0
fine,baseball glove,hyper,baseball equipment,True,501005,0.66,0.0
fine,baseball glove,hyper,baseball equipment,True,501005,0.67,0.0
fine,baseball glove,hyper,baseball equipment,True,501005,0.68,0.0
fine,baseball glove,hyper,baseball equipment,True,501005,0.69,0.0
fine,baseball glove,hyper,baseball equipment,True,501005,0.7,0.0
fine,baseball glove,hyper,baseball equipment,True,501005,0.71,0.0
fine,baseball glove,hyper,baseball equipment,True,501005,0.72,0.0
fine,baseball glove,hyper,baseball equipment,True,501005,0.73,0.0
fine,baseball glove,hyper,baseball equipment,True,501005,0.74,0.0
fine,baseball glove,hyper,baseball equipment,True,501005,0.75,0.0
fine,baseball glove,hyper,baseball equipment,True,501005,0.76,0.0
fine,baseball glove,hyper,baseball equipment,True,501005,0.77,0.0
fine,baseball glove,hyper,baseball equipment,True,501005,0.78,0.0
fine,baseball glove,hyper,baseball equipment,True,501005,0.79,0.0
fine,baseball glove,hyper,baseball equipment,True,501005,0.8,0.0
fine,baseball glove,orig,baseball glove,False,302107,0.5,0.0
fine,baseball glove,orig,baseball glove,False,302107,0.51,0.0
fine,baseball glove,orig,baseball glove,False,302107,0.52,0.0
fine,baseball glove,orig,baseball glove,False,302107,0.53,0.0
fine,baseball glove,orig,baseball glove,False,302107,0.54,0.0
fine,baseball glove,orig,baseball glove,False,302107,0.55,0.0
fine,baseball glove,orig,baseball glove,False,302107,0.56,0.0
fine,baseball glove,orig,baseball glove,False,302107,0.57,0.0
fine,baseball glove,orig,baseball glove,False,302107,0.58,0.0
fine,baseball glove,orig,baseball glove,False,302107,0.59,0.0
fine,baseball glove,orig,baseball glove,False,302107,0.6,0.0
fine,baseball glove,orig,baseball glove,False,302107,0.61,0.0
fine,baseball glove,orig,baseball glove,False,302107,0.62,0.0
fine,baseball glove,orig,baseball glove,False,302107,0.63,0.0
fine,baseball glove,orig,baseball glove,False,302107,0.64,0.0
fine,baseball glove,orig,baseball glove,False,302107,0.65,0.0
fine,baseball glove,orig,baseball glove,False,302107,0.66,0.0
fine,baseball glove,orig,baseball glove,False,302107,0.67,0.0
fine,baseball glove,orig,baseball glove,False,302107,0.68,0.0
fine,baseball glove,orig,baseball glove,False,302107,0.69,0.0
fine,baseball glove,orig,baseball glove,False,302107,0.7,0.0
fine,baseball glove,orig,baseball glove,False,302107,0.71,0.0
fine,baseball glove,orig,baseball glove,False,302107,0.72,0.0
fine,baseball glove,orig,baseball glove,False,302107,0.73,0.0
fine,baseball glove,orig,baseball glove,False,302107,0.74,0.0
fine,baseball glove,orig,baseball glove,False,302107,0.75,0.0
fine,baseball glove,orig,baseball glove,False,302107,0.76,0.0
fine,baseball glove,orig,baseball glove,False,302107,0.77,0.0
fine,baseball glove,orig,baseball glove,False,302107,0.78,0.0
fine,baseball glove,orig,baseball glove,False,302107,0.79,0.0
fine,baseball glove,orig,baseball glove,False,302107,0.8,0.0
fine,baseball glove,orig,baseball glove,True,302107,0.5,0.0
fine,baseball glove,orig,baseball glove,True,302107,0.51,0.0
fine,baseball glove,orig,baseball glove,True,302107,0.52,0.0
fine,baseball glove,orig,baseball glove,True,302107,0.53,0.0
fine,baseball glove,orig,baseball glove,True,302107,0.54,0.0
fine,baseball glove,orig,baseball glove,True,302107,0.55,0.0
fine,baseball glove,orig,baseball glove,True,302107,0.56,0.0
fine,baseball glove,orig,baseball glove,True,302107,0.57,0.0
fine,baseball glove,orig,baseball glove,True,302107,0.58,0.0
fine,baseball glove,orig,baseball glove,True,302107,0.59,0.0
fine,baseball glove,orig,baseball glove,True,302107,0.6,0.0
fine,baseball glove,orig,baseball glove,True,302107,0.61,0.0
fine,baseball glove,orig,baseball glove,True,302107,0.62,0.0
fine,baseball glove,orig,baseball glove,True,302107,0.63,0.0
fine,baseball glove,orig,baseball glove,True,302107,0.64,0.0
fine,baseball glove,orig,baseball glove,True,302107,0.65,0.0
fine,baseball glove,orig,baseball glove,True,302107,0.66,0.0
fine,baseball glove,orig,baseball glove,True,302107,0.67,0.0
fine,baseball glove,orig,baseball glove,True,302107,0.68,0.0
fine,baseball glove,orig,baseball glove,True,302107,0.69,0.0
fine,baseball glove,orig,baseball glove,True,302107,0.7,0.0
fine,baseball glove,orig,baseball glove,True,302107,0.71,0.0
fine,baseball glove,orig,baseball glove,True,302107,0.72,0.0
fine,baseball glove,orig,baseball glove,True,302107,0.73,0.0
fine,baseball glove,orig,baseball glove,True,302107,0.74,0.0
fine,baseball glove,orig,baseball glove,True,302107,0.75,0.0
fine,baseball glove,orig,baseball glove,True,302107,0.76,0.0
fine,baseball glove,orig,baseball glove,True,302107,0.77,0.0
fine,baseball glove,orig,baseball glove,True,302107,0.78,0.0
fine,baseball glove,orig,baseball glove,True,302107,0.79,0.0
fine,baseball glove,orig,baseball glove,True,302107,0.8,0.0
fine,baseball glove,syn,glove,False,302107,0.5,0.0
fine,baseball glove,syn,glove,False,302107,0.51,0.0
fine,baseball glove,syn,glove,False,302107,0.52,0.0
fine,baseball glove,syn,glove,False,302107,0.53,0.0
fine,baseball glove,syn,glove,False,302107,0.54,0.0
fine,baseball glove,syn,glove,False,302107,0.55,0.0
fine,baseball glove,syn,glove,False,302107,0.56,0.0
fine,baseball glove,syn,glove,False,302107,0.57,0.0
fine,baseball glove,syn,glove,False,302107,0.58,0.0
fine,baseball glove,syn,glove,False,302107,0.59,0.0
fine,baseball glove,syn,glove,False,302107,0.6,0.0
fine,baseball glove,syn,glove,False,302107,0.61,0.0
fine,baseball glove,syn,glove,False,302107,0.62,0.0
fine,baseball glove,syn,glove,False,302107,0.63,0.0
fine,baseball glove,syn,glove,False,302107,0.64,0.0
fine,baseball glove,syn,glove,False,302107,0.65,0.0
fine,baseball glove,syn,glove,False,302107,0.66,0.0
fine,baseball glove,syn,glove,False,302107,0.67,0.0
fine,baseball glove,syn,glove,False,302107,0.68,0.0
fine,baseball glove,syn,glove,False,302107,0.69,0.0
fine,baseball glove,syn,glove,False,302107,0.7,0.0
fine,baseball glove,syn,glove,False,302107,0.71,0.0
fine,baseball glove,syn,glove,False,302107,0.72,0.0
fine,baseball glove,syn,glove,False,302107,0.73,0.0
fine,baseball glove,syn,glove,False,302107,0.74,0.0
fine,baseball glove,syn,glove,False,302107,0.75,0.0
fine,baseball glove,syn,glove,False,302107,0.76,0.0
fine,baseball glove,syn,glove,False,302107,0.77,0.0
fine,baseball glove,syn,glove,False,302107,0.78,0.0
fine,baseball glove,syn,glove,False,302107,0.79,0.0
fine,baseball glove,syn,glove,False,302107,0.8,0.0
fine,baseball glove,syn,glove,True,302107,0.5,0.0
fine,baseball glove,syn,glove,True,302107,0.51,0.0
fine,baseball glove,syn,glove,True,302107,0.52,0.0
fine,baseball glove,syn,glove,True,302107,0.53,0.0
fine,baseball glove,syn,glove,True,302107,0.54,0.0
fine,baseball glove,syn,glove,True,302107,0.55,0.0
fine,baseball glove,syn,glove,True,302107,0.56,0.0
fine,baseball glove,syn,glove,True,302107,0.57,0.0
fine,baseball glove,syn,glove,True,302107,0.58,0.0
fine,baseball glove,syn,glove,True,302107,0.59,0.0
fine,baseball glove,syn,glove,True,302107,0.6,0.0
fine,baseball glove,syn,glove,True,302107,0.61,0.0
fine,baseball glove,syn,glove,True,302107,0.62,0.0
fine,baseball glove,syn,glove,True,302107,0.63,0.0
fine,baseball glove,syn,glove,True,302107,0.64,0.0
fine,baseball glove,syn,glove,True,302107,0.65,0.0
fine,baseball glove,syn,glove,True,302107,0.66,0.0
fine,baseball glove,syn,glove,True,302107,0.67,0.0
fine,baseball glove,syn,glove,True,302107,0.68,0.0
fine,baseball glove,syn,glove,True,302107,0.69,0.0
fine,baseball glove,syn,glove,True,302107,0.7,0.0
fine,baseball glove,syn,glove,True,302107,0.71,0.0
fine,baseball glove,syn,glove,True,302107,0.72,0.0
fine,baseball glove,syn,glove,True,302107,0.73,0.0
fine,baseball glove,syn,glove,True,302107,0.74,0.0
fine,baseball glove,syn,glove,True,302107,0.75,0.0
fine,baseball glove,syn,glove,True,302107,0.76,0.0
fine,baseball glove,syn,glove,True,302107,0.77,0.0
fine,baseball glove,syn,glove,True,302107,0.78,0.0
fine,baseball glove,syn,glove,True,302107,0.79,0.0
fine,baseball glove,syn,glove,True,302107,0.8,0.0
fine,baseball glove,hyper,baseball equipment,False,302107,0.5,0.21886651752423564
fine,baseball glove,hyper,baseball equipment,False,302107,0.51,0.2139917695473251
fine,baseball glove,hyper,baseball equipment,False,302107,0.52,0.21129943502824858
fine,baseball glove,hyper,baseball equipment,False,302107,0.53,0.2037037037037037
fine,baseball glove,hyper,baseball equipment,False,302107,0.54,0.19840667678300455
fine,baseball glove,hyper,baseball equipment,False,302107,0.55,0.19154607768469153
fine,baseball glove,hyper,baseball equipment,False,302107,0.56,0.18230563002680966
fine,baseball glove,hyper,baseball equipment,False,302107,0.57,0.16987673343605547
fine,baseball glove,hyper,baseball equipment,False,302107,0.58,0.156794425087108
fine,baseball glove,hyper,baseball equipment,False,302107,0.59,0.13450292397660818
fine,baseball glove,hyper,baseball equipment,False,302107,0.6,0.11320015667841755
fine,baseball glove,hyper,baseball equipment,False,302107,0.61,0.09473270440251573
fine,baseball glove,hyper,baseball equipment,False,302107,0.62,0.075069142631371
fine,baseball glove,hyper,baseball equipment,False,302107,0.63,0.05873015873015873
fine,baseball glove,hyper,baseball equipment,False,302107,0.64,0.035828025477707005
fine,baseball glove,hyper,baseball equipment,False,302107,0.65,0.023609443777511004
fine,baseball glove,hyper,baseball equipment,False,302107,0.66,0.019686621132985135
fine,baseball glove,hyper,baseball equipment,False,302107,0.67,0.012126111560226353
fine,baseball glove,hyper,baseball equipment,False,302107,0.68,0.008529650690495532
fine,baseball glove,hyper,baseball equipment,False,302107,0.69,0.007361963190184049
fine,baseball glove,hyper,baseball equipment,False,302107,0.7,0.007401315789473684
fine,baseball glove,hyper,baseball equipment,False,302107,0.71,0.006206040546131568
fine,baseball glove,hyper,baseball equipment,False,302107,0.72,0.003336113427856547
fine,baseball glove,hyper,baseball equipment,False,302107,0.73,0.0029523407844791226
fine,baseball glove,hyper,baseball equipment,False,302107,0.74,0.0012782275244993609
fine,baseball glove,hyper,baseball equipment,False,302107,0.75,0.0
fine,baseball glove,hyper,baseball equipment,False,302107,0.76,0.0
fine,baseball glove,hyper,baseball equipment,False,302107,0.77,0.0
fine,baseball glove,hyper,baseball equipment,False,302107,0.78,0.0
fine,baseball glove,hyper,baseball equipment,False,302107,0.79,0.0
fine,baseball glove,hyper,baseball equipment,False,302107,0.8,0.0
fine,baseball glove,hyper,baseball equipment,True,302107,0.5,0.21751932278248068
fine,baseball glove,hyper,baseball equipment,True,302107,0.51,0.2146558105107328
fine,baseball glove,hyper,baseball equipment,True,302107,0.52,0.21015567086730913
fine,baseball glove,hyper,baseball equipment,True,302107,0.53,0.20670391061452514
fine,baseball glove,hyper,baseball equipment,True,302107,0.54,0.20082273747195215
fine,baseball glove,hyper,baseball equipment,True,302107,0.55,0.19534184823441023
fine,baseball glove,hyper,baseball equipment,True,302107,0.56,0.1896681749622926
fine,baseball glove,hyper,baseball equipment,True,302107,0.57,0.17865253595760788
fine,baseball glove,hyper,baseball equipment,True,302107,0.58,0.16647662485746864
fine,baseball glove,hyper,baseball equipment,True,302107,0.59,0.15437523882307985
fine,baseball glove,hyper,baseball equipment,True,302107,0.6,0.1397312859884837
fine,baseball glove,hyper,baseball equipment,True,302107,0.61,0.11566731141199227
fine,baseball glove,hyper,baseball equipment,True,302107,0.62,0.10093167701863354
fine,baseball glove,hyper,baseball equipment,True,302107,0.63,0.08190327613104524
fine,baseball glove,hyper,baseball equipment,True,302107,0.64,0.06460454189506656
fine,baseball glove,hyper,baseball equipment,True,302107,0.65,0.043222003929273084
fine,baseball glove,hyper,baseball equipment,True,302107,0.66,0.028796844181459565
fine,baseball glove,hyper,baseball equipment,True,302107,0.67,0.02099009900990099
fine,baseball glove,hyper,baseball equipment,True,302107,0.68,0.015115354017501989
fine,baseball glove,hyper,baseball equipment,True,302107,0.69,0.010787055533359968
fine,baseball glove,hyper,baseball equipment,True,302107,0.7,0.00801924619085806
fine,baseball glove,hyper,baseball equipment,True,302107,0.71,0.007243460764587525
fine,baseball glove,hyper,baseball equipment,True,302107,0.72,0.007284500202347228
fine,baseball glove,hyper,baseball equipment,True,302107,0.73,0.006097560975609756
fine,baseball glove,hyper,baseball equipment,True,302107,0.74,0.0032666394446712946
fine,baseball glove,hyper,baseball equipment,True,302107,0.75,0.0032881216605014385
fine,baseball glove,hyper,baseball equipment,True,302107,0.76,0.0020678246484698098
fine,baseball glove,hyper,baseball equipment,True,302107,0.77,0.0
fine,baseball glove,hyper,baseball equipment,True,302107,0.78,0.0
fine,baseball glove,hyper,baseball equipment,True,302107,0.79,0.0
fine,baseball glove,hyper,baseball equipment,True,302107,0.8,0.0
fine,baseball glove,orig,baseball glove,False,434548,0.5,0.6450749464668094
fine,baseball glove,orig,baseball glove,False,434548,0.51,0.6450402144772118
fine,baseball glove,orig,baseball glove,False,434548,0.52,0.6445040214477212
fine,baseball glove,orig,baseball glove,False,434548,0.53,0.64431330472103
fine,baseball glove,orig,baseball glove,False,434548,0.54,0.6450053705692803
fine,baseball glove,orig,baseball glove,False,434548,0.55,0.6456989247311828
fine,baseball glove,orig,baseball glove,False,434548,0.56,0.6451612903225806
fine,baseball glove,orig,baseball glove,False,434548,0.57,0.6454741379310345
fine,baseball glove,orig,baseball glove,False,434548,0.58,0.645979492714517
fine,baseball glove,orig,baseball glove,False,434548,0.59,0.6461372231226364
fine,baseball glove,orig,baseball glove,False,434548,0.6,0.6464864864864864
fine,baseball glove,orig,baseball glove,False,434548,0.61,0.6461038961038961
fine,baseball glove,orig,baseball glove,False,434548,0.62,0.6464537087168382
fine,baseball glove,orig,baseball glove,False,434548,0.63,0.6466124661246613
fine,baseball glove,orig,baseball glove,False,434548,0.64,0.6464208242950108
fine,baseball glove,orig,baseball glove,False,434548,0.65,0.6467715680954965
fine,baseball glove,orig,baseball glove,False,434548,0.66,0.6474741988049972
fine,baseball glove,orig,baseball glove,False,434548,0.67,0.6485310119695321
fine,baseball glove,orig,baseball glove,False,434548,0.68,0.6485013623978202
fine,baseball glove,orig,baseball glove,False,434548,0.69,0.6492089470812875
fine,baseball glove,orig,baseball glove,False,434548,0.7,0.6506287588846364
fine,baseball glove,orig,baseball glove,False,434548,0.71,0.651697699890471
fine,baseball glove,orig,baseball glove,False,434548,0.72,0.6520547945205479
fine,baseball glove,orig,baseball glove,False,434548,0.73,0.6531284302963776
fine,baseball glove,orig,baseball glove,False,434548,0.74,0.6542056074766355
fine,baseball glove,orig,baseball glove,False,434548,0.75,0.6547356828193832
fine,baseball glove,orig,baseball glove,False,434548,0.76,0.655457552370452
fine,baseball glove,orig,baseball glove,False,434548,0.77,0.6552675124103695
fine,baseball glove,orig,baseball glove,False,434548,0.78,0.6559911651021535
fine,baseball glove,orig,baseball glove,False,434548,0.79,0.6559734513274337
fine,baseball glove,orig,baseball glove,False,434548,0.8,0.6574279379157428
fine,baseball glove,orig,baseball glove,True,434548,0.5,0.6452648475120385
fine,baseball glove,orig,baseball glove,True,434548,0.51,0.645610278372591
fine,baseball glove,orig,baseball glove,True,434548,0.52,0.6459560792715586
fine,baseball glove,orig,baseball glove,True,434548,0.53,0.646112600536193
fine,baseball glove,orig,baseball glove,True,434548,0.54,0.6464592274678111
fine,baseball glove,orig,baseball glove,True,434548,0.55,0.6460794844253491
fine,baseball glove,orig,baseball glove,True,434548,0.56,0.645351961311123
fine,baseball glove,orig,baseball glove,True,434548,0.57,0.6456989247311828
fine,baseball glove,orig,baseball glove,True,434548,0.58,0.6460462614308768
fine,baseball glove,orig,baseball glove,True,434548,0.59,0.6462035541195477
fine,baseball glove,orig,baseball glove,True,434548,0.6,0.6467098166127292
fine,baseball glove,orig,baseball glove,True,434548,0.61,0.646328293736501
fine,baseball glove,orig,baseball glove,True,434548,0.62,0.646677471636953
fine,baseball glove,orig,baseball glove,True,434548,0.63,0.6464864864864864
fine,baseball glove,orig,baseball glove,True,434548,0.64,0.6469951272333514
fine,baseball glove,orig,baseball glove,True,434548,0.65,0.6464537087168382
fine,baseball glove,orig,baseball glove,True,434548,0.66,0.6468039003250271
fine,baseball glove,orig,baseball glove,True,434548,0.67,0.647314161692892
fine,baseball glove,orig,baseball glove,True,434548,0.68,0.6471226927252985
fine,baseball glove,orig,baseball glove,True,434548,0.69,0.6481783578031539
fine,baseball glove,orig,baseball glove,True,434548,0.7,0.6485310119695321
fine,baseball glove,orig,baseball glove,True,434548,0.71,0.649591280653951
fine,baseball glove,orig,baseball glove,True,434548,0.72,0.6495633187772926
fine,baseball glove,orig,baseball glove,True,434548,0.73,0.6506287588846364
fine,baseball glove,orig,baseball glove,True,434548,0.74,0.650984682713348
fine,baseball glove,orig,baseball glove,True,434548,0.75,0.6524122807017544
fine,baseball glove,orig,baseball glove,True,434548,0.76,0.6524122807017544
fine,baseball glove,orig,baseball glove,True,434548,0.77,0.6545654565456546
fine,baseball glove,orig,baseball glove,True,434548,0.78,0.6552863436123348
fine,baseball glove,orig,baseball glove,True,434548,0.79,0.6550964187327823
fine,baseball glove,orig,baseball glove,True,434548,0.8,0.655457552370452
fine,baseball glove,syn,glove,False,434548,0.5,0.6388286334056399
fine,baseball glove,syn,glove,False,434548,0.51,0.6486784140969163
fine,baseball glove,syn,glove,False,434548,0.52,0.6526315789473685
fine,baseball glove,syn,glove,False,434548,0.53,0.6546363131593559
fine,baseball glove,syn,glove,False,434548,0.54,0.6546363131593559
fine,baseball glove,syn,glove,False,434548,0.55,0.6555555555555556
fine,baseball glove,syn,glove,False,434548,0.56,0.6577777777777778
fine,baseball glove,syn,glove,False,434548,0.57,0.6566833056017748
fine,baseball glove,syn,glove,False,434548,0.58,0.656319290465632
fine,baseball glove,syn,glove,False,434548,0.59,0.655592469545958
fine,baseball glove,syn,glove,False,434548,0.6,0.655592469545958
fine,baseball glove,syn,glove,False,434548,0.61,0.655229662423907
fine,baseball glove,syn,glove,False,434548,0.62,0.6548672566371682
fine,baseball glove,syn,glove,False,434548,0.63,0.6548672566371682
fine,baseball glove,syn,glove,False,434548,0.64,0.6559734513274337
fine,baseball glove,syn,glove,False,434548,0.65,0.6556108347153123
fine,baseball glove,syn,glove,False,434548,0.66,0.6556108347153123
fine,baseball glove,syn,glove,False,434548,0.67,0.6548868028713418
fine,baseball glove,syn,glove,False,434548,0.68,0.6548868028713418
fine,baseball glove,syn,glove,False,434548,0.69,0.6556291390728477
fine,baseball glove,syn,glove,False,434548,0.7,0.6556291390728477
fine,baseball glove,syn,glove,False,434548,0.71,0.6552675124103695
fine,baseball glove,syn,glove,False,434548,0.72,0.655457552370452
fine,baseball glove,syn,glove,False,434548,0.73,0.6550964187327823
fine,baseball glove,syn,glove,False,434548,0.74,0.6550964187327823
fine,baseball glove,syn,glove,False,434548,0.75,0.6547356828193832
fine,baseball glove,syn,glove,False,434548,0.76,0.6552863436123348
fine,baseball glove,syn,glove,False,434548,0.77,0.6552863436123348
fine,baseball glove,syn,glove,False,434548,0.78,0.6552863436123348
fine,baseball glove,syn,glove,False,434548,0.79,0.6552863436123348
fine,baseball glove,syn,glove,False,434548,0.8,0.654925701706109
fine,baseball glove,syn,glove,True,434548,0.5,0.6466411796832332
fine,baseball glove,syn,glove,True,434548,0.51,0.6519823788546255
fine,baseball glove,syn,glove,True,434548,0.52,0.6534216335540839
fine,baseball glove,syn,glove,True,434548,0.53,0.6534216335540839
fine,baseball glove,syn,glove,True,434548,0.54,0.6548672566371682
fine,baseball glove,syn,glove,True,434548,0.55,0.6545052515201769
fine,baseball glove,syn,glove,True,434548,0.56,0.6545052515201769
fine,baseball glove,syn,glove,True,434548,0.57,0.6546961325966851
fine,baseball glove,syn,glove,True,434548,0.58,0.6543346217559359
fine,baseball glove,syn,glove,True,434548,0.59,0.6541643684500827
fine,baseball glove,syn,glove,True,434548,0.6,0.6541643684500827
fine,baseball glove,syn,glove,True,434548,0.61,0.6552675124103695
fine,baseball glove,syn,glove,True,434548,0.62,0.6550964187327823
fine,baseball glove,syn,glove,True,434548,0.63,0.6543753439735829
fine,baseball glove,syn,glove,True,434548,0.64,0.6543753439735829
fine,baseball glove,syn,glove,True,434548,0.65,0.654015401540154
fine,baseball glove,syn,glove,True,434548,0.66,0.654015401540154
fine,baseball glove,syn,glove,True,434548,0.67,0.6538461538461539
fine,baseball glove,syn,glove,True,434548,0.68,0.6538461538461539
fine,baseball glove,syn,glove,True,434548,0.69,0.6531284302963776
fine,baseball glove,syn,glove,True,434548,0.7,0.6531284302963776
fine,baseball glove,syn,glove,True,434548,0.71,0.6531284302963776
fine,baseball glove,syn,glove,True,434548,0.72,0.6524122807017544
fine,baseball glove,syn,glove,True,434548,0.73,0.6520547945205479
fine,baseball glove,syn,glove,True,434548,0.74,0.651697699890471
fine,baseball glove,syn,glove,True,434548,0.75,0.6513409961685823
fine,baseball glove,syn,glove,True,434548,0.76,0.650984682713348
fine,baseball glove,syn,glove,True,434548,0.77,0.650984682713348
fine,baseball glove,syn,glove,True,434548,0.78,0.650984682713348
fine,baseball glove,syn,glove,True,434548,0.79,0.6506287588846364
fine,baseball glove,syn,glove,True,434548,0.8,0.6502732240437158
fine,baseball glove,hyper,baseball equipment,False,434548,0.5,0.6188828472565496
fine,baseball glove,hyper,baseball equipment,False,434548,0.51,0.6213253612356752
fine,baseball glove,hyper,baseball equipment,False,434548,0.52,0.6226886556721639
fine,baseball glove,hyper,baseball equipment,False,434548,0.53,0.6255661801711122
fine,baseball glove,hyper,baseball equipment,False,434548,0.54,0.6284845413076533
fine,baseball glove,hyper,baseball equipment,False,434548,0.55,0.630667345899134
fine,baseball glove,hyper,baseball equipment,False,434548,0.56,0.6333845366103431
fine,baseball glove,hyper,baseball equipment,False,434548,0.57,0.6379577101598762
fine,baseball glove,hyper,baseball equipment,False,434548,0.58,0.640373637778931
fine,baseball glove,hyper,baseball equipment,False,434548,0.59,0.6418143899895725
fine,baseball glove,hyper,baseball equipment,False,434548,0.6,0.6451781970649895
fine,baseball glove,hyper,baseball equipment,False,434548,0.61,0.645483193277311
fine,baseball glove,hyper,baseball equipment,False,434548,0.62,0.646779303062302
fine,baseball glove,hyper,baseball equipment,False,434548,0.63,0.6495227995758218
fine,baseball glove,hyper,baseball equipment,False,434548,0.64,0.6510638297872341
fine,baseball glove,hyper,baseball equipment,False,434548,0.65,0.6513859275053305
fine,baseball glove,hyper,baseball equipment,False,434548,0.66,0.6518953550453818
fine,baseball glove,hyper,baseball equipment,False,434548,0.67,0.6513614522156967
fine,baseball glove,hyper,baseball equipment,False,434548,0.68,0.6520577231427044
fine,baseball glove,hyper,baseball equipment,False,434548,0.69,0.6538049303322615
fine,baseball glove,hyper,baseball equipment,False,434548,0.7,0.6552094522019334
fine,baseball glove,hyper,baseball equipment,False,434548,0.71,0.65625
fine,baseball glove,hyper,baseball equipment,False,434548,0.72,0.6553581044695745
fine,baseball glove,hyper,baseball equipment,False,434548,0.73,0.6555256064690027
fine,baseball glove,hyper,baseball equipment,False,434548,0.74,0.6553398058252428
fine,baseball glove,hyper,baseball equipment,False,434548,0.75,0.6551538046411225
fine,baseball glove,hyper,baseball equipment,False,434548,0.76,0.6544474393530997
fine,baseball glove,hyper,baseball equipment,False,434548,0.77,0.6539083557951483
fine,baseball glove,hyper,baseball equipment,False,434548,0.78,0.6546141392336752
fine,baseball glove,hyper,baseball equipment,False,434548,0.79,0.6556756756756756
fine,baseball glove,hyper,baseball equipment,False,434548,0.8,0.6567406605305901
fine,baseball glove,hyper,baseball equipment,True,434548,0.5,0.6211149481993093
fine,baseball glove,hyper,baseball equipment,True,434548,0.51,0.6217821782178218
fine,baseball glove,hyper,baseball equipment,True,434548,0.52,0.624813153961136
fine,baseball glove,hyper,baseball equipment,True,434548,0.53,0.624
fine,baseball glove,hyper,baseball equipment,True,434548,0.54,0.6264454499748617
fine,baseball glove,hyper,baseball equipment,True,434548,0.55,0.6311516996448503
fine,baseball glove,hyper,baseball equipment,True,434548,0.56,0.6332144676515538
fine,baseball glove,hyper,baseball equipment,True,434548,0.57,0.6351074718526101
fine,baseball glove,hyper,baseball equipment,True,434548,0.58,0.6391752577319587
fine,baseball glove,hyper,baseball equipment,True,434548,0.59,0.6424870466321243
fine,baseball glove,hyper,baseball equipment,True,434548,0.6,0.6465067778936392
fine,baseball glove,hyper,baseball equipment,True,434548,0.61,0.6490309062336301
fine,baseball glove,hyper,baseball equipment,True,434548,0.62,0.6507101525512888
fine,baseball glove,hyper,baseball equipment,True,434548,0.63,0.6511873350923483
fine,baseball glove,hyper,baseball equipment,True,434548,0.64,0.6534181240063593
fine,baseball glove,hyper,baseball equipment,True,434548,0.65,0.6547872340425532
fine,baseball glove,hyper,baseball equipment,True,434548,0.66,0.6547682472029834
fine,baseball glove,hyper,baseball equipment,True,434548,0.67,0.6531699520511455
fine,baseball glove,hyper,baseball equipment,True,434548,0.68,0.6533333333333333
fine,baseball glove,hyper,baseball equipment,True,434548,0.69,0.6543803418803419
fine,baseball glove,hyper,baseball equipment,True,434548,0.7,0.653475935828877
fine,baseball glove,hyper,baseball equipment,True,434548,0.71,0.6545259775040171
fine,baseball glove,hyper,baseball equipment,True,434548,0.72,0.6553945249597424
fine,baseball glove,hyper,baseball equipment,True,434548,0.73,0.6559139784946236
fine,baseball glove,hyper,baseball equipment,True,434548,0.74,0.6553763440860215
fine,baseball glove,hyper,baseball equipment,True,434548,0.75,0.6551909628832706
fine,baseball glove,hyper,baseball equipment,True,434548,0.76,0.6551909628832706
fine,baseball glove,hyper,baseball equipment,True,434548,0.77,0.655005382131324
fine,baseball glove,hyper,baseball equipment,True,434548,0.78,0.655005382131324
fine,baseball glove,hyper,baseball equipment,True,434548,0.79,0.6541151156535772
fine,baseball glove,hyper,baseball equipment,True,434548,0.8,0.6535560344827587
fine,baseball glove,orig,baseball glove,False,231747,0.5,0.0
fine,baseball glove,orig,baseball glove,False,231747,0.51,0.0
fine,baseball glove,orig,baseball glove,False,231747,0.52,0.0
fine,baseball glove,orig,baseball glove,False,231747,0.53,0.0
fine,baseball glove,orig,baseball glove,False,231747,0.54,0.0
fine,baseball glove,orig,baseball glove,False,231747,0.55,0.0
fine,baseball glove,orig,baseball glove,False,231747,0.56,0.0
fine,baseball glove,orig,baseball glove,False,231747,0.57,0.0
fine,baseball glove,orig,baseball glove,False,231747,0.58,0.0
fine,baseball glove,orig,baseball glove,False,231747,0.59,0.0
fine,baseball glove,orig,baseball glove,False,231747,0.6,0.0
fine,baseball glove,orig,baseball glove,False,231747,0.61,0.0
fine,baseball glove,orig,baseball glove,False,231747,0.62,0.0
fine,baseball glove,orig,baseball glove,False,231747,0.63,0.0
fine,baseball glove,orig,baseball glove,False,231747,0.64,0.0
fine,baseball glove,orig,baseball glove,False,231747,0.65,0.0
fine,baseball glove,orig,baseball glove,False,231747,0.66,0.0
fine,baseball glove,orig,baseball glove,False,231747,0.67,0.0
fine,baseball glove,orig,baseball glove,False,231747,0.68,0.0
fine,baseball glove,orig,baseball glove,False,231747,0.69,0.0
fine,baseball glove,orig,baseball glove,False,231747,0.7,0.0
fine,baseball glove,orig,baseball glove,False,231747,0.71,0.0
fine,baseball glove,orig,baseball glove,False,231747,0.72,0.0
fine,baseball glove,orig,baseball glove,False,231747,0.73,0.0
fine,baseball glove,orig,baseball glove,False,231747,0.74,0.0
fine,baseball glove,orig,baseball glove,False,231747,0.75,0.0
fine,baseball glove,orig,baseball glove,False,231747,0.76,0.0
fine,baseball glove,orig,baseball glove,False,231747,0.77,0.0
fine,baseball glove,orig,baseball glove,False,231747,0.78,0.0
fine,baseball glove,orig,baseball glove,False,231747,0.79,0.0
fine,baseball glove,orig,baseball glove,False,231747,0.8,0.0
fine,baseball glove,orig,baseball glove,True,231747,0.5,0.0
fine,baseball glove,orig,baseball glove,True,231747,0.51,0.0
fine,baseball glove,orig,baseball glove,True,231747,0.52,0.0
fine,baseball glove,orig,baseball glove,True,231747,0.53,0.0
fine,baseball glove,orig,baseball glove,True,231747,0.54,0.0
fine,baseball glove,orig,baseball glove,True,231747,0.55,0.0
fine,baseball glove,orig,baseball glove,True,231747,0.56,0.0
fine,baseball glove,orig,baseball glove,True,231747,0.57,0.0
fine,baseball glove,orig,baseball glove,True,231747,0.58,0.0
fine,baseball glove,orig,baseball glove,True,231747,0.59,0.0
fine,baseball glove,orig,baseball glove,True,231747,0.6,0.0
fine,baseball glove,orig,baseball glove,True,231747,0.61,0.0
fine,baseball glove,orig,baseball glove,True,231747,0.62,0.0
fine,baseball glove,orig,baseball glove,True,231747,0.63,0.0
fine,baseball glove,orig,baseball glove,True,231747,0.64,0.0
fine,baseball glove,orig,baseball glove,True,231747,0.65,0.0
fine,baseball glove,orig,baseball glove,True,231747,0.66,0.0
fine,baseball glove,orig,baseball glove,True,231747,0.67,0.0
fine,baseball glove,orig,baseball glove,True,231747,0.68,0.0
fine,baseball glove,orig,baseball glove,True,231747,0.69,0.0
fine,baseball glove,orig,baseball glove,True,231747,0.7,0.0
fine,baseball glove,orig,baseball glove,True,231747,0.71,0.0
fine,baseball glove,orig,baseball glove,True,231747,0.72,0.0
fine,baseball glove,orig,baseball glove,True,231747,0.73,0.0
fine,baseball glove,orig,baseball glove,True,231747,0.74,0.0
fine,baseball glove,orig,baseball glove,True,231747,0.75,0.0
fine,baseball glove,orig,baseball glove,True,231747,0.76,0.0
fine,baseball glove,orig,baseball glove,True,231747,0.77,0.0
fine,baseball glove,orig,baseball glove,True,231747,0.78,0.0
fine,baseball glove,orig,baseball glove,True,231747,0.79,0.0
fine,baseball glove,orig,baseball glove,True,231747,0.8,0.0
fine,baseball glove,syn,glove,False,231747,0.5,0.0
fine,baseball glove,syn,glove,False,231747,0.51,0.0
fine,baseball glove,syn,glove,False,231747,0.52,0.0
fine,baseball glove,syn,glove,False,231747,0.53,0.0
fine,baseball glove,syn,glove,False,231747,0.54,0.0
fine,baseball glove,syn,glove,False,231747,0.55,0.0
fine,baseball glove,syn,glove,False,231747,0.56,0.0
fine,baseball glove,syn,glove,False,231747,0.57,0.0
fine,baseball glove,syn,glove,False,231747,0.58,0.0
fine,baseball glove,syn,glove,False,231747,0.59,0.0
fine,baseball glove,syn,glove,False,231747,0.6,0.0
fine,baseball glove,syn,glove,False,231747,0.61,0.0
fine,baseball glove,syn,glove,False,231747,0.62,0.0
fine,baseball glove,syn,glove,False,231747,0.63,0.0
fine,baseball glove,syn,glove,False,231747,0.64,0.0
fine,baseball glove,syn,glove,False,231747,0.65,0.0
fine,baseball glove,syn,glove,False,231747,0.66,0.0
fine,baseball glove,syn,glove,False,231747,0.67,0.0
fine,baseball glove,syn,glove,False,231747,0.68,0.0
fine,baseball glove,syn,glove,False,231747,0.69,0.0
fine,baseball glove,syn,glove,False,231747,0.7,0.0
fine,baseball glove,syn,glove,False,231747,0.71,0.0
fine,baseball glove,syn,glove,False,231747,0.72,0.0
fine,baseball glove,syn,glove,False,231747,0.73,0.0
fine,baseball glove,syn,glove,False,231747,0.74,0.0
fine,baseball glove,syn,glove,False,231747,0.75,0.0
fine,baseball glove,syn,glove,False,231747,0.76,0.0
fine,baseball glove,syn,glove,False,231747,0.77,0.0
fine,baseball glove,syn,glove,False,231747,0.78,0.0
fine,baseball glove,syn,glove,False,231747,0.79,0.0
fine,baseball glove,syn,glove,False,231747,0.8,0.0
fine,baseball glove,syn,glove,True,231747,0.5,0.0
fine,baseball glove,syn,glove,True,231747,0.51,0.0
fine,baseball glove,syn,glove,True,231747,0.52,0.0
fine,baseball glove,syn,glove,True,231747,0.53,0.0
fine,baseball glove,syn,glove,True,231747,0.54,0.0
fine,baseball glove,syn,glove,True,231747,0.55,0.0
fine,baseball glove,syn,glove,True,231747,0.56,0.0
fine,baseball glove,syn,glove,True,231747,0.57,0.0
fine,baseball glove,syn,glove,True,231747,0.58,0.0
fine,baseball glove,syn,glove,True,231747,0.59,0.0
fine,baseball glove,syn,glove,True,231747,0.6,0.0
fine,baseball glove,syn,glove,True,231747,0.61,0.0
fine,baseball glove,syn,glove,True,231747,0.62,0.0
fine,baseball glove,syn,glove,True,231747,0.63,0.0
fine,baseball glove,syn,glove,True,231747,0.64,0.0
fine,baseball glove,syn,glove,True,231747,0.65,0.0
fine,baseball glove,syn,glove,True,231747,0.66,0.0
fine,baseball glove,syn,glove,True,231747,0.67,0.0
fine,baseball glove,syn,glove,True,231747,0.68,0.0
fine,baseball glove,syn,glove,True,231747,0.69,0.0
fine,baseball glove,syn,glove,True,231747,0.7,0.0
fine,baseball glove,syn,glove,True,231747,0.71,0.0
fine,baseball glove,syn,glove,True,231747,0.72,0.0
fine,baseball glove,syn,glove,True,231747,0.73,0.0
fine,baseball glove,syn,glove,True,231747,0.74,0.0
fine,baseball glove,syn,glove,True,231747,0.75,0.0
fine,baseball glove,syn,glove,True,231747,0.76,0.0
fine,baseball glove,syn,glove,True,231747,0.77,0.0
fine,baseball glove,syn,glove,True,231747,0.78,0.0
fine,baseball glove,syn,glove,True,231747,0.79,0.0
fine,baseball glove,syn,glove,True,231747,0.8,0.0
fine,baseball glove,hyper,baseball equipment,False,231747,0.5,0.0
fine,baseball glove,hyper,baseball equipment,False,231747,0.51,0.0
fine,baseball glove,hyper,baseball equipment,False,231747,0.52,0.0
fine,baseball glove,hyper,baseball equipment,False,231747,0.53,0.0
fine,baseball glove,hyper,baseball equipment,False,231747,0.54,0.0
fine,baseball glove,hyper,baseball equipment,False,231747,0.55,0.0
fine,baseball glove,hyper,baseball equipment,False,231747,0.56,0.0
fine,baseball glove,hyper,baseball equipment,False,231747,0.57,0.000121921482565228
fine,baseball glove,hyper,baseball equipment,False,231747,0.58,0.00012146240738491437
fine,baseball glove,hyper,baseball equipment,False,231747,0.59,0.0002420135527589545
fine,baseball glove,hyper,baseball equipment,False,231747,0.6,0.0003616636528028933
fine,baseball glove,hyper,baseball equipment,False,231747,0.61,0.0004800192007680307
fine,baseball glove,hyper,baseball equipment,False,231747,0.62,0.00047835446065534564
fine,baseball glove,hyper,baseball equipment,False,231747,0.63,0.000595876534382076
fine,baseball glove,hyper,baseball equipment,False,231747,0.64,0.0005946717411988582
fine,baseball glove,hyper,baseball equipment,False,231747,0.65,0.0007120816520294327
fine,baseball glove,hyper,baseball equipment,False,231747,0.66,0.0007112375533428165
fine,baseball glove,hyper,baseball equipment,False,231747,0.67,0.0008285004142502071
fine,baseball glove,hyper,baseball equipment,False,231747,0.68,0.0008269344359125812
fine,baseball glove,hyper,baseball equipment,False,231747,0.69,0.0009431737797689225
fine,baseball glove,hyper,baseball equipment,False,231747,0.7,0.0009427292010370022
fine,baseball glove,hyper,baseball equipment,False,231747,0.71,0.0009422850412249705
fine,baseball glove,hyper,baseball equipment,False,231747,0.72,0.0009419521959260568
fine,baseball glove,hyper,baseball equipment,False,231747,0.73,0.0009413979759943516
fine,baseball glove,hyper,baseball equipment,False,231747,0.74,0.0009409550693954364
fine,baseball glove,hyper,baseball equipment,False,231747,0.75,0.0010582010582010583
fine,baseball glove,hyper,baseball equipment,False,231747,0.76,0.0010588235294117646
fine,baseball glove,hyper,baseball equipment,False,231747,0.77,0.0010595714622086178
fine,baseball glove,hyper,baseball equipment,False,231747,0.78,0.001059945824991167
fine,baseball glove,hyper,baseball equipment,False,231747,0.79,0.0010608203677510608
fine,baseball glove,hyper,baseball equipment,False,231747,0.8,0.0010618216139688533
fine,baseball glove,hyper,baseball equipment,True,231747,0.5,0.0
fine,baseball glove,hyper,baseball equipment,True,231747,0.51,0.0
fine,baseball glove,hyper,baseball equipment,True,231747,0.52,0.0
fine,baseball glove,hyper,baseball equipment,True,231747,0.53,0.0
fine,baseball glove,hyper,baseball equipment,True,231747,0.54,0.0
fine,baseball glove,hyper,baseball equipment,True,231747,0.55,0.0
fine,baseball glove,hyper,baseball equipment,True,231747,0.56,0.0
fine,baseball glove,hyper,baseball equipment,True,231747,0.57,0.0
fine,baseball glove,hyper,baseball equipment,True,231747,0.58,0.0
fine,baseball glove,hyper,baseball equipment,True,231747,0.59,0.0
fine,baseball glove,hyper,baseball equipment,True,231747,0.6,0.0
fine,baseball glove,hyper,baseball equipment,True,231747,0.61,0.00012144765606023804
fine,baseball glove,hyper,baseball equipment,True,231747,0.62,0.000242101440503571
fine,baseball glove,hyper,baseball equipment,True,231747,0.63,0.0002413709872073377
fine,baseball glove,hyper,baseball equipment,True,231747,0.64,0.0003606636210627555
fine,baseball glove,hyper,baseball equipment,True,231747,0.65,0.0004792140888942135
fine,baseball glove,hyper,baseball equipment,True,231747,0.66,0.0004775549188156638
fine,baseball glove,hyper,baseball equipment,True,231747,0.67,0.0004765308553728854
fine,baseball glove,hyper,baseball equipment,True,231747,0.68,0.00059509640561771
fine,baseball glove,hyper,baseball equipment,True,231747,0.69,0.0007131819802686319
fine,baseball glove,hyper,baseball equipment,True,231747,0.7,0.0007128430557205655
fine,baseball glove,hyper,baseball equipment,True,231747,0.71,0.000712166172106825
fine,baseball glove,hyper,baseball equipment,True,231747,0.72,0.0008298755186721991
fine,baseball glove,hyper,baseball equipment,True,231747,0.73,0.0008293838862559242
fine,baseball glove,hyper,baseball equipment,True,231747,0.74,0.0008286965786669824
fine,baseball glove,hyper,baseball equipment,True,231747,0.75,0.0008282063416942735
fine,baseball glove,hyper,baseball equipment,True,231747,0.76,0.0008278145695364238
fine,baseball glove,hyper,baseball equipment,True,231747,0.77,0.0008279124778237729
fine,baseball glove,hyper,baseball equipment,True,231747,0.78,0.0008282063416942735
fine,baseball glove,hyper,baseball equipment,True,231747,0.79,0.0008285004142502071
fine,baseball glove,hyper,baseball equipment,True,231747,0.8,0.0008293838862559242
fine,baseball glove,orig,baseball glove,False,231508,0.5,0.0
fine,baseball glove,orig,baseball glove,False,231508,0.51,0.0
fine,baseball glove,orig,baseball glove,False,231508,0.52,0.0
fine,baseball glove,orig,baseball glove,False,231508,0.53,0.0
fine,baseball glove,orig,baseball glove,False,231508,0.54,0.0
fine,baseball glove,orig,baseball glove,False,231508,0.55,0.0
fine,baseball glove,orig,baseball glove,False,231508,0.56,0.0
fine,baseball glove,orig,baseball glove,False,231508,0.57,0.0
fine,baseball glove,orig,baseball glove,False,231508,0.58,0.0
fine,baseball glove,orig,baseball glove,False,231508,0.59,0.0
fine,baseball glove,orig,baseball glove,False,231508,0.6,0.0
fine,baseball glove,orig,baseball glove,False,231508,0.61,0.0
fine,baseball glove,orig,baseball glove,False,231508,0.62,0.0
fine,baseball glove,orig,baseball glove,False,231508,0.63,0.0
fine,baseball glove,orig,baseball glove,False,231508,0.64,0.0
fine,baseball glove,orig,baseball glove,False,231508,0.65,0.0
fine,baseball glove,orig,baseball glove,False,231508,0.66,0.0
fine,baseball glove,orig,baseball glove,False,231508,0.67,0.0
fine,baseball glove,orig,baseball glove,False,231508,0.68,0.0
fine,baseball glove,orig,baseball glove,False,231508,0.69,0.0
fine,baseball glove,orig,baseball glove,False,231508,0.7,0.0
fine,baseball glove,orig,baseball glove,False,231508,0.71,0.0
fine,baseball glove,orig,baseball glove,False,231508,0.72,0.0
fine,baseball glove,orig,baseball glove,False,231508,0.73,0.0
fine,baseball glove,orig,baseball glove,False,231508,0.74,0.0
fine,baseball glove,orig,baseball glove,False,231508,0.75,0.0
fine,baseball glove,orig,baseball glove,False,231508,0.76,0.0
fine,baseball glove,orig,baseball glove,False,231508,0.77,0.0
fine,baseball glove,orig,baseball glove,False,231508,0.78,0.0
fine,baseball glove,orig,baseball glove,False,231508,0.79,0.0
fine,baseball glove,orig,baseball glove,False,231508,0.8,0.0
fine,baseball glove,orig,baseball glove,True,231508,0.5,0.0
fine,baseball glove,orig,baseball glove,True,231508,0.51,0.0
fine,baseball glove,orig,baseball glove,True,231508,0.52,0.0
fine,baseball glove,orig,baseball glove,True,231508,0.53,0.0
fine,baseball glove,orig,baseball glove,True,231508,0.54,0.0
fine,baseball glove,orig,baseball glove,True,231508,0.55,0.0
fine,baseball glove,orig,baseball glove,True,231508,0.56,0.0
fine,baseball glove,orig,baseball glove,True,231508,0.57,0.0
fine,baseball glove,orig,baseball glove,True,231508,0.58,0.0
fine,baseball glove,orig,baseball glove,True,231508,0.59,0.0
fine,baseball glove,orig,baseball glove,True,231508,0.6,0.0
fine,baseball glove,orig,baseball glove,True,231508,0.61,0.0
fine,baseball glove,orig,baseball glove,True,231508,0.62,0.0
fine,baseball glove,orig,baseball glove,True,231508,0.63,0.0
fine,baseball glove,orig,baseball glove,True,231508,0.64,0.0
fine,baseball glove,orig,baseball glove,True,231508,0.65,0.0
fine,baseball glove,orig,baseball glove,True,231508,0.66,0.0
fine,baseball glove,orig,baseball glove,True,231508,0.67,0.0
fine,baseball glove,orig,baseball glove,True,231508,0.68,0.0
fine,baseball glove,orig,baseball glove,True,231508,0.69,0.0
fine,baseball glove,orig,baseball glove,True,231508,0.7,0.0
fine,baseball glove,orig,baseball glove,True,231508,0.71,0.0
fine,baseball glove,orig,baseball glove,True,231508,0.72,0.0
fine,baseball glove,orig,baseball glove,True,231508,0.73,0.0
fine,baseball glove,orig,baseball glove,True,231508,0.74,0.0
fine,baseball glove,orig,baseball glove,True,231508,0.75,0.0
fine,baseball glove,orig,baseball glove,True,231508,0.76,0.0
fine,baseball glove,orig,baseball glove,True,231508,0.77,0.0
fine,baseball glove,orig,baseball glove,True,231508,0.78,0.0
fine,baseball glove,orig,baseball glove,True,231508,0.79,0.0
fine,baseball glove,orig,baseball glove,True,231508,0.8,0.0
fine,baseball glove,syn,glove,False,231508,0.5,0.0
fine,baseball glove,syn,glove,False,231508,0.51,0.0
fine,baseball glove,syn,glove,False,231508,0.52,0.0
fine,baseball glove,syn,glove,False,231508,0.53,0.0
fine,baseball glove,syn,glove,False,231508,0.54,0.0
fine,baseball glove,syn,glove,False,231508,0.55,0.0
fine,baseball glove,syn,glove,False,231508,0.56,0.0
fine,baseball glove,syn,glove,False,231508,0.57,0.0
fine,baseball glove,syn,glove,False,231508,0.58,0.0
fine,baseball glove,syn,glove,False,231508,0.59,0.0
fine,baseball glove,syn,glove,False,231508,0.6,0.0
fine,baseball glove,syn,glove,False,231508,0.61,0.0
fine,baseball glove,syn,glove,False,231508,0.62,0.0
fine,baseball glove,syn,glove,False,231508,0.63,0.0
fine,baseball glove,syn,glove,False,231508,0.64,0.0
fine,baseball glove,syn,glove,False,231508,0.65,0.0
fine,baseball glove,syn,glove,False,231508,0.66,0.0
fine,baseball glove,syn,glove,False,231508,0.67,0.0
fine,baseball glove,syn,glove,False,231508,0.68,0.0
fine,baseball glove,syn,glove,False,231508,0.69,0.0
fine,baseball glove,syn,glove,False,231508,0.7,0.0
fine,baseball glove,syn,glove,False,231508,0.71,0.0
fine,baseball glove,syn,glove,False,231508,0.72,0.0
fine,baseball glove,syn,glove,False,231508,0.73,0.0
fine,baseball glove,syn,glove,False,231508,0.74,0.0
fine,baseball glove,syn,glove,False,231508,0.75,0.0
fine,baseball glove,syn,glove,False,231508,0.76,0.0
fine,baseball glove,syn,glove,False,231508,0.77,0.0
fine,baseball glove,syn,glove,False,231508,0.78,0.0
fine,baseball glove,syn,glove,False,231508,0.79,0.0
fine,baseball glove,syn,glove,False,231508,0.8,0.0
fine,baseball glove,syn,glove,True,231508,0.5,0.0
fine,baseball glove,syn,glove,True,231508,0.51,0.0
fine,baseball glove,syn,glove,True,231508,0.52,0.0
fine,baseball glove,syn,glove,True,231508,0.53,0.0
fine,baseball glove,syn,glove,True,231508,0.54,0.0
fine,baseball glove,syn,glove,True,231508,0.55,0.0
fine,baseball glove,syn,glove,True,231508,0.56,0.0
fine,baseball glove,syn,glove,True,231508,0.57,0.0
fine,baseball glove,syn,glove,True,231508,0.58,0.0
fine,baseball glove,syn,glove,True,231508,0.59,0.0
fine,baseball glove,syn,glove,True,231508,0.6,0.0
fine,baseball glove,syn,glove,True,231508,0.61,0.0
fine,baseball glove,syn,glove,True,231508,0.62,0.0
fine,baseball glove,syn,glove,True,231508,0.63,0.0
fine,baseball glove,syn,glove,True,231508,0.64,0.0
fine,baseball glove,syn,glove,True,231508,0.65,0.0
fine,baseball glove,syn,glove,True,231508,0.66,0.0
fine,baseball glove,syn,glove,True,231508,0.67,0.0
fine,baseball glove,syn,glove,True,231508,0.68,0.0
fine,baseball glove,syn,glove,True,231508,0.69,0.0
fine,baseball glove,syn,glove,True,231508,0.7,0.0
fine,baseball glove,syn,glove,True,231508,0.71,0.0
fine,baseball glove,syn,glove,True,231508,0.72,0.0
fine,baseball glove,syn,glove,True,231508,0.73,0.0
fine,baseball glove,syn,glove,True,231508,0.74,0.0
fine,baseball glove,syn,glove,True,231508,0.75,0.0
fine,baseball glove,syn,glove,True,231508,0.76,0.0
fine,baseball glove,syn,glove,True,231508,0.77,0.0
fine,baseball glove,syn,glove,True,231508,0.78,0.0
fine,baseball glove,syn,glove,True,231508,0.79,0.0
fine,baseball glove,syn,glove,True,231508,0.8,0.0
fine,baseball glove,hyper,baseball equipment,False,231508,0.5,0.0
fine,baseball glove,hyper,baseball equipment,False,231508,0.51,0.0
fine,baseball glove,hyper,baseball equipment,False,231508,0.52,0.0
fine,baseball glove,hyper,baseball equipment,False,231508,0.53,0.0
fine,baseball glove,hyper,baseball equipment,False,231508,0.54,0.0
fine,baseball glove,hyper,baseball equipment,False,231508,0.55,0.0
fine,baseball glove,hyper,baseball equipment,False,231508,0.56,0.0
fine,baseball glove,hyper,baseball equipment,False,231508,0.57,0.0
fine,baseball glove,hyper,baseball equipment,False,231508,0.58,0.0
fine,baseball glove,hyper,baseball equipment,False,231508,0.59,0.0
fine,baseball glove,hyper,baseball equipment,False,231508,0.6,0.0
fine,baseball glove,hyper,baseball equipment,False,231508,0.61,0.0
fine,baseball glove,hyper,baseball equipment,False,231508,0.62,0.0
fine,baseball glove,hyper,baseball equipment,False,231508,0.63,0.0
fine,baseball glove,hyper,baseball equipment,False,231508,0.64,0.0
fine,baseball glove,hyper,baseball equipment,False,231508,0.65,0.0
fine,baseball glove,hyper,baseball equipment,False,231508,0.66,0.0
fine,baseball glove,hyper,baseball equipment,False,231508,0.67,0.0
fine,baseball glove,hyper,baseball equipment,False,231508,0.68,0.0
fine,baseball glove,hyper,baseball equipment,False,231508,0.69,0.0
fine,baseball glove,hyper,baseball equipment,False,231508,0.7,0.0
fine,baseball glove,hyper,baseball equipment,False,231508,0.71,0.0
fine,baseball glove,hyper,baseball equipment,False,231508,0.72,0.0
fine,baseball glove,hyper,baseball equipment,False,231508,0.73,0.0
fine,baseball glove,hyper,baseball equipment,False,231508,0.74,0.0
fine,baseball glove,hyper,baseball equipment,False,231508,0.75,0.0
fine,baseball glove,hyper,baseball equipment,False,231508,0.76,0.0
fine,baseball glove,hyper,baseball equipment,False,231508,0.77,0.0
fine,baseball glove,hyper,baseball equipment,False,231508,0.78,0.0
fine,baseball glove,hyper,baseball equipment,False,231508,0.79,0.0
fine,baseball glove,hyper,baseball equipment,False,231508,0.8,0.0
fine,baseball glove,hyper,baseball equipment,True,231508,0.5,0.0
fine,baseball glove,hyper,baseball equipment,True,231508,0.51,0.0
fine,baseball glove,hyper,baseball equipment,True,231508,0.52,0.0
fine,baseball glove,hyper,baseball equipment,True,231508,0.53,0.0
fine,baseball glove,hyper,baseball equipment,True,231508,0.54,0.0
fine,baseball glove,hyper,baseball equipment,True,231508,0.55,0.0
fine,baseball glove,hyper,baseball equipment,True,231508,0.56,0.0
fine,baseball glove,hyper,baseball equipment,True,231508,0.57,0.0
fine,baseball glove,hyper,baseball equipment,True,231508,0.58,0.0
fine,baseball glove,hyper,baseball equipment,True,231508,0.59,0.0
fine,baseball glove,hyper,baseball equipment,True,231508,0.6,0.0
fine,baseball glove,hyper,baseball equipment,True,231508,0.61,0.0
fine,baseball glove,hyper,baseball equipment,True,231508,0.62,0.0
fine,baseball glove,hyper,baseball equipment,True,231508,0.63,0.0
fine,baseball glove,hyper,baseball equipment,True,231508,0.64,0.0
fine,baseball glove,hyper,baseball equipment,True,231508,0.65,0.0
fine,baseball glove,hyper,baseball equipment,True,231508,0.66,0.0
fine,baseball glove,hyper,baseball equipment,True,231508,0.67,0.0
fine,baseball glove,hyper,baseball equipment,True,231508,0.68,0.0
fine,baseball glove,hyper,baseball equipment,True,231508,0.69,0.0
fine,baseball glove,hyper,baseball equipment,True,231508,0.7,0.0
fine,baseball glove,hyper,baseball equipment,True,231508,0.71,0.0
fine,baseball glove,hyper,baseball equipment,True,231508,0.72,0.0
fine,baseball glove,hyper,baseball equipment,True,231508,0.73,0.0
fine,baseball glove,hyper,baseball equipment,True,231508,0.74,0.0
fine,baseball glove,hyper,baseball equipment,True,231508,0.75,0.0
fine,baseball glove,hyper,baseball equipment,True,231508,0.76,0.0
fine,baseball glove,hyper,baseball equipment,True,231508,0.77,0.0
fine,baseball glove,hyper,baseball equipment,True,231508,0.78,0.0
fine,baseball glove,hyper,baseball equipment,True,231508,0.79,0.0
fine,baseball glove,hyper,baseball equipment,True,231508,0.8,0.0
fine,broccoli,orig,broccoli,False,125245,0.5,0.0
fine,broccoli,orig,broccoli,False,125245,0.51,0.0
fine,broccoli,orig,broccoli,False,125245,0.52,0.0
fine,broccoli,orig,broccoli,False,125245,0.53,0.0
fine,broccoli,orig,broccoli,False,125245,0.54,0.0
fine,broccoli,orig,broccoli,False,125245,0.55,0.0
fine,broccoli,orig,broccoli,False,125245,0.56,0.0
fine,broccoli,orig,broccoli,False,125245,0.57,0.0
fine,broccoli,orig,broccoli,False,125245,0.58,0.0
fine,broccoli,orig,broccoli,False,125245,0.59,0.0
fine,broccoli,orig,broccoli,False,125245,0.6,0.0
fine,broccoli,orig,broccoli,False,125245,0.61,0.0
fine,broccoli,orig,broccoli,False,125245,0.62,0.0
fine,broccoli,orig,broccoli,False,125245,0.63,0.0
fine,broccoli,orig,broccoli,False,125245,0.64,0.0
fine,broccoli,orig,broccoli,False,125245,0.65,0.0
fine,broccoli,orig,broccoli,False,125245,0.66,0.0
fine,broccoli,orig,broccoli,False,125245,0.67,0.0
fine,broccoli,orig,broccoli,False,125245,0.68,0.0
fine,broccoli,orig,broccoli,False,125245,0.69,0.0
fine,broccoli,orig,broccoli,False,125245,0.7,0.0
fine,broccoli,orig,broccoli,False,125245,0.71,0.0
fine,broccoli,orig,broccoli,False,125245,0.72,0.0
fine,broccoli,orig,broccoli,False,125245,0.73,0.0
fine,broccoli,orig,broccoli,False,125245,0.74,0.0
fine,broccoli,orig,broccoli,False,125245,0.75,0.0
fine,broccoli,orig,broccoli,False,125245,0.76,0.0
fine,broccoli,orig,broccoli,False,125245,0.77,0.0
fine,broccoli,orig,broccoli,False,125245,0.78,0.0
fine,broccoli,orig,broccoli,False,125245,0.79,0.0
fine,broccoli,orig,broccoli,False,125245,0.8,0.0
fine,broccoli,orig,broccoli,True,125245,0.5,0.0
fine,broccoli,orig,broccoli,True,125245,0.51,0.0
fine,broccoli,orig,broccoli,True,125245,0.52,0.0
fine,broccoli,orig,broccoli,True,125245,0.53,0.0
fine,broccoli,orig,broccoli,True,125245,0.54,0.0
fine,broccoli,orig,broccoli,True,125245,0.55,0.0
fine,broccoli,orig,broccoli,True,125245,0.56,0.0
fine,broccoli,orig,broccoli,True,125245,0.57,0.0
fine,broccoli,orig,broccoli,True,125245,0.58,0.0
fine,broccoli,orig,broccoli,True,125245,0.59,0.0
fine,broccoli,orig,broccoli,True,125245,0.6,0.0
fine,broccoli,orig,broccoli,True,125245,0.61,0.0
fine,broccoli,orig,broccoli,True,125245,0.62,0.0
fine,broccoli,orig,broccoli,True,125245,0.63,0.0
fine,broccoli,orig,broccoli,True,125245,0.64,0.0
fine,broccoli,orig,broccoli,True,125245,0.65,0.0
fine,broccoli,orig,broccoli,True,125245,0.66,0.0
fine,broccoli,orig,broccoli,True,125245,0.67,0.0
fine,broccoli,orig,broccoli,True,125245,0.68,0.0
fine,broccoli,orig,broccoli,True,125245,0.69,0.0
fine,broccoli,orig,broccoli,True,125245,0.7,0.0
fine,broccoli,orig,broccoli,True,125245,0.71,0.0
fine,broccoli,orig,broccoli,True,125245,0.72,0.0
fine,broccoli,orig,broccoli,True,125245,0.73,0.0
fine,broccoli,orig,broccoli,True,125245,0.74,0.0
fine,broccoli,orig,broccoli,True,125245,0.75,0.0
fine,broccoli,orig,broccoli,True,125245,0.76,0.0
fine,broccoli,orig,broccoli,True,125245,0.77,0.0
fine,broccoli,orig,broccoli,True,125245,0.78,0.0
fine,broccoli,orig,broccoli,True,125245,0.79,0.0
fine,broccoli,orig,broccoli,True,125245,0.8,0.0
fine,broccoli,syn,Brassica oleracea italica,False,125245,0.5,0.0
fine,broccoli,syn,Brassica oleracea italica,False,125245,0.51,0.0
fine,broccoli,syn,Brassica oleracea italica,False,125245,0.52,0.0
fine,broccoli,syn,Brassica oleracea italica,False,125245,0.53,0.0
fine,broccoli,syn,Brassica oleracea italica,False,125245,0.54,0.0
fine,broccoli,syn,Brassica oleracea italica,False,125245,0.55,0.0
fine,broccoli,syn,Brassica oleracea italica,False,125245,0.56,0.0
fine,broccoli,syn,Brassica oleracea italica,False,125245,0.57,0.0
fine,broccoli,syn,Brassica oleracea italica,False,125245,0.58,0.0
fine,broccoli,syn,Brassica oleracea italica,False,125245,0.59,0.0
fine,broccoli,syn,Brassica oleracea italica,False,125245,0.6,0.0
fine,broccoli,syn,Brassica oleracea italica,False,125245,0.61,0.0
fine,broccoli,syn,Brassica oleracea italica,False,125245,0.62,0.0
fine,broccoli,syn,Brassica oleracea italica,False,125245,0.63,0.0
fine,broccoli,syn,Brassica oleracea italica,False,125245,0.64,0.0
fine,broccoli,syn,Brassica oleracea italica,False,125245,0.65,0.0
fine,broccoli,syn,Brassica oleracea italica,False,125245,0.66,0.0
fine,broccoli,syn,Brassica oleracea italica,False,125245,0.67,0.0
fine,broccoli,syn,Brassica oleracea italica,False,125245,0.68,0.0
fine,broccoli,syn,Brassica oleracea italica,False,125245,0.69,0.0
fine,broccoli,syn,Brassica oleracea italica,False,125245,0.7,0.0
fine,broccoli,syn,Brassica oleracea italica,False,125245,0.71,0.0
fine,broccoli,syn,Brassica oleracea italica,False,125245,0.72,0.0
fine,broccoli,syn,Brassica oleracea italica,False,125245,0.73,0.0
fine,broccoli,syn,Brassica oleracea italica,False,125245,0.74,0.0
fine,broccoli,syn,Brassica oleracea italica,False,125245,0.75,0.0
fine,broccoli,syn,Brassica oleracea italica,False,125245,0.76,0.0
fine,broccoli,syn,Brassica oleracea italica,False,125245,0.77,0.0
fine,broccoli,syn,Brassica oleracea italica,False,125245,0.78,0.0
fine,broccoli,syn,Brassica oleracea italica,False,125245,0.79,0.0
fine,broccoli,syn,Brassica oleracea italica,False,125245,0.8,0.0
fine,broccoli,syn,Brassica oleracea italica,True,125245,0.5,0.0
fine,broccoli,syn,Brassica oleracea italica,True,125245,0.51,0.0
fine,broccoli,syn,Brassica oleracea italica,True,125245,0.52,0.0
fine,broccoli,syn,Brassica oleracea italica,True,125245,0.53,0.0
fine,broccoli,syn,Brassica oleracea italica,True,125245,0.54,0.0
fine,broccoli,syn,Brassica oleracea italica,True,125245,0.55,0.0
fine,broccoli,syn,Brassica oleracea italica,True,125245,0.56,0.0
fine,broccoli,syn,Brassica oleracea italica,True,125245,0.57,0.0
fine,broccoli,syn,Brassica oleracea italica,True,125245,0.58,0.0
fine,broccoli,syn,Brassica oleracea italica,True,125245,0.59,0.0
fine,broccoli,syn,Brassica oleracea italica,True,125245,0.6,0.0
fine,broccoli,syn,Brassica oleracea italica,True,125245,0.61,0.0
fine,broccoli,syn,Brassica oleracea italica,True,125245,0.62,0.0
fine,broccoli,syn,Brassica oleracea italica,True,125245,0.63,0.0
fine,broccoli,syn,Brassica oleracea italica,True,125245,0.64,0.0
fine,broccoli,syn,Brassica oleracea italica,True,125245,0.65,0.0
fine,broccoli,syn,Brassica oleracea italica,True,125245,0.66,0.0
fine,broccoli,syn,Brassica oleracea italica,True,125245,0.67,0.0
fine,broccoli,syn,Brassica oleracea italica,True,125245,0.68,0.0
fine,broccoli,syn,Brassica oleracea italica,True,125245,0.69,0.0
fine,broccoli,syn,Brassica oleracea italica,True,125245,0.7,0.0
fine,broccoli,syn,Brassica oleracea italica,True,125245,0.71,0.0
fine,broccoli,syn,Brassica oleracea italica,True,125245,0.72,0.0
fine,broccoli,syn,Brassica oleracea italica,True,125245,0.73,0.0
fine,broccoli,syn,Brassica oleracea italica,True,125245,0.74,0.0
fine,broccoli,syn,Brassica oleracea italica,True,125245,0.75,0.0
fine,broccoli,syn,Brassica oleracea italica,True,125245,0.76,0.0
fine,broccoli,syn,Brassica oleracea italica,True,125245,0.77,0.0
fine,broccoli,syn,Brassica oleracea italica,True,125245,0.78,0.0
fine,broccoli,syn,Brassica oleracea italica,True,125245,0.79,0.0
fine,broccoli,syn,Brassica oleracea italica,True,125245,0.8,0.0
fine,broccoli,hyper,crucifer,False,125245,0.5,0.0
fine,broccoli,hyper,crucifer,False,125245,0.51,0.0
fine,broccoli,hyper,crucifer,False,125245,0.52,0.0
fine,broccoli,hyper,crucifer,False,125245,0.53,0.0
fine,broccoli,hyper,crucifer,False,125245,0.54,0.0
fine,broccoli,hyper,crucifer,False,125245,0.55,0.0
fine,broccoli,hyper,crucifer,False,125245,0.56,0.0
fine,broccoli,hyper,crucifer,False,125245,0.57,0.0
fine,broccoli,hyper,crucifer,False,125245,0.58,0.0
fine,broccoli,hyper,crucifer,False,125245,0.59,0.0
fine,broccoli,hyper,crucifer,False,125245,0.6,0.0
fine,broccoli,hyper,crucifer,False,125245,0.61,0.0
fine,broccoli,hyper,crucifer,False,125245,0.62,0.0
fine,broccoli,hyper,crucifer,False,125245,0.63,0.0
fine,broccoli,hyper,crucifer,False,125245,0.64,0.0
fine,broccoli,hyper,crucifer,False,125245,0.65,0.0
fine,broccoli,hyper,crucifer,False,125245,0.66,0.0
fine,broccoli,hyper,crucifer,False,125245,0.67,0.0
fine,broccoli,hyper,crucifer,False,125245,0.68,0.0
fine,broccoli,hyper,crucifer,False,125245,0.69,0.0
fine,broccoli,hyper,crucifer,False,125245,0.7,0.0
fine,broccoli,hyper,crucifer,False,125245,0.71,0.0
fine,broccoli,hyper,crucifer,False,125245,0.72,0.0
fine,broccoli,hyper,crucifer,False,125245,0.73,0.0
fine,broccoli,hyper,crucifer,False,125245,0.74,0.0
fine,broccoli,hyper,crucifer,False,125245,0.75,0.0
fine,broccoli,hyper,crucifer,False,125245,0.76,0.0
fine,broccoli,hyper,crucifer,False,125245,0.77,0.0
fine,broccoli,hyper,crucifer,False,125245,0.78,0.0
fine,broccoli,hyper,crucifer,False,125245,0.79,0.0
fine,broccoli,hyper,crucifer,False,125245,0.8,0.0
fine,broccoli,hyper,crucifer,True,125245,0.5,0.0
fine,broccoli,hyper,crucifer,True,125245,0.51,0.0
fine,broccoli,hyper,crucifer,True,125245,0.52,0.0
fine,broccoli,hyper,crucifer,True,125245,0.53,0.0
fine,broccoli,hyper,crucifer,True,125245,0.54,0.0
fine,broccoli,hyper,crucifer,True,125245,0.55,0.0
fine,broccoli,hyper,crucifer,True,125245,0.56,0.0
fine,broccoli,hyper,crucifer,True,125245,0.57,0.0
fine,broccoli,hyper,crucifer,True,125245,0.58,0.0
fine,broccoli,hyper,crucifer,True,125245,0.59,0.0
fine,broccoli,hyper,crucifer,True,125245,0.6,0.0
fine,broccoli,hyper,crucifer,True,125245,0.61,0.0
fine,broccoli,hyper,crucifer,True,125245,0.62,0.0
fine,broccoli,hyper,crucifer,True,125245,0.63,0.0
fine,broccoli,hyper,crucifer,True,125245,0.64,0.0
fine,broccoli,hyper,crucifer,True,125245,0.65,0.0
fine,broccoli,hyper,crucifer,True,125245,0.66,0.0
fine,broccoli,hyper,crucifer,True,125245,0.67,0.0
fine,broccoli,hyper,crucifer,True,125245,0.68,0.0
fine,broccoli,hyper,crucifer,True,125245,0.69,0.0
fine,broccoli,hyper,crucifer,True,125245,0.7,0.0
fine,broccoli,hyper,crucifer,True,125245,0.71,0.0
fine,broccoli,hyper,crucifer,True,125245,0.72,0.0
fine,broccoli,hyper,crucifer,True,125245,0.73,0.0
fine,broccoli,hyper,crucifer,True,125245,0.74,0.0
fine,broccoli,hyper,crucifer,True,125245,0.75,0.0
fine,broccoli,hyper,crucifer,True,125245,0.76,0.0
fine,broccoli,hyper,crucifer,True,125245,0.77,0.0
fine,broccoli,hyper,crucifer,True,125245,0.78,0.0
fine,broccoli,hyper,crucifer,True,125245,0.79,0.0
fine,broccoli,hyper,crucifer,True,125245,0.8,0.0
fine,broccoli,orig,broccoli,False,3501,0.5,0.8030561651629684
fine,broccoli,orig,broccoli,False,3501,0.51,0.8029867736339983
fine,broccoli,orig,broccoli,False,3501,0.52,0.8034174125305126
fine,broccoli,orig,broccoli,False,3501,0.53,0.803598567086409
fine,broccoli,orig,broccoli,False,3501,0.54,0.8034856258652985
fine,broccoli,orig,broccoli,False,3501,0.55,0.8036291527449543
fine,broccoli,orig,broccoli,False,3501,0.56,0.8037616873233312
fine,broccoli,orig,broccoli,False,3501,0.57,0.8037744058302061
fine,broccoli,orig,broccoli,False,3501,0.58,0.8037978127210403
fine,broccoli,orig,broccoli,False,3501,0.59,0.8037886829427615
fine,broccoli,orig,broccoli,False,3501,0.6,0.8040470613867857
fine,broccoli,orig,broccoli,False,3501,0.61,0.804141689373297
fine,broccoli,orig,broccoli,False,3501,0.62,0.8043905099536406
fine,broccoli,orig,broccoli,False,3501,0.63,0.8047548859045748
fine,broccoli,orig,broccoli,False,3501,0.64,0.804978006065408
fine,broccoli,orig,broccoli,False,3501,0.65,0.8050861361771944
fine,broccoli,orig,broccoli,False,3501,0.66,0.8050722258699934
fine,broccoli,orig,broccoli,False,3501,0.67,0.8049060942889996
fine,broccoli,orig,broccoli,False,3501,0.68,0.8050471284524331
fine,broccoli,orig,broccoli,False,3501,0.69,0.8048753736049796
fine,broccoli,orig,broccoli,False,3501,0.7,0.8049623977603337
fine,broccoli,orig,broccoli,False,3501,0.71,0.8050328287684404
fine,broccoli,orig,broccoli,False,3501,0.72,0.8051308842938847
fine,broccoli,orig,broccoli,False,3501,0.73,0.8051640607795639
fine,broccoli,orig,broccoli,False,3501,0.74,0.8050527591811996
fine,broccoli,orig,broccoli,False,3501,0.75,0.8053854218396512
fine,broccoli,orig,broccoli,False,3501,0.76,0.8054796033916094
fine,broccoli,orig,broccoli,False,3501,0.77,0.8053459380269232
fine,broccoli,orig,broccoli,False,3501,0.78,0.8055409482162132
fine,broccoli,orig,broccoli,False,3501,0.79,0.8057541992349908
fine,broccoli,orig,broccoli,False,3501,0.8,0.8060003885543005
fine,broccoli,orig,broccoli,True,3501,0.5,0.8030561651629684
fine,broccoli,orig,broccoli,True,3501,0.51,0.8029867736339983
fine,broccoli,orig,broccoli,True,3501,0.52,0.8034174125305126
fine,broccoli,orig,broccoli,True,3501,0.53,0.803598567086409
fine,broccoli,orig,broccoli,True,3501,0.54,0.8034856258652985
fine,broccoli,orig,broccoli,True,3501,0.55,0.8036291527449543
fine,broccoli,orig,broccoli,True,3501,0.56,0.8037616873233312
fine,broccoli,orig,broccoli,True,3501,0.57,0.8037744058302061
fine,broccoli,orig,broccoli,True,3501,0.58,0.8037978127210403
fine,broccoli,orig,broccoli,True,3501,0.59,0.8037886829427615
fine,broccoli,orig,broccoli,True,3501,0.6,0.8040470613867857
fine,broccoli,orig,broccoli,True,3501,0.61,0.804141689373297
fine,broccoli,orig,broccoli,True,3501,0.62,0.8043905099536406
fine,broccoli,orig,broccoli,True,3501,0.63,0.8047548859045748
fine,broccoli,orig,broccoli,True,3501,0.64,0.804978006065408
fine,broccoli,orig,broccoli,True,3501,0.65,0.8050861361771944
fine,broccoli,orig,broccoli,True,3501,0.66,0.8050722258699934
fine,broccoli,orig,broccoli,True,3501,0.67,0.8049060942889996
fine,broccoli,orig,broccoli,True,3501,0.68,0.8050471284524331
fine,broccoli,orig,broccoli,True,3501,0.69,0.8048753736049796
fine,broccoli,orig,broccoli,True,3501,0.7,0.8049623977603337
fine,broccoli,orig,broccoli,True,3501,0.71,0.8050328287684404
fine,broccoli,orig,broccoli,True,3501,0.72,0.8051308842938847
fine,broccoli,orig,broccoli,True,3501,0.73,0.8051640607795639
fine,broccoli,orig,broccoli,True,3501,0.74,0.8050527591811996
fine,broccoli,orig,broccoli,True,3501,0.75,0.8053854218396512
fine,broccoli,orig,broccoli,True,3501,0.76,0.8054796033916094
fine,broccoli,orig,broccoli,True,3501,0.77,0.8053459380269232
fine,broccoli,orig,broccoli,True,3501,0.78,0.8055409482162132
fine,broccoli,orig,broccoli,True,3501,0.79,0.8057541992349908
fine,broccoli,orig,broccoli,True,3501,0.8,0.8060003885543005
fine,broccoli,syn,Brassica oleracea italica,False,3501,0.5,0.8030561651629684
fine,broccoli,syn,Brassica oleracea italica,False,3501,0.51,0.8028596187175043
fine,broccoli,syn,Brassica oleracea italica,False,3501,0.52,0.8026094959666504
fine,broccoli,syn,Brassica oleracea italica,False,3501,0.53,0.8025382908480814
fine,broccoli,syn,Brassica oleracea italica,False,3501,0.54,0.802429062187238
fine,broccoli,syn,Brassica oleracea italica,False,3501,0.55,0.8023202358095135
fine,broccoli,syn,Brassica oleracea italica,False,3501,0.56,0.8022491957503176
fine,broccoli,syn,Brassica oleracea italica,False,3501,0.57,0.8021134563930704
fine,broccoli,syn,Brassica oleracea italica,False,3501,0.58,0.8020912136604345
fine,broccoli,syn,Brassica oleracea italica,False,3501,0.59,0.8019935708690132
fine,broccoli,syn,Brassica oleracea italica,False,3501,0.6,0.8016308016308016
fine,broccoli,syn,Brassica oleracea italica,False,3501,0.61,0.8015170328780435
fine,broccoli,syn,Brassica oleracea italica,False,3501,0.62,0.8012735759963304
fine,broccoli,syn,Brassica oleracea italica,False,3501,0.63,0.8011976694000863
fine,broccoli,syn,Brassica oleracea italica,False,3501,0.64,0.801040908232883
fine,broccoli,syn,Brassica oleracea italica,False,3501,0.65,0.8009706120248046
fine,broccoli,syn,Brassica oleracea italica,False,3501,0.66,0.8007924101126624
fine,broccoli,syn,Brassica oleracea italica,False,3501,0.67,0.8008030396938748
fine,broccoli,syn,Brassica oleracea italica,False,3501,0.68,0.8005926724137931
fine,broccoli,syn,Brassica oleracea italica,False,3501,0.69,0.8006248989926197
fine,broccoli,syn,Brassica oleracea italica,False,3501,0.7,0.8006248148447389
fine,broccoli,syn,Brassica oleracea italica,False,3501,0.71,0.8005762447155128
fine,broccoli,syn,Brassica oleracea italica,False,3501,0.72,0.8003499798088571
fine,broccoli,syn,Brassica oleracea italica,False,3501,0.73,0.8003607289956121
fine,broccoli,syn,Brassica oleracea italica,False,3501,0.74,0.8001614856681469
fine,broccoli,syn,Brassica oleracea italica,False,3501,0.75,0.7999461859276201
fine,broccoli,syn,Brassica oleracea italica,False,3501,0.76,0.7999354283254413
fine,broccoli,syn,Brassica oleracea italica,False,3501,0.77,0.799827832028623
fine,broccoli,syn,Brassica oleracea italica,False,3501,0.78,0.7996718577691707
fine,broccoli,syn,Brassica oleracea italica,False,3501,0.79,0.7995482170709407
fine,broccoli,syn,Brassica oleracea italica,False,3501,0.8,0.7994245455523287
fine,broccoli,syn,Brassica oleracea italica,True,3501,0.5,0.8030561651629684
fine,broccoli,syn,Brassica oleracea italica,True,3501,0.51,0.8028596187175043
fine,broccoli,syn,Brassica oleracea italica,True,3501,0.52,0.8026094959666504
fine,broccoli,syn,Brassica oleracea italica,True,3501,0.53,0.8025382908480814
fine,broccoli,syn,Brassica oleracea italica,True,3501,0.54,0.802429062187238
fine,broccoli,syn,Brassica oleracea italica,True,3501,0.55,0.8023202358095135
fine,broccoli,syn,Brassica oleracea italica,True,3501,0.56,0.8022491957503176
fine,broccoli,syn,Brassica oleracea italica,True,3501,0.57,0.8021134563930704
fine,broccoli,syn,Brassica oleracea italica,True,3501,0.58,0.8020912136604345
fine,broccoli,syn,Brassica oleracea italica,True,3501,0.59,0.8019935708690132
fine,broccoli,syn,Brassica oleracea italica,True,3501,0.6,0.8016308016308016
fine,broccoli,syn,Brassica oleracea italica,True,3501,0.61,0.8015170328780435
fine,broccoli,syn,Brassica oleracea italica,True,3501,0.62,0.8012735759963304
fine,broccoli,syn,Brassica oleracea italica,True,3501,0.63,0.8011976694000863
fine,broccoli,syn,Brassica oleracea italica,True,3501,0.64,0.801040908232883
fine,broccoli,syn,Brassica oleracea italica,True,3501,0.65,0.8009706120248046
fine,broccoli,syn,Brassica oleracea italica,True,3501,0.66,0.8007924101126624
fine,broccoli,syn,Brassica oleracea italica,True,3501,0.67,0.8008030396938748
fine,broccoli,syn,Brassica oleracea italica,True,3501,0.68,0.8005926724137931
fine,broccoli,syn,Brassica oleracea italica,True,3501,0.69,0.8006248989926197
fine,broccoli,syn,Brassica oleracea italica,True,3501,0.7,0.8006248148447389
fine,broccoli,syn,Brassica oleracea italica,True,3501,0.71,0.8005762447155128
fine,broccoli,syn,Brassica oleracea italica,True,3501,0.72,0.8003499798088571
fine,broccoli,syn,Brassica oleracea italica,True,3501,0.73,0.8003607289956121
fine,broccoli,syn,Brassica oleracea italica,True,3501,0.74,0.8001614856681469
fine,broccoli,syn,Brassica oleracea italica,True,3501,0.75,0.7999461859276201
fine,broccoli,syn,Brassica oleracea italica,True,3501,0.76,0.7999354283254413
fine,broccoli,syn,Brassica oleracea italica,True,3501,0.77,0.799827832028623
fine,broccoli,syn,Brassica oleracea italica,True,3501,0.78,0.7996718577691707
fine,broccoli,syn,Brassica oleracea italica,True,3501,0.79,0.7995482170709407
fine,broccoli,syn,Brassica oleracea italica,True,3501,0.8,0.7994245455523287
fine,broccoli,hyper,crucifer,False,3501,0.5,0.8237872921885675
fine,broccoli,hyper,crucifer,False,3501,0.51,0.8237479439623391
fine,broccoli,hyper,crucifer,False,3501,0.52,0.822854883353104
fine,broccoli,hyper,crucifer,False,3501,0.53,0.8210810506777659
fine,broccoli,hyper,crucifer,False,3501,0.54,0.8197286539216236
fine,broccoli,hyper,crucifer,False,3501,0.55,0.8181183306329962
fine,broccoli,hyper,crucifer,False,3501,0.56,0.8171821497174355
fine,broccoli,hyper,crucifer,False,3501,0.57,0.8161599333610995
fine,broccoli,hyper,crucifer,False,3501,0.58,0.8145554202192449
fine,broccoli,hyper,crucifer,False,3501,0.59,0.8128624288949026
fine,broccoli,hyper,crucifer,False,3501,0.6,0.811742340753802
fine,broccoli,hyper,crucifer,False,3501,0.61,0.8101022315048917
fine,broccoli,hyper,crucifer,False,3501,0.62,0.8092978606692266
fine,broccoli,hyper,crucifer,False,3501,0.63,0.8084284892795531
fine,broccoli,hyper,crucifer,False,3501,0.64,0.8077764409931095
fine,broccoli,hyper,crucifer,False,3501,0.65,0.8073036163006665
fine,broccoli,hyper,crucifer,False,3501,0.66,0.8063979491654849
fine,broccoli,hyper,crucifer,False,3501,0.67,0.8055343719359407
fine,broccoli,hyper,crucifer,False,3501,0.68,0.8049125479422246
fine,broccoli,hyper,crucifer,False,3501,0.69,0.8044624415697358
fine,broccoli,hyper,crucifer,False,3501,0.7,0.8041601042741541
fine,broccoli,hyper,crucifer,False,3501,0.71,0.8038417711216018
fine,broccoli,hyper,crucifer,False,3501,0.72,0.8033124610338565
fine,broccoli,hyper,crucifer,False,3501,0.73,0.8027249580150604
fine,broccoli,hyper,crucifer,False,3501,0.74,0.8025995125913891
fine,broccoli,hyper,crucifer,False,3501,0.75,0.8023982892564221
fine,broccoli,hyper,crucifer,False,3501,0.76,0.8023004059539919
fine,broccoli,hyper,crucifer,False,3501,0.77,0.8022620271659722
fine,broccoli,hyper,crucifer,False,3501,0.78,0.8021752069693199
fine,broccoli,hyper,crucifer,False,3501,0.79,0.8020827698133622
fine,broccoli,hyper,crucifer,False,3501,0.8,0.8021312273489479
fine,broccoli,hyper,crucifer,True,3501,0.5,0.8236631890155499
fine,broccoli,hyper,crucifer,True,3501,0.51,0.8239560315032013
fine,broccoli,hyper,crucifer,True,3501,0.52,0.8224309610448224
fine,broccoli,hyper,crucifer,True,3501,0.53,0.8209429085187683
fine,broccoli,hyper,crucifer,True,3501,0.54,0.8191870555959913
fine,broccoli,hyper,crucifer,True,3501,0.55,0.8180981081533568
fine,broccoli,hyper,crucifer,True,3501,0.56,0.8168798665183538
fine,broccoli,hyper,crucifer,True,3501,0.57,0.8157464155966611
fine,broccoli,hyper,crucifer,True,3501,0.58,0.8139033292777348
fine,broccoli,hyper,crucifer,True,3501,0.59,0.8128621089223639
fine,broccoli,hyper,crucifer,True,3501,0.6,0.8115487298048606
fine,broccoli,hyper,crucifer,True,3501,0.61,0.8099368652209717
fine,broccoli,hyper,crucifer,True,3501,0.62,0.8090697355802164
fine,broccoli,hyper,crucifer,True,3501,0.63,0.8082772580556923
fine,broccoli,hyper,crucifer,True,3501,0.64,0.8075010926573427
fine,broccoli,hyper,crucifer,True,3501,0.65,0.8068643767222329
fine,broccoli,hyper,crucifer,True,3501,0.66,0.8059445322290634
fine,broccoli,hyper,crucifer,True,3501,0.67,0.8053167174575533
fine,broccoli,hyper,crucifer,True,3501,0.68,0.8048223557234893
fine,broccoli,hyper,crucifer,True,3501,0.69,0.8043448744059742
fine,broccoli,hyper,crucifer,True,3501,0.7,0.803999240307133
fine,broccoli,hyper,crucifer,True,3501,0.71,0.8033555591695126
fine,broccoli,hyper,crucifer,True,3501,0.72,0.802805459272097
fine,broccoli,hyper,crucifer,True,3501,0.73,0.802500879638401
fine,broccoli,hyper,crucifer,True,3501,0.74,0.802245670995671
fine,broccoli,hyper,crucifer,True,3501,0.75,0.8020991127461589
fine,broccoli,hyper,crucifer,True,3501,0.76,0.8020715019741468
fine,broccoli,hyper,crucifer,True,3501,0.77,0.8020712219127707
fine,broccoli,hyper,crucifer,True,3501,0.78,0.8019788597226353
fine,broccoli,hyper,crucifer,True,3501,0.79,0.8018541542786096
fine,broccoli,hyper,crucifer,True,3501,0.8,0.8017131893966006
fine,broccoli,orig,broccoli,False,389381,0.5,0.44235305681148024
fine,broccoli,orig,broccoli,False,389381,0.51,0.4435845615418741
fine,broccoli,orig,broccoli,False,389381,0.52,0.4449774964142638
fine,broccoli,orig,broccoli,False,389381,0.53,0.4461698749751935
fine,broccoli,orig,broccoli,False,389381,0.54,0.4472479347068777
fine,broccoli,orig,broccoli,False,389381,0.55,0.4482655353132019
fine,broccoli,orig,broccoli,False,389381,0.56,0.44966678358470713
fine,broccoli,orig,broccoli,False,389381,0.57,0.4512753433616743
fine,broccoli,orig,broccoli,False,389381,0.58,0.4521936459909228
fine,broccoli,orig,broccoli,False,389381,0.59,0.45352369380315916
fine,broccoli,orig,broccoli,False,389381,0.6,0.45461468169357294
fine,broccoli,orig,broccoli,False,389381,0.61,0.45593030364785003
fine,broccoli,orig,broccoli,False,389381,0.62,0.457026060296372
fine,broccoli,orig,broccoli,False,389381,0.63,0.45812403895438236
fine,broccoli,orig,broccoli,False,389381,0.64,0.4593468758035485
fine,broccoli,orig,broccoli,False,389381,0.65,0.4602847121931091
fine,broccoli,orig,broccoli,False,389381,0.66,0.46157826649417855
fine,broccoli,orig,broccoli,False,389381,0.67,0.4629129441097029
fine,broccoli,orig,broccoli,False,389381,0.68,0.4640400250156348
fine,broccoli,orig,broccoli,False,389381,0.69,0.46571757563069194
fine,broccoli,orig,broccoli,False,389381,0.7,0.46718511901634174
fine,broccoli,orig,broccoli,False,389381,0.71,0.469121453853875
fine,broccoli,orig,broccoli,False,389381,0.72,0.4706600169779287
fine,broccoli,orig,broccoli,False,389381,0.73,0.4730941704035874
fine,broccoli,orig,broccoli,False,389381,0.74,0.47477999570723334
fine,broccoli,orig,broccoli,False,389381,0.75,0.4773095623987034
fine,broccoli,orig,broccoli,False,389381,0.76,0.48044875285916566
fine,broccoli,orig,broccoli,False,389381,0.77,0.48467169354394846
fine,broccoli,orig,broccoli,False,389381,0.78,0.4889321468298109
fine,broccoli,orig,broccoli,False,389381,0.79,0.49420306168392614
fine,broccoli,orig,broccoli,False,389381,0.8,0.4986054983209061
fine,broccoli,orig,broccoli,True,389381,0.5,0.44235305681148024
fine,broccoli,orig,broccoli,True,389381,0.51,0.4435845615418741
fine,broccoli,orig,broccoli,True,389381,0.52,0.4449774964142638
fine,broccoli,orig,broccoli,True,389381,0.53,0.4461698749751935
fine,broccoli,orig,broccoli,True,389381,0.54,0.4472479347068777
fine,broccoli,orig,broccoli,True,389381,0.55,0.4482655353132019
fine,broccoli,orig,broccoli,True,389381,0.56,0.44966678358470713
fine,broccoli,orig,broccoli,True,389381,0.57,0.4512753433616743
fine,broccoli,orig,broccoli,True,389381,0.58,0.4521936459909228
fine,broccoli,orig,broccoli,True,389381,0.59,0.45352369380315916
fine,broccoli,orig,broccoli,True,389381,0.6,0.45461468169357294
fine,broccoli,orig,broccoli,True,389381,0.61,0.45593030364785003
fine,broccoli,orig,broccoli,True,389381,0.62,0.457026060296372
fine,broccoli,orig,broccoli,True,389381,0.63,0.45812403895438236
fine,broccoli,orig,broccoli,True,389381,0.64,0.4593468758035485
fine,broccoli,orig,broccoli,True,389381,0.65,0.4602847121931091
fine,broccoli,orig,broccoli,True,389381,0.66,0.46157826649417855
fine,broccoli,orig,broccoli,True,389381,0.67,0.4629129441097029
fine,broccoli,orig,broccoli,True,389381,0.68,0.4640400250156348
fine,broccoli,orig,broccoli,True,389381,0.69,0.46571757563069194
fine,broccoli,orig,broccoli,True,389381,0.7,0.46718511901634174
fine,broccoli,orig,broccoli,True,389381,0.71,0.469121453853875
fine,broccoli,orig,broccoli,True,389381,0.72,0.4706600169779287
fine,broccoli,orig,broccoli,True,389381,0.73,0.4730941704035874
fine,broccoli,orig,broccoli,True,389381,0.74,0.47477999570723334
fine,broccoli,orig,broccoli,True,389381,0.75,0.4773095623987034
fine,broccoli,orig,broccoli,True,389381,0.76,0.48044875285916566
fine,broccoli,orig,broccoli,True,389381,0.77,0.48467169354394846
fine,broccoli,orig,broccoli,True,389381,0.78,0.4889321468298109
fine,broccoli,orig,broccoli,True,389381,0.79,0.49420306168392614
fine,broccoli,orig,broccoli,True,389381,0.8,0.4986054983209061
fine,broccoli,syn,Brassica oleracea italica,False,389381,0.5,0.44235305681148024
fine,broccoli,syn,Brassica oleracea italica,False,389381,0.51,0.4407459983356993
fine,broccoli,syn,Brassica oleracea italica,False,389381,0.52,0.43907788283458427
fine,broccoli,syn,Brassica oleracea italica,False,389381,0.53,0.43745449250036406
fine,broccoli,syn,Brassica oleracea italica,False,389381,0.54,0.4356756234293447
fine,broccoli,syn,Brassica oleracea italica,False,389381,0.55,0.4336393789357304
fine,broccoli,syn,Brassica oleracea italica,False,389381,0.56,0.43191387559808614
fine,broccoli,syn,Brassica oleracea italica,False,389381,0.57,0.4304026685727901
fine,broccoli,syn,Brassica oleracea italica,False,389381,0.58,0.4291753752612578
fine,broccoli,syn,Brassica oleracea italica,False,389381,0.59,0.4273690183468886
fine,broccoli,syn,Brassica oleracea italica,False,389381,0.6,0.4261344894208567
fine,broccoli,syn,Brassica oleracea italica,False,389381,0.61,0.424953007518797
fine,broccoli,syn,Brassica oleracea italica,False,389381,0.62,0.42399812514647295
fine,broccoli,syn,Brassica oleracea italica,False,389381,0.63,0.42328017584062105
fine,broccoli,syn,Brassica oleracea italica,False,389381,0.64,0.4223590892123927
fine,broccoli,syn,Brassica oleracea italica,False,389381,0.65,0.421770925520518
fine,broccoli,syn,Brassica oleracea italica,False,389381,0.66,0.4210868857793687
fine,broccoli,syn,Brassica oleracea italica,False,389381,0.67,0.42074981440237563
fine,broccoli,syn,Brassica oleracea italica,False,389381,0.68,0.42006298629121896
fine,broccoli,syn,Brassica oleracea italica,False,389381,0.69,0.41903002309468823
fine,broccoli,syn,Brassica oleracea italica,False,389381,0.7,0.4174449096011409
fine,broccoli,syn,Brassica oleracea italica,False,389381,0.71,0.4163379506467297
fine,broccoli,syn,Brassica oleracea italica,False,389381,0.72,0.4147934941520468
fine,broccoli,syn,Brassica oleracea italica,False,389381,0.73,0.4128340301763316
fine,broccoli,syn,Brassica oleracea italica,False,389381,0.74,0.41040462427745666
fine,broccoli,syn,Brassica oleracea italica,False,389381,0.75,0.4083254748753873
fine,broccoli,syn,Brassica oleracea italica,False,389381,0.76,0.4062137309168824
fine,broccoli,syn,Brassica oleracea italica,False,389381,0.77,0.4046232496110247
fine,broccoli,syn,Brassica oleracea italica,False,389381,0.78,0.40314367943325213
fine,broccoli,syn,Brassica oleracea italica,False,389381,0.79,0.4021273778523194
fine,broccoli,syn,Brassica oleracea italica,False,389381,0.8,0.4014006959432674
fine,broccoli,syn,Brassica oleracea italica,True,389381,0.5,0.44235305681148024
fine,broccoli,syn,Brassica oleracea italica,True,389381,0.51,0.4407459983356993
fine,broccoli,syn,Brassica oleracea italica,True,389381,0.52,0.43907788283458427
fine,broccoli,syn,Brassica oleracea italica,True,389381,0.53,0.43745449250036406
fine,broccoli,syn,Brassica oleracea italica,True,389381,0.54,0.4356756234293447
fine,broccoli,syn,Brassica oleracea italica,True,389381,0.55,0.4336393789357304
fine,broccoli,syn,Brassica oleracea italica,True,389381,0.56,0.43191387559808614
fine,broccoli,syn,Brassica oleracea italica,True,389381,0.57,0.4304026685727901
fine,broccoli,syn,Brassica oleracea italica,True,389381,0.58,0.4291753752612578
fine,broccoli,syn,Brassica oleracea italica,True,389381,0.59,0.4273690183468886
fine,broccoli,syn,Brassica oleracea italica,True,389381,0.6,0.4261344894208567
fine,broccoli,syn,Brassica oleracea italica,True,389381,0.61,0.424953007518797
fine,broccoli,syn,Brassica oleracea italica,True,389381,0.62,0.42399812514647295
fine,broccoli,syn,Brassica oleracea italica,True,389381,0.63,0.42328017584062105
fine,broccoli,syn,Brassica oleracea italica,True,389381,0.64,0.4223590892123927
fine,broccoli,syn,Brassica oleracea italica,True,389381,0.65,0.421770925520518
fine,broccoli,syn,Brassica oleracea italica,True,389381,0.66,0.4210868857793687
fine,broccoli,syn,Brassica oleracea italica,True,389381,0.67,0.42074981440237563
fine,broccoli,syn,Brassica oleracea italica,True,389381,0.68,0.42006298629121896
fine,broccoli,syn,Brassica oleracea italica,True,389381,0.69,0.41903002309468823
fine,broccoli,syn,Brassica oleracea italica,True,389381,0.7,0.4174449096011409
fine,broccoli,syn,Brassica oleracea italica,True,389381,0.71,0.4163379506467297
fine,broccoli,syn,Brassica oleracea italica,True,389381,0.72,0.4147934941520468
fine,broccoli,syn,Brassica oleracea italica,True,389381,0.73,0.4128340301763316
fine,broccoli,syn,Brassica oleracea italica,True,389381,0.74,0.41040462427745666
fine,broccoli,syn,Brassica oleracea italica,True,389381,0.75,0.4083254748753873
fine,broccoli,syn,Brassica oleracea italica,True,389381,0.76,0.4062137309168824
fine,broccoli,syn,Brassica oleracea italica,True,389381,0.77,0.4046232496110247
fine,broccoli,syn,Brassica oleracea italica,True,389381,0.78,0.40314367943325213
fine,broccoli,syn,Brassica oleracea italica,True,389381,0.79,0.4021273778523194
fine,broccoli,syn,Brassica oleracea italica,True,389381,0.8,0.4014006959432674
fine,broccoli,hyper,crucifer,False,389381,0.5,0.08616794276390109
fine,broccoli,hyper,crucifer,False,389381,0.51,0.22404779686333084
fine,broccoli,hyper,crucifer,False,389381,0.52,0.28829819737244117
fine,broccoli,hyper,crucifer,False,389381,0.53,0.34048932597745263
fine,broccoli,hyper,crucifer,False,389381,0.54,0.3752362948960302
fine,broccoli,hyper,crucifer,False,389381,0.55,0.39556722076407114
fine,broccoli,hyper,crucifer,False,389381,0.56,0.411510043869776
fine,broccoli,hyper,crucifer,False,389381,0.57,0.4256710254645561
fine,broccoli,hyper,crucifer,False,389381,0.58,0.43963112654408837
fine,broccoli,hyper,crucifer,False,389381,0.59,0.4513982859720343
fine,broccoli,hyper,crucifer,False,389381,0.6,0.4604881854658939
fine,broccoli,hyper,crucifer,False,389381,0.61,0.4675145909040855
fine,broccoli,hyper,crucifer,False,389381,0.62,0.4664104368537866
fine,broccoli,hyper,crucifer,False,389381,0.63,0.46227219439411704
fine,broccoli,hyper,crucifer,False,389381,0.64,0.4589491400620628
fine,broccoli,hyper,crucifer,False,389381,0.65,0.45394702741927123
fine,broccoli,hyper,crucifer,False,389381,0.66,0.4514752750077105
fine,broccoli,hyper,crucifer,False,389381,0.67,0.44894833571574433
fine,broccoli,hyper,crucifer,False,389381,0.68,0.4471775625095096
fine,broccoli,hyper,crucifer,False,389381,0.69,0.4452624678533609
fine,broccoli,hyper,crucifer,False,389381,0.7,0.4440315371867624
fine,broccoli,hyper,crucifer,False,389381,0.71,0.4424239396512964
fine,broccoli,hyper,crucifer,False,389381,0.72,0.4413830900303921
fine,broccoli,hyper,crucifer,False,389381,0.73,0.4404549066348828
fine,broccoli,hyper,crucifer,False,389381,0.74,0.4393924401345735
fine,broccoli,hyper,crucifer,False,389381,0.75,0.4376293230860183
fine,broccoli,hyper,crucifer,False,389381,0.76,0.4360496492174852
fine,broccoli,hyper,crucifer,False,389381,0.77,0.43523366772693906
fine,broccoli,hyper,crucifer,False,389381,0.78,0.43388590931253046
fine,broccoli,hyper,crucifer,False,389381,0.79,0.43315169796633257
fine,broccoli,hyper,crucifer,False,389381,0.8,0.4324350570526827
fine,broccoli,hyper,crucifer,True,389381,0.5,0.10592504536069573
fine,broccoli,hyper,crucifer,True,389381,0.51,0.2417017587317315
fine,broccoli,hyper,crucifer,True,389381,0.52,0.3015151515151515
fine,broccoli,hyper,crucifer,True,389381,0.53,0.35139651468130817
fine,broccoli,hyper,crucifer,True,389381,0.54,0.38021139166177337
fine,broccoli,hyper,crucifer,True,389381,0.55,0.400882335868114
fine,broccoli,hyper,crucifer,True,389381,0.56,0.4148433901427913
fine,broccoli,hyper,crucifer,True,389381,0.57,0.42919265320135036
fine,broccoli,hyper,crucifer,True,389381,0.58,0.44261457209381566
fine,broccoli,hyper,crucifer,True,389381,0.59,0.4531416699421641
fine,broccoli,hyper,crucifer,True,389381,0.6,0.4612267554815432
fine,broccoli,hyper,crucifer,True,389381,0.61,0.468641975308642
fine,broccoli,hyper,crucifer,True,389381,0.62,0.46596237805206703
fine,broccoli,hyper,crucifer,True,389381,0.63,0.4615670453338996
fine,broccoli,hyper,crucifer,True,389381,0.64,0.45705922325022214
fine,broccoli,hyper,crucifer,True,389381,0.65,0.4529733636175924
fine,broccoli,hyper,crucifer,True,389381,0.66,0.45053537578769404
fine,broccoli,hyper,crucifer,True,389381,0.67,0.447883315546069
fine,broccoli,hyper,crucifer,True,389381,0.68,0.4455430560460072
fine,broccoli,hyper,crucifer,True,389381,0.69,0.44398715117446297
fine,broccoli,hyper,crucifer,True,389381,0.7,0.44242969179279684
fine,broccoli,hyper,crucifer,True,389381,0.71,0.44104477611940296
fine,broccoli,hyper,crucifer,True,389381,0.72,0.4402500124014088
fine,broccoli,hyper,crucifer,True,389381,0.73,0.4385090101209578
fine,broccoli,hyper,crucifer,True,389381,0.74,0.43659135559921414
fine,broccoli,hyper,crucifer,True,389381,0.75,0.43468699604163613
fine,broccoli,hyper,crucifer,True,389381,0.76,0.4334047317690585
fine,broccoli,hyper,crucifer,True,389381,0.77,0.4320232896652111
fine,broccoli,hyper,crucifer,True,389381,0.78,0.43074022143789586
fine,broccoli,hyper,crucifer,True,389381,0.79,0.4299290848569637
fine,broccoli,hyper,crucifer,True,389381,0.8,0.429658893813837
fine,broccoli,orig,broccoli,False,19221,0.5,0.665250271145646
fine,broccoli,orig,broccoli,False,19221,0.51,0.6634988363072148
fine,broccoli,orig,broccoli,False,19221,0.52,0.6606536025988413
fine,broccoli,orig,broccoli,False,19221,0.53,0.6562729658792651
fine,broccoli,orig,broccoli,False,19221,0.54,0.6545465490774464
fine,broccoli,orig,broccoli,False,19221,0.55,0.6557014554651884
fine,broccoli,orig,broccoli,False,19221,0.56,0.6575520435300951
fine,broccoli,orig,broccoli,False,19221,0.57,0.6601513046163348
fine,broccoli,orig,broccoli,False,19221,0.58,0.6619900342572408
fine,broccoli,orig,broccoli,False,19221,0.59,0.6607338359035315
fine,broccoli,orig,broccoli,False,19221,0.6,0.6582256621190951
fine,broccoli,orig,broccoli,False,19221,0.61,0.6556773096542603
fine,broccoli,orig,broccoli,False,19221,0.62,0.6520011980389994
fine,broccoli,orig,broccoli,False,19221,0.63,0.6481975230732823
fine,broccoli,orig,broccoli,False,19221,0.64,0.6439751709759449
fine,broccoli,orig,broccoli,False,19221,0.65,0.6396516020929166
fine,broccoli,orig,broccoli,False,19221,0.66,0.6356300925559687
fine,broccoli,orig,broccoli,False,19221,0.67,0.6316422826018114
fine,broccoli,orig,broccoli,False,19221,0.68,0.6273729914746616
fine,broccoli,orig,broccoli,False,19221,0.69,0.622894661718527
fine,broccoli,orig,broccoli,False,19221,0.7,0.6182510712585304
fine,broccoli,orig,broccoli,False,19221,0.71,0.613389041574658
fine,broccoli,orig,broccoli,False,19221,0.72,0.6082954437060825
fine,broccoli,orig,broccoli,False,19221,0.73,0.6029526400356353
fine,broccoli,orig,broccoli,False,19221,0.74,0.5954916662686852
fine,broccoli,orig,broccoli,False,19221,0.75,0.5864458071195349
fine,broccoli,orig,broccoli,False,19221,0.76,0.5788492189990436
fine,broccoli,orig,broccoli,False,19221,0.77,0.5720869412683984
fine,broccoli,orig,broccoli,False,19221,0.78,0.5658917202533867
fine,broccoli,orig,broccoli,False,19221,0.79,0.5598416145101546
fine,broccoli,orig,broccoli,False,19221,0.8,0.5532502795080658
fine,broccoli,orig,broccoli,True,19221,0.5,0.665250271145646
fine,broccoli,orig,broccoli,True,19221,0.51,0.6634988363072148
fine,broccoli,orig,broccoli,True,19221,0.52,0.6606536025988413
fine,broccoli,orig,broccoli,True,19221,0.53,0.6562729658792651
fine,broccoli,orig,broccoli,True,19221,0.54,0.6545465490774464
fine,broccoli,orig,broccoli,True,19221,0.55,0.6557014554651884
fine,broccoli,orig,broccoli,True,19221,0.56,0.6575520435300951
fine,broccoli,orig,broccoli,True,19221,0.57,0.6601513046163348
fine,broccoli,orig,broccoli,True,19221,0.58,0.6619900342572408
fine,broccoli,orig,broccoli,True,19221,0.59,0.6607338359035315
fine,broccoli,orig,broccoli,True,19221,0.6,0.6582256621190951
fine,broccoli,orig,broccoli,True,19221,0.61,0.6556773096542603
fine,broccoli,orig,broccoli,True,19221,0.62,0.6520011980389994
fine,broccoli,orig,broccoli,True,19221,0.63,0.6481975230732823
fine,broccoli,orig,broccoli,True,19221,0.64,0.6439751709759449
fine,broccoli,orig,broccoli,True,19221,0.65,0.6396516020929166
fine,broccoli,orig,broccoli,True,19221,0.66,0.6356300925559687
fine,broccoli,orig,broccoli,True,19221,0.67,0.6316422826018114
fine,broccoli,orig,broccoli,True,19221,0.68,0.6273729914746616
fine,broccoli,orig,broccoli,True,19221,0.69,0.622894661718527
fine,broccoli,orig,broccoli,True,19221,0.7,0.6182510712585304
fine,broccoli,orig,broccoli,True,19221,0.71,0.613389041574658
fine,broccoli,orig,broccoli,True,19221,0.72,0.6082954437060825
fine,broccoli,orig,broccoli,True,19221,0.73,0.6029526400356353
fine,broccoli,orig,broccoli,True,19221,0.74,0.5954916662686852
fine,broccoli,orig,broccoli,True,19221,0.75,0.5864458071195349
fine,broccoli,orig,broccoli,True,19221,0.76,0.5788492189990436
fine,broccoli,orig,broccoli,True,19221,0.77,0.5720869412683984
fine,broccoli,orig,broccoli,True,19221,0.78,0.5658917202533867
fine,broccoli,orig,broccoli,True,19221,0.79,0.5598416145101546
fine,broccoli,orig,broccoli,True,19221,0.8,0.5532502795080658
fine,broccoli,syn,Brassica oleracea italica,False,19221,0.5,0.665250271145646
fine,broccoli,syn,Brassica oleracea italica,False,19221,0.51,0.6675353134531671
fine,broccoli,syn,Brassica oleracea italica,False,19221,0.52,0.6711987009152642
fine,broccoli,syn,Brassica oleracea italica,False,19221,0.53,0.673734861750813
fine,broccoli,syn,Brassica oleracea italica,False,19221,0.54,0.6761214397863505
fine,broccoli,syn,Brassica oleracea italica,False,19221,0.55,0.6781740454438979
fine,broccoli,syn,Brassica oleracea italica,False,19221,0.56,0.6798831690397955
fine,broccoli,syn,Brassica oleracea italica,False,19221,0.57,0.6815080475857243
fine,broccoli,syn,Brassica oleracea italica,False,19221,0.58,0.6830847580938523
fine,broccoli,syn,Brassica oleracea italica,False,19221,0.59,0.6845309004271145
fine,broccoli,syn,Brassica oleracea italica,False,19221,0.6,0.6866775957869692
fine,broccoli,syn,Brassica oleracea italica,False,19221,0.61,0.6889864140668
fine,broccoli,syn,Brassica oleracea italica,False,19221,0.62,0.6921508517222431
fine,broccoli,syn,Brassica oleracea italica,False,19221,0.63,0.6960114412839663
fine,broccoli,syn,Brassica oleracea italica,False,19221,0.64,0.7001140086300204
fine,broccoli,syn,Brassica oleracea italica,False,19221,0.65,0.7033568650050425
fine,broccoli,syn,Brassica oleracea italica,False,19221,0.66,0.7064065891417154
fine,broccoli,syn,Brassica oleracea italica,False,19221,0.67,0.7109357060849598
fine,broccoli,syn,Brassica oleracea italica,False,19221,0.68,0.7148817204301076
fine,broccoli,syn,Brassica oleracea italica,False,19221,0.69,0.717180250873475
fine,broccoli,syn,Brassica oleracea italica,False,19221,0.7,0.7193619912738717
fine,broccoli,syn,Brassica oleracea italica,False,19221,0.71,0.7212353336286853
fine,broccoli,syn,Brassica oleracea italica,False,19221,0.72,0.7228941468778113
fine,broccoli,syn,Brassica oleracea italica,False,19221,0.73,0.7250859596809861
fine,broccoli,syn,Brassica oleracea italica,False,19221,0.74,0.7276860151918939
fine,broccoli,syn,Brassica oleracea italica,False,19221,0.75,0.7303370786516854
fine,broccoli,syn,Brassica oleracea italica,False,19221,0.76,0.7339574855581799
fine,broccoli,syn,Brassica oleracea italica,False,19221,0.77,0.7399232518476407
fine,broccoli,syn,Brassica oleracea italica,False,19221,0.78,0.7433615759072395
fine,broccoli,syn,Brassica oleracea italica,False,19221,0.79,0.7450766329698998
fine,broccoli,syn,Brassica oleracea italica,False,19221,0.8,0.7468621617792889
fine,broccoli,syn,Brassica oleracea italica,True,19221,0.5,0.665250271145646
fine,broccoli,syn,Brassica oleracea italica,True,19221,0.51,0.6675353134531671
fine,broccoli,syn,Brassica oleracea italica,True,19221,0.52,0.6711987009152642
fine,broccoli,syn,Brassica oleracea italica,True,19221,0.53,0.673734861750813
fine,broccoli,syn,Brassica oleracea italica,True,19221,0.54,0.6761214397863505
fine,broccoli,syn,Brassica oleracea italica,True,19221,0.55,0.6781740454438979
fine,broccoli,syn,Brassica oleracea italica,True,19221,0.56,0.6798831690397955
fine,broccoli,syn,Brassica oleracea italica,True,19221,0.57,0.6815080475857243
fine,broccoli,syn,Brassica oleracea italica,True,19221,0.58,0.6830847580938523
fine,broccoli,syn,Brassica oleracea italica,True,19221,0.59,0.6845309004271145
fine,broccoli,syn,Brassica oleracea italica,True,19221,0.6,0.6866775957869692
fine,broccoli,syn,Brassica oleracea italica,True,19221,0.61,0.6889864140668
fine,broccoli,syn,Brassica oleracea italica,True,19221,0.62,0.6921508517222431
fine,broccoli,syn,Brassica oleracea italica,True,19221,0.63,0.6960114412839663
fine,broccoli,syn,Brassica oleracea italica,True,19221,0.64,0.7001140086300204
fine,broccoli,syn,Brassica oleracea italica,True,19221,0.65,0.7033568650050425
fine,broccoli,syn,Brassica oleracea italica,True,19221,0.66,0.7064065891417154
fine,broccoli,syn,Brassica oleracea italica,True,19221,0.67,0.7109357060849598
fine,broccoli,syn,Brassica oleracea italica,True,19221,0.68,0.7148817204301076
fine,broccoli,syn,Brassica oleracea italica,True,19221,0.69,0.717180250873475
fine,broccoli,syn,Brassica oleracea italica,True,19221,0.7,0.7193619912738717
fine,broccoli,syn,Brassica oleracea italica,True,19221,0.71,0.7212353336286853
fine,broccoli,syn,Brassica oleracea italica,True,19221,0.72,0.7228941468778113
fine,broccoli,syn,Brassica oleracea italica,True,19221,0.73,0.7250859596809861
fine,broccoli,syn,Brassica oleracea italica,True,19221,0.74,0.7276860151918939
fine,broccoli,syn,Brassica oleracea italica,True,19221,0.75,0.7303370786516854
fine,broccoli,syn,Brassica oleracea italica,True,19221,0.76,0.7339574855581799
fine,broccoli,syn,Brassica oleracea italica,True,19221,0.77,0.7399232518476407
fine,broccoli,syn,Brassica oleracea italica,True,19221,0.78,0.7433615759072395
fine,broccoli,syn,Brassica oleracea italica,True,19221,0.79,0.7450766329698998
fine,broccoli,syn,Brassica oleracea italica,True,19221,0.8,0.7468621617792889
fine,broccoli,hyper,crucifer,False,19221,0.5,0.7061997592595155
fine,broccoli,hyper,crucifer,False,19221,0.51,0.7118543384861923
fine,broccoli,hyper,crucifer,False,19221,0.52,0.7189677775477817
fine,broccoli,hyper,crucifer,False,19221,0.53,0.7322194190551029
fine,broccoli,hyper,crucifer,False,19221,0.54,0.7394250767895759
fine,broccoli,hyper,crucifer,False,19221,0.55,0.7439046216115753
fine,broccoli,hyper,crucifer,False,19221,0.56,0.7478017970910792
fine,broccoli,hyper,crucifer,False,19221,0.57,0.7508767586747535
fine,broccoli,hyper,crucifer,False,19221,0.58,0.7538560941409365
fine,broccoli,hyper,crucifer,False,19221,0.59,0.7560727632446692
fine,broccoli,hyper,crucifer,False,19221,0.6,0.7580069219359447
fine,broccoli,hyper,crucifer,False,19221,0.61,0.7597155682457754
fine,broccoli,hyper,crucifer,False,19221,0.62,0.7609644307827423
fine,broccoli,hyper,crucifer,False,19221,0.63,0.7619308906843715
fine,broccoli,hyper,crucifer,False,19221,0.64,0.7629835845252952
fine,broccoli,hyper,crucifer,False,19221,0.65,0.7640195245016042
fine,broccoli,hyper,crucifer,False,19221,0.66,0.7650929429182431
fine,broccoli,hyper,crucifer,False,19221,0.67,0.7664094516248406
fine,broccoli,hyper,crucifer,False,19221,0.68,0.7678285064214148
fine,broccoli,hyper,crucifer,False,19221,0.69,0.7690525796370415
fine,broccoli,hyper,crucifer,False,19221,0.7,0.7697105959447788
fine,broccoli,hyper,crucifer,False,19221,0.71,0.770250812500857
fine,broccoli,hyper,crucifer,False,19221,0.72,0.7704852824184566
fine,broccoli,hyper,crucifer,False,19221,0.73,0.7710372088554606
fine,broccoli,hyper,crucifer,False,19221,0.74,0.7714658606951504
fine,broccoli,hyper,crucifer,False,19221,0.75,0.7718733668894573
fine,broccoli,hyper,crucifer,False,19221,0.76,0.7727811303077898
fine,broccoli,hyper,crucifer,False,19221,0.77,0.7736414206247325
fine,broccoli,hyper,crucifer,False,19221,0.78,0.7738656635919846
fine,broccoli,hyper,crucifer,False,19221,0.79,0.7743804402062427
fine,broccoli,hyper,crucifer,False,19221,0.8,0.7771818625060946
fine,broccoli,hyper,crucifer,True,19221,0.5,0.7085245810982691
fine,broccoli,hyper,crucifer,True,19221,0.51,0.7141200347926935
fine,broccoli,hyper,crucifer,True,19221,0.52,0.7228819286413726
fine,broccoli,hyper,crucifer,True,19221,0.53,0.7362756986165463
fine,broccoli,hyper,crucifer,True,19221,0.54,0.741707629394027
fine,broccoli,hyper,crucifer,True,19221,0.55,0.7459057003660785
fine,broccoli,hyper,crucifer,True,19221,0.56,0.7495185694635488
fine,broccoli,hyper,crucifer,True,19221,0.57,0.7527668174381676
fine,broccoli,hyper,crucifer,True,19221,0.58,0.7553002926668407
fine,broccoli,hyper,crucifer,True,19221,0.59,0.7573098210484391
fine,broccoli,hyper,crucifer,True,19221,0.6,0.7592043489004201
fine,broccoli,hyper,crucifer,True,19221,0.61,0.7608716534244507
fine,broccoli,hyper,crucifer,True,19221,0.62,0.7620144832126399
fine,broccoli,hyper,crucifer,True,19221,0.63,0.7632112985054161
fine,broccoli,hyper,crucifer,True,19221,0.64,0.7644099625786466
fine,broccoli,hyper,crucifer,True,19221,0.65,0.7652725628305972
fine,broccoli,hyper,crucifer,True,19221,0.66,0.7667570974460156
fine,broccoli,hyper,crucifer,True,19221,0.67,0.7682654501116546
fine,broccoli,hyper,crucifer,True,19221,0.68,0.7697608153648046
fine,broccoli,hyper,crucifer,True,19221,0.69,0.770986301369863
fine,broccoli,hyper,crucifer,True,19221,0.7,0.7714657534246575
fine,broccoli,hyper,crucifer,True,19221,0.71,0.7717981037978846
fine,broccoli,hyper,crucifer,True,19221,0.72,0.7721435717516137
fine,broccoli,hyper,crucifer,True,19221,0.73,0.7722275531185744
fine,broccoli,hyper,crucifer,True,19221,0.74,0.7725683254940142
fine,broccoli,hyper,crucifer,True,19221,0.75,0.7730579192972825
fine,broccoli,hyper,crucifer,True,19221,0.76,0.7733780330301449
fine,broccoli,hyper,crucifer,True,19221,0.77,0.7738584930319581
fine,broccoli,hyper,crucifer,True,19221,0.78,0.7748865814476206
fine,broccoli,hyper,crucifer,True,19221,0.79,0.7751699176659115
fine,broccoli,hyper,crucifer,True,19221,0.8,0.7757136133337025
fine,broccoli,orig,broccoli,False,447522,0.5,0.42064107392065214
fine,broccoli,orig,broccoli,False,447522,0.51,0.42292266207427887
fine,broccoli,orig,broccoli,False,447522,0.52,0.4254236896256734
fine,broccoli,orig,broccoli,False,447522,0.53,0.4292604501607717
fine,broccoli,orig,broccoli,False,447522,0.54,0.4346029508276415
fine,broccoli,orig,broccoli,False,447522,0.55,0.4362810778621408
fine,broccoli,orig,broccoli,False,447522,0.56,0.43636822194199243
fine,broccoli,orig,broccoli,False,447522,0.57,0.433711639269174
fine,broccoli,orig,broccoli,False,447522,0.58,0.42880599312432655
fine,broccoli,orig,broccoli,False,447522,0.59,0.4209247628647489
fine,broccoli,orig,broccoli,False,447522,0.6,0.41350858927641854
fine,broccoli,orig,broccoli,False,447522,0.61,0.40528288042766175
fine,broccoli,orig,broccoli,False,447522,0.62,0.3979484204419598
fine,broccoli,orig,broccoli,False,447522,0.63,0.38752819424174073
fine,broccoli,orig,broccoli,False,447522,0.64,0.37651994975814423
fine,broccoli,orig,broccoli,False,447522,0.65,0.36651498424836426
fine,broccoli,orig,broccoli,False,447522,0.66,0.3555127927146574
fine,broccoli,orig,broccoli,False,447522,0.67,0.3363750272390499
fine,broccoli,orig,broccoli,False,447522,0.68,0.3200109499041883
fine,broccoli,orig,broccoli,False,447522,0.69,0.30870581763168753
fine,broccoli,orig,broccoli,False,447522,0.7,0.296021689813534
fine,broccoli,orig,broccoli,False,447522,0.71,0.28224954108026923
fine,broccoli,orig,broccoli,False,447522,0.72,0.2655931683085424
fine,broccoli,orig,broccoli,False,447522,0.73,0.24557769816390507
fine,broccoli,orig,broccoli,False,447522,0.74,0.22922056011697223
fine,broccoli,orig,broccoli,False,447522,0.75,0.21613840986706556
fine,broccoli,orig,broccoli,False,447522,0.76,0.20394513093753544
fine,broccoli,orig,broccoli,False,447522,0.77,0.18862505332006257
fine,broccoli,orig,broccoli,False,447522,0.78,0.15678716235509108
fine,broccoli,orig,broccoli,False,447522,0.79,0.11600562103874501
fine,broccoli,orig,broccoli,False,447522,0.8,0.07588925981351445
fine,broccoli,orig,broccoli,True,447522,0.5,0.42064107392065214
fine,broccoli,orig,broccoli,True,447522,0.51,0.42292266207427887
fine,broccoli,orig,broccoli,True,447522,0.52,0.4254236896256734
fine,broccoli,orig,broccoli,True,447522,0.53,0.4292604501607717
fine,broccoli,orig,broccoli,True,447522,0.54,0.4346029508276415
fine,broccoli,orig,broccoli,True,447522,0.55,0.4362810778621408
fine,broccoli,orig,broccoli,True,447522,0.56,0.43636822194199243
fine,broccoli,orig,broccoli,True,447522,0.57,0.433711639269174
fine,broccoli,orig,broccoli,True,447522,0.58,0.42880599312432655
fine,broccoli,orig,broccoli,True,447522,0.59,0.4209247628647489
fine,broccoli,orig,broccoli,True,447522,0.6,0.41350858927641854
fine,broccoli,orig,broccoli,True,447522,0.61,0.40528288042766175
fine,broccoli,orig,broccoli,True,447522,0.62,0.3979484204419598
fine,broccoli,orig,broccoli,True,447522,0.63,0.38752819424174073
fine,broccoli,orig,broccoli,True,447522,0.64,0.37651994975814423
fine,broccoli,orig,broccoli,True,447522,0.65,0.36651498424836426
fine,broccoli,orig,broccoli,True,447522,0.66,0.3555127927146574
fine,broccoli,orig,broccoli,True,447522,0.67,0.3363750272390499
fine,broccoli,orig,broccoli,True,447522,0.68,0.3200109499041883
fine,broccoli,orig,broccoli,True,447522,0.69,0.30870581763168753
fine,broccoli,orig,broccoli,True,447522,0.7,0.296021689813534
fine,broccoli,orig,broccoli,True,447522,0.71,0.28224954108026923
fine,broccoli,orig,broccoli,True,447522,0.72,0.2655931683085424
fine,broccoli,orig,broccoli,True,447522,0.73,0.24557769816390507
fine,broccoli,orig,broccoli,True,447522,0.74,0.22922056011697223
fine,broccoli,orig,broccoli,True,447522,0.75,0.21613840986706556
fine,broccoli,orig,broccoli,True,447522,0.76,0.20394513093753544
fine,broccoli,orig,broccoli,True,447522,0.77,0.18862505332006257
fine,broccoli,orig,broccoli,True,447522,0.78,0.15678716235509108
fine,broccoli,orig,broccoli,True,447522,0.79,0.11600562103874501
fine,broccoli,orig,broccoli,True,447522,0.8,0.07588925981351445
fine,broccoli,syn,Brassica oleracea italica,False,447522,0.5,0.42064107392065214
fine,broccoli,syn,Brassica oleracea italica,False,447522,0.51,0.42146784604350945
fine,broccoli,syn,Brassica oleracea italica,False,447522,0.52,0.4301716738197425
fine,broccoli,syn,Brassica oleracea italica,False,447522,0.53,0.439585192740873
fine,broccoli,syn,Brassica oleracea italica,False,447522,0.54,0.44883598440956496
fine,broccoli,syn,Brassica oleracea italica,False,447522,0.55,0.45676562140932164
fine,broccoli,syn,Brassica oleracea italica,False,447522,0.56,0.462019419887787
fine,broccoli,syn,Brassica oleracea italica,False,447522,0.57,0.46403674239317644
fine,broccoli,syn,Brassica oleracea italica,False,447522,0.58,0.46674939479626504
fine,broccoli,syn,Brassica oleracea italica,False,447522,0.59,0.46866677427164877
fine,broccoli,syn,Brassica oleracea italica,False,447522,0.6,0.47083450182284364
fine,broccoli,syn,Brassica oleracea italica,False,447522,0.61,0.4722835491377767
fine,broccoli,syn,Brassica oleracea italica,False,447522,0.62,0.4749535076959601
fine,broccoli,syn,Brassica oleracea italica,False,447522,0.63,0.4768291482028557
fine,broccoli,syn,Brassica oleracea italica,False,447522,0.64,0.4790943840047045
fine,broccoli,syn,Brassica oleracea italica,False,447522,0.65,0.47994221797099185
fine,broccoli,syn,Brassica oleracea italica,False,447522,0.66,0.4815945551774429
fine,broccoli,syn,Brassica oleracea italica,False,447522,0.67,0.4825108459869848
fine,broccoli,syn,Brassica oleracea italica,False,447522,0.68,0.4833371904651701
fine,broccoli,syn,Brassica oleracea italica,False,447522,0.69,0.4844533215540917
fine,broccoli,syn,Brassica oleracea italica,False,447522,0.7,0.48499569666252274
fine,broccoli,syn,Brassica oleracea italica,False,447522,0.71,0.485660966599383
fine,broccoli,syn,Brassica oleracea italica,False,447522,0.72,0.48653930068868695
fine,broccoli,syn,Brassica oleracea italica,False,447522,0.73,0.48740449353203724
fine,broccoli,syn,Brassica oleracea italica,False,447522,0.74,0.4882220922995681
fine,broccoli,syn,Brassica oleracea italica,False,447522,0.75,0.4889616622438033
fine,broccoli,syn,Brassica oleracea italica,False,447522,0.76,0.48937728937728936
fine,broccoli,syn,Brassica oleracea italica,False,447522,0.77,0.4901942385286666
fine,broccoli,syn,Brassica oleracea italica,False,447522,0.78,0.49065236550469726
fine,broccoli,syn,Brassica oleracea italica,False,447522,0.79,0.4911846813932138
fine,broccoli,syn,Brassica oleracea italica,False,447522,0.8,0.49107777486813065
fine,broccoli,syn,Brassica oleracea italica,True,447522,0.5,0.42064107392065214
fine,broccoli,syn,Brassica oleracea italica,True,447522,0.51,0.42146784604350945
fine,broccoli,syn,Brassica oleracea italica,True,447522,0.52,0.4301716738197425
fine,broccoli,syn,Brassica oleracea italica,True,447522,0.53,0.439585192740873
fine,broccoli,syn,Brassica oleracea italica,True,447522,0.54,0.44883598440956496
fine,broccoli,syn,Brassica oleracea italica,True,447522,0.55,0.45676562140932164
fine,broccoli,syn,Brassica oleracea italica,True,447522,0.56,0.462019419887787
fine,broccoli,syn,Brassica oleracea italica,True,447522,0.57,0.46403674239317644
fine,broccoli,syn,Brassica oleracea italica,True,447522,0.58,0.46674939479626504
fine,broccoli,syn,Brassica oleracea italica,True,447522,0.59,0.46866677427164877
fine,broccoli,syn,Brassica oleracea italica,True,447522,0.6,0.47083450182284364
fine,broccoli,syn,Brassica oleracea italica,True,447522,0.61,0.4722835491377767
fine,broccoli,syn,Brassica oleracea italica,True,447522,0.62,0.4749535076959601
fine,broccoli,syn,Brassica oleracea italica,True,447522,0.63,0.4768291482028557
fine,broccoli,syn,Brassica oleracea italica,True,447522,0.64,0.4790943840047045
fine,broccoli,syn,Brassica oleracea italica,True,447522,0.65,0.47994221797099185
fine,broccoli,syn,Brassica oleracea italica,True,447522,0.66,0.4815945551774429
fine,broccoli,syn,Brassica oleracea italica,True,447522,0.67,0.4825108459869848
fine,broccoli,syn,Brassica oleracea italica,True,447522,0.68,0.4833371904651701
fine,broccoli,syn,Brassica oleracea italica,True,447522,0.69,0.4844533215540917
fine,broccoli,syn,Brassica oleracea italica,True,447522,0.7,0.48499569666252274
fine,broccoli,syn,Brassica oleracea italica,True,447522,0.71,0.485660966599383
fine,broccoli,syn,Brassica oleracea italica,True,447522,0.72,0.48653930068868695
fine,broccoli,syn,Brassica oleracea italica,True,447522,0.73,0.48740449353203724
fine,broccoli,syn,Brassica oleracea italica,True,447522,0.74,0.4882220922995681
fine,broccoli,syn,Brassica oleracea italica,True,447522,0.75,0.4889616622438033
fine,broccoli,syn,Brassica oleracea italica,True,447522,0.76,0.48937728937728936
fine,broccoli,syn,Brassica oleracea italica,True,447522,0.77,0.4901942385286666
fine,broccoli,syn,Brassica oleracea italica,True,447522,0.78,0.49065236550469726
fine,broccoli,syn,Brassica oleracea italica,True,447522,0.79,0.4911846813932138
fine,broccoli,syn,Brassica oleracea italica,True,447522,0.8,0.49107777486813065
fine,broccoli,hyper,crucifer,False,447522,0.5,0.24070720874615648
fine,broccoli,hyper,crucifer,False,447522,0.51,0.24261058465327906
fine,broccoli,hyper,crucifer,False,447522,0.52,0.2440444589063383
fine,broccoli,hyper,crucifer,False,447522,0.53,0.24540630581123782
fine,broccoli,hyper,crucifer,False,447522,0.54,0.2466571320260537
fine,broccoli,hyper,crucifer,False,447522,0.55,0.24775721713252533
fine,broccoli,hyper,crucifer,False,447522,0.56,0.24825867190078338
fine,broccoli,hyper,crucifer,False,447522,0.57,0.2489287615523576
fine,broccoli,hyper,crucifer,False,447522,0.58,0.24916896899530763
fine,broccoli,hyper,crucifer,False,447522,0.59,0.24970213667293284
fine,broccoli,hyper,crucifer,False,447522,0.6,0.25008672756869266
fine,broccoli,hyper,crucifer,False,447522,0.61,0.25175461515591074
fine,broccoli,hyper,crucifer,False,447522,0.62,0.25358480226504704
fine,broccoli,hyper,crucifer,False,447522,0.63,0.25512414597567074
fine,broccoli,hyper,crucifer,False,447522,0.64,0.2568734240103488
fine,broccoli,hyper,crucifer,False,447522,0.65,0.2613725678136682
fine,broccoli,hyper,crucifer,False,447522,0.66,0.2656283692392135
fine,broccoli,hyper,crucifer,False,447522,0.67,0.26881859908201955
fine,broccoli,hyper,crucifer,False,447522,0.68,0.27215106298692726
fine,broccoli,hyper,crucifer,False,447522,0.69,0.2768676175734217
fine,broccoli,hyper,crucifer,False,447522,0.7,0.28216942082805735
fine,broccoli,hyper,crucifer,False,447522,0.71,0.2891362949001731
fine,broccoli,hyper,crucifer,False,447522,0.72,0.29383668389599615
fine,broccoli,hyper,crucifer,False,447522,0.73,0.3018730151371149
fine,broccoli,hyper,crucifer,False,447522,0.74,0.3078506006899013
fine,broccoli,hyper,crucifer,False,447522,0.75,0.3140483698786458
fine,broccoli,hyper,crucifer,False,447522,0.76,0.3239762641634908
fine,broccoli,hyper,crucifer,False,447522,0.77,0.3290046126428347
fine,broccoli,hyper,crucifer,False,447522,0.78,0.33581908409299316
fine,broccoli,hyper,crucifer,False,447522,0.79,0.3436618151994106
fine,broccoli,hyper,crucifer,False,447522,0.8,0.3571438986337722
fine,broccoli,hyper,crucifer,True,447522,0.5,0.24130224998730254
fine,broccoli,hyper,crucifer,True,447522,0.51,0.2428130982026393
fine,broccoli,hyper,crucifer,True,447522,0.52,0.24421366999253377
fine,broccoli,hyper,crucifer,True,447522,0.53,0.24542841104325785
fine,broccoli,hyper,crucifer,True,447522,0.54,0.2466485190336812
fine,broccoli,hyper,crucifer,True,447522,0.55,0.2478563658012181
fine,broccoli,hyper,crucifer,True,447522,0.56,0.24899121561744486
fine,broccoli,hyper,crucifer,True,447522,0.57,0.2498983731047665
fine,broccoli,hyper,crucifer,True,447522,0.58,0.2503129999304445
fine,broccoli,hyper,crucifer,True,447522,0.59,0.25078893308273964
fine,broccoli,hyper,crucifer,True,447522,0.6,0.25128931758576384
fine,broccoli,hyper,crucifer,True,447522,0.61,0.25214785037087106
fine,broccoli,hyper,crucifer,True,447522,0.62,0.2530774345427426
fine,broccoli,hyper,crucifer,True,447522,0.63,0.2549094688474372
fine,broccoli,hyper,crucifer,True,447522,0.64,0.25681250578114884
fine,broccoli,hyper,crucifer,True,447522,0.65,0.2595336592704024
fine,broccoli,hyper,crucifer,True,447522,0.66,0.2650697755216275
fine,broccoli,hyper,crucifer,True,447522,0.67,0.2686802260331962
fine,broccoli,hyper,crucifer,True,447522,0.68,0.27140998699089364
fine,broccoli,hyper,crucifer,True,447522,0.69,0.27514998163490184
fine,broccoli,hyper,crucifer,True,447522,0.7,0.28116021056605356
fine,broccoli,hyper,crucifer,True,447522,0.71,0.2857127546700676
fine,broccoli,hyper,crucifer,True,447522,0.72,0.2929299623358406
fine,broccoli,hyper,crucifer,True,447522,0.73,0.2973939127394928
fine,broccoli,hyper,crucifer,True,447522,0.74,0.3060060200200667
fine,broccoli,hyper,crucifer,True,447522,0.75,0.31323739452932775
fine,broccoli,hyper,crucifer,True,447522,0.76,0.3222804245312364
fine,broccoli,hyper,crucifer,True,447522,0.77,0.32912674900286
fine,broccoli,hyper,crucifer,True,447522,0.78,0.33457953767574117
fine,broccoli,hyper,crucifer,True,447522,0.79,0.3426158038147139
fine,broccoli,hyper,crucifer,True,447522,0.8,0.3519170634138096
fine,dog,orig,dog,False,76417,0.5,0.8690467790869965
fine,dog,orig,dog,False,76417,0.51,0.8689854663468323
fine,dog,orig,dog,False,76417,0.52,0.8688536155202822
fine,dog,orig,dog,False,76417,0.53,0.8688536155202822
fine,dog,orig,dog,False,76417,0.54,0.8688536155202822
fine,dog,orig,dog,False,76417,0.55,0.8689149146324255
fine,dog,orig,dog,False,76417,0.56,0.8687923250564334
fine,dog,orig,dog,False,76417,0.57,0.8689241622574956
fine,dog,orig,dog,False,76417,0.58,0.8689854663468323
fine,dog,orig,dog,False,76417,0.59,0.8687923250564334
fine,dog,orig,dog,False,76417,0.6,0.868721783295711
fine,dog,orig,dog,False,76417,0.61,0.868510158013544
fine,dog,orig,dog,False,76417,0.62,0.8683078225294492
fine,dog,orig,dog,False,76417,0.63,0.8682279909706546
fine,dog,orig,dog,False,76417,0.64,0.8682892416225749
fine,dog,orig,dog,False,76417,0.65,0.8682892416225749
fine,dog,orig,dog,False,76417,0.66,0.8683505009171723
fine,dog,orig,dog,False,76417,0.67,0.8683412121639738
fine,dog,orig,dog,False,76417,0.68,0.8683319220999153
fine,dog,orig,dog,False,76417,0.69,0.8683133380381087
fine,dog,orig,dog,False,76417,0.7,0.8680496754163138
fine,dog,orig,dog,False,76417,0.71,0.8681535855448899
fine,dog,orig,dog,False,76417,0.72,0.8680124223602484
fine,dog,orig,dog,False,76417,0.73,0.8679418407679277
fine,dog,orig,dog,False,76417,0.74,0.8676595143986449
fine,dog,orig,dog,False,76417,0.75,0.8676501729371073
fine,dog,orig,dog,False,76417,0.76,0.8678952199392784
fine,dog,orig,dog,False,76417,0.77,0.8677540069194379
fine,dog,orig,dog,False,76417,0.78,0.8676740573365344
fine,dog,orig,dog,False,76417,0.79,0.8679285260258492
fine,dog,orig,dog,False,76417,0.8,0.8678485661816641
fine,dog,orig,dog,True,76417,0.5,0.8690467790869965
fine,dog,orig,dog,True,76417,0.51,0.8689854663468323
fine,dog,orig,dog,True,76417,0.52,0.8688536155202822
fine,dog,orig,dog,True,76417,0.53,0.8688536155202822
fine,dog,orig,dog,True,76417,0.54,0.8688536155202822
fine,dog,orig,dog,True,76417,0.55,0.8689149146324255
fine,dog,orig,dog,True,76417,0.56,0.8687923250564334
fine,dog,orig,dog,True,76417,0.57,0.8689241622574956
fine,dog,orig,dog,True,76417,0.58,0.8689854663468323
fine,dog,orig,dog,True,76417,0.59,0.8687923250564334
fine,dog,orig,dog,True,76417,0.6,0.8686512415349887
fine,dog,orig,dog,True,76417,0.61,0.8684396162528216
fine,dog,orig,dog,True,76417,0.62,0.8683078225294492
fine,dog,orig,dog,True,76417,0.63,0.8682279909706546
fine,dog,orig,dog,True,76417,0.64,0.8682892416225749
fine,dog,orig,dog,True,76417,0.65,0.8683505009171723
fine,dog,orig,dog,True,76417,0.66,0.8683505009171723
fine,dog,orig,dog,True,76417,0.67,0.8683412121639738
fine,dog,orig,dog,True,76417,0.68,0.8683319220999153
fine,dog,orig,dog,True,76417,0.69,0.8683133380381087
fine,dog,orig,dog,True,76417,0.7,0.8680496754163138
fine,dog,orig,dog,True,76417,0.71,0.8681535855448899
fine,dog,orig,dog,True,76417,0.72,0.8680124223602484
fine,dog,orig,dog,True,76417,0.73,0.8679418407679277
fine,dog,orig,dog,True,76417,0.74,0.8676595143986449
fine,dog,orig,dog,True,76417,0.75,0.8675889328063241
fine,dog,orig,dog,True,76417,0.76,0.8678952199392784
fine,dog,orig,dog,True,76417,0.77,0.8677540069194379
fine,dog,orig,dog,True,76417,0.78,0.8676740573365344
fine,dog,orig,dog,True,76417,0.79,0.8679285260258492
fine,dog,orig,dog,True,76417,0.8,0.8678485661816641
fine,dog,syn,domestic dog,False,76417,0.5,0.8695528136366878
fine,dog,syn,domestic dog,False,76417,0.51,0.8696457843346875
fine,dog,syn,domestic dog,False,76417,0.52,0.8694630394530694
fine,dog,syn,domestic dog,False,76417,0.53,0.8692712781098776
fine,dog,syn,domestic dog,False,76417,0.54,0.8692499111269107
fine,dog,syn,domestic dog,False,76417,0.55,0.8688454706927176
fine,dog,syn,domestic dog,False,76417,0.56,0.8686545970891019
fine,dog,syn,domestic dog,False,76417,0.57,0.8686488787964802
fine,dog,syn,domestic dog,False,76417,0.58,0.868590880079427
fine,dog,syn,domestic dog,False,76417,0.59,0.8688071443759302
fine,dog,syn,domestic dog,False,76417,0.6,0.8688292371981019
fine,dog,syn,domestic dog,False,76417,0.61,0.8688234461277078
fine,dog,syn,domestic dog,False,76417,0.62,0.8690113933904182
fine,dog,syn,domestic dog,False,76417,0.63,0.8690147818091802
fine,dog,syn,domestic dog,False,76417,0.64,0.8688860616341533
fine,dog,syn,domestic dog,False,76417,0.65,0.8686775925402657
fine,dog,syn,domestic dog,False,76417,0.66,0.8684451972616275
fine,dog,syn,domestic dog,False,76417,0.67,0.8682372857445158
fine,dog,syn,domestic dog,False,76417,0.68,0.8678087986463621
fine,dog,syn,domestic dog,False,76417,0.69,0.8680056377730796
fine,dog,syn,domestic dog,False,76417,0.7,0.8679298443333099
fine,dog,syn,domestic dog,False,76417,0.71,0.86779303062302
fine,dog,syn,domestic dog,False,76417,0.72,0.8674970093589472
fine,dog,syn,domestic dog,False,76417,0.73,0.8673419146092706
fine,dog,syn,domestic dog,False,76417,0.74,0.8672056239015817
fine,dog,syn,domestic dog,False,76417,0.75,0.8673039077874614
fine,dog,syn,domestic dog,False,76417,0.76,0.8670365947882278
fine,dog,syn,domestic dog,False,76417,0.77,0.8669615276607694
fine,dog,syn,domestic dog,False,76417,0.78,0.8668070175438597
fine,dog,syn,domestic dog,False,76417,0.79,0.8668350522696976
fine,dog,syn,domestic dog,False,76417,0.8,0.8665685037161689
fine,dog,syn,domestic dog,True,76417,0.5,0.8696427298010412
fine,dog,syn,domestic dog,True,76417,0.51,0.8698595966075119
fine,dog,syn,domestic dog,True,76417,0.52,0.8694197223211108
fine,dog,syn,domestic dog,True,76417,0.53,0.8692991817858413
fine,dog,syn,domestic dog,True,76417,0.54,0.8690645436451521
fine,dog,syn,domestic dog,True,76417,0.55,0.8687930667045535
fine,dog,syn,domestic dog,True,76417,0.56,0.8684882895670688
fine,dog,syn,domestic dog,True,76417,0.57,0.8686768357573608
fine,dog,syn,domestic dog,True,76417,0.58,0.8686188315371526
fine,dog,syn,domestic dog,True,76417,0.59,0.8685795253276656
fine,dog,syn,domestic dog,True,76417,0.6,0.8688385269121813
fine,dog,syn,domestic dog,True,76417,0.61,0.8687712344280861
fine,dog,syn,domestic dog,True,76417,0.62,0.8690299299511781
fine,dog,syn,domestic dog,True,76417,0.63,0.8688918746906159
fine,dog,syn,domestic dog,True,76417,0.64,0.8687725249099003
fine,dog,syn,domestic dog,True,76417,0.65,0.8686961435230964
fine,dog,syn,domestic dog,True,76417,0.66,0.8684451972616275
fine,dog,syn,domestic dog,True,76417,0.67,0.8680535966149506
fine,dog,syn,domestic dog,True,76417,0.68,0.8675641387087679
fine,dog,syn,domestic dog,True,76417,0.69,0.8678926231240752
fine,dog,syn,domestic dog,True,76417,0.7,0.8678262094218717
fine,dog,syn,domestic dog,True,76417,0.71,0.8676801801801802
fine,dog,syn,domestic dog,True,76417,0.72,0.8674546222034614
fine,dog,syn,domestic dog,True,76417,0.73,0.8671166420586374
fine,dog,syn,domestic dog,True,76417,0.74,0.8672759226713532
fine,dog,syn,domestic dog,True,76417,0.75,0.8672006745362564
fine,dog,syn,domestic dog,True,76417,0.76,0.8669428451060245
fine,dog,syn,domestic dog,True,76417,0.77,0.8669895416578929
fine,dog,syn,domestic dog,True,76417,0.78,0.866825708672467
fine,dog,syn,domestic dog,True,76417,0.79,0.8667321315844848
fine,dog,syn,domestic dog,True,76417,0.8,0.8664469994391475
fine,dog,hypo,Leonberg,False,76417,0.5,0.7198753988755509
fine,dog,hypo,Leonberg,False,76417,0.51,0.7523297219486325
fine,dog,hypo,Leonberg,False,76417,0.52,0.7759298457816752
fine,dog,hypo,Leonberg,False,76417,0.53,0.7960938089133549
fine,dog,hypo,Leonberg,False,76417,0.54,0.8116301812984278
fine,dog,hypo,Leonberg,False,76417,0.55,0.8235735735735735
fine,dog,hypo,Leonberg,False,76417,0.56,0.8321845969433623
fine,dog,hypo,Leonberg,False,76417,0.57,0.8404692520361653
fine,dog,hypo,Leonberg,False,76417,0.58,0.8474563628226167
fine,dog,hypo,Leonberg,False,76417,0.59,0.8513835168104731
fine,dog,hypo,Leonberg,False,76417,0.6,0.8546926046926047
fine,dog,hypo,Leonberg,False,76417,0.61,0.8592916419679905
fine,dog,hypo,Leonberg,False,76417,0.62,0.8623927832002366
fine,dog,hypo,Leonberg,False,76417,0.63,0.8639716730598996
fine,dog,hypo,Leonberg,False,76417,0.64,0.865218991534781
fine,dog,hypo,Leonberg,False,76417,0.65,0.8667058564185466
fine,dog,hypo,Leonberg,False,76417,0.66,0.8675909624413145
fine,dog,hypo,Leonberg,False,76417,0.67,0.8682823253770684
fine,dog,hypo,Leonberg,False,76417,0.68,0.8691868967534366
fine,dog,hypo,Leonberg,False,76417,0.69,0.8698095307596877
fine,dog,hypo,Leonberg,False,76417,0.7,0.8700750127448839
fine,dog,hypo,Leonberg,False,76417,0.71,0.8702101359703337
fine,dog,hypo,Leonberg,False,76417,0.72,0.8714503595032319
fine,dog,hypo,Leonberg,False,76417,0.73,0.8716554274526865
fine,dog,hypo,Leonberg,False,76417,0.74,0.872058504090942
fine,dog,hypo,Leonberg,False,76417,0.75,0.8720526544192102
fine,dog,hypo,Leonberg,False,76417,0.76,0.8722190118462873
fine,dog,hypo,Leonberg,False,76417,0.77,0.8723941426819591
fine,dog,hypo,Leonberg,False,76417,0.78,0.8722822174226061
fine,dog,hypo,Leonberg,False,76417,0.79,0.8718188353702372
fine,dog,hypo,Leonberg,False,76417,0.8,0.8719827586206896
fine,dog,hypo,Leonberg,True,76417,0.5,0.7327363788131734
fine,dog,hypo,Leonberg,True,76417,0.51,0.7610110488875436
fine,dog,hypo,Leonberg,True,76417,0.52,0.7836959806588093
fine,dog,hypo,Leonberg,True,76417,0.53,0.8020189844809402
fine,dog,hypo,Leonberg,True,76417,0.54,0.8160228468360138
fine,dog,hypo,Leonberg,True,76417,0.55,0.827293870507915
fine,dog,hypo,Leonberg,True,76417,0.56,0.8350299401197605
fine,dog,hypo,Leonberg,True,76417,0.57,0.8444245275972814
fine,dog,hypo,Leonberg,True,76417,0.58,0.8493926522095536
fine,dog,hypo,Leonberg,True,76417,0.59,0.8530133016274059
fine,dog,hypo,Leonberg,True,76417,0.6,0.8566342802047022
fine,dog,hypo,Leonberg,True,76417,0.61,0.8613516914649493
fine,dog,hypo,Leonberg,True,76417,0.62,0.8636766661740801
fine,dog,hypo,Leonberg,True,76417,0.63,0.8645641441308672
fine,dog,hypo,Leonberg,True,76417,0.64,0.8661666298992573
fine,dog,hypo,Leonberg,True,76417,0.65,0.8668428393158629
fine,dog,hypo,Leonberg,True,76417,0.66,0.8677461899179367
fine,dog,hypo,Leonberg,True,76417,0.67,0.8691547749725577
fine,dog,hypo,Leonberg,True,76417,0.68,0.8697589481373266
fine,dog,hypo,Leonberg,True,76417,0.69,0.8696982947092261
fine,dog,hypo,Leonberg,True,76417,0.7,0.8700269110480763
fine,dog,hypo,Leonberg,True,76417,0.71,0.8708857080578363
fine,dog,hypo,Leonberg,True,76417,0.72,0.8717892903787549
fine,dog,hypo,Leonberg,True,76417,0.73,0.8724452819249167
fine,dog,hypo,Leonberg,True,76417,0.74,0.8719432788308493
fine,dog,hypo,Leonberg,True,76417,0.75,0.8722266387222664
fine,dog,hypo,Leonberg,True,76417,0.76,0.8726091663659329
fine,dog,hypo,Leonberg,True,76417,0.77,0.8723802664746129
fine,dog,hypo,Leonberg,True,76417,0.78,0.8721674699661894
fine,dog,hypo,Leonberg,True,76417,0.79,0.8716954022988506
fine,dog,hypo,Leonberg,True,76417,0.8,0.8717157214644652
fine,dog,hyper,domestic animal,False,76417,0.5,0.8735517093405808
fine,dog,hyper,domestic animal,False,76417,0.51,0.8735344581069489
fine,dog,hyper,domestic animal,False,76417,0.52,0.8732052289449246
fine,dog,hyper,domestic animal,False,76417,0.53,0.8729660291178989
fine,dog,hyper,domestic animal,False,76417,0.54,0.8727713592925402
fine,dog,hyper,domestic animal,False,76417,0.55,0.8719811925625134
fine,dog,hyper,domestic animal,False,76417,0.56,0.8716360529688167
fine,dog,hyper,domestic animal,False,76417,0.57,0.8713808067155154
fine,dog,hyper,domestic animal,False,76417,0.58,0.8709127096957634
fine,dog,hyper,domestic animal,False,76417,0.59,0.8703309189035648
fine,dog,hyper,domestic animal,False,76417,0.6,0.8699261992619927
fine,dog,hyper,domestic animal,False,76417,0.61,0.8700957786449095
fine,dog,hyper,domestic animal,False,76417,0.62,0.870080136160556
fine,dog,hyper,domestic animal,False,76417,0.63,0.8700460829493087
fine,dog,hyper,domestic animal,False,76417,0.64,0.8700120490467078
fine,dog,hyper,domestic animal,False,76417,0.65,0.8698270975056689
fine,dog,hyper,domestic animal,False,76417,0.66,0.8694235943917292
fine,dog,hyper,domestic animal,False,76417,0.67,0.8692389380530974
fine,dog,hyper,domestic animal,False,76417,0.68,0.8690636279991507
fine,dog,hyper,domestic animal,False,76417,0.69,0.8688269421253715
fine,dog,hyper,domestic animal,False,76417,0.7,0.8688455008488964
fine,dog,hyper,domestic animal,False,76417,0.71,0.8685382929071495
fine,dog,hyper,domestic animal,False,76417,0.72,0.8683912920554142
fine,dog,hyper,domestic animal,False,76417,0.73,0.8682778602218925
fine,dog,hyper,domestic animal,False,76417,0.74,0.8681831025713478
fine,dog,hyper,domestic animal,False,76417,0.75,0.8681924136469591
fine,dog,hyper,domestic animal,False,76417,0.76,0.8684842491877384
fine,dog,hyper,domestic animal,False,76417,0.77,0.8684414942447567
fine,dog,hyper,domestic animal,False,76417,0.78,0.8683095607964977
fine,dog,hyper,domestic animal,False,76417,0.79,0.8684507837876007
fine,dog,hyper,domestic animal,False,76417,0.8,0.8686012850384806
fine,dog,hyper,domestic animal,True,76417,0.5,0.8737912756965833
fine,dog,hyper,domestic animal,True,76417,0.51,0.8736314847942754
fine,dog,hyper,domestic animal,True,76417,0.52,0.8735517093405808
fine,dog,hyper,domestic animal,True,76417,0.53,0.8734629682585073
fine,dog,hyper,domestic animal,True,76417,0.54,0.8731519177201629
fine,dog,hyper,domestic animal,True,76417,0.55,0.8727610076357668
fine,dog,hyper,domestic animal,True,76417,0.56,0.8725574097846241
fine,dog,hyper,domestic animal,True,76417,0.57,0.8718387119754933
fine,dog,hyper,domestic animal,True,76417,0.58,0.8714845140619437
fine,dog,hyper,domestic animal,True,76417,0.59,0.8712110431193966
fine,dog,hyper,domestic animal,True,76417,0.6,0.8708851759687166
fine,dog,hyper,domestic animal,True,76417,0.61,0.870303288585837
fine,dog,hyper,domestic animal,True,76417,0.62,0.8699602498580352
fine,dog,hyper,domestic animal,True,76417,0.63,0.8699261992619927
fine,dog,hyper,domestic animal,True,76417,0.64,0.8699198524718065
fine,dog,hyper,domestic animal,True,76417,0.65,0.8698149329929802
fine,dog,hyper,domestic animal,True,76417,0.66,0.8697008365234652
fine,dog,hyper,domestic animal,True,76417,0.67,0.8698610717323504
fine,dog,hyper,domestic animal,True,76417,0.68,0.8696853741496599
fine,dog,hyper,domestic animal,True,76417,0.69,0.8693958495644167
fine,dog,hyper,domestic animal,True,76417,0.7,0.8691588785046729
fine,dog,hyper,domestic animal,True,76417,0.71,0.8689127972819932
fine,dog,hyper,domestic animal,True,76417,0.72,0.868676148022359
fine,dog,hyper,domestic animal,True,76417,0.73,0.8687561907457195
fine,dog,hyper,domestic animal,True,76417,0.74,0.8685811288725421
fine,dog,hyper,domestic animal,True,76417,0.75,0.8682740578377997
fine,dog,hyper,domestic animal,True,76417,0.76,0.8684340756451043
fine,dog,hyper,domestic animal,True,76417,0.77,0.8682592409357551
fine,dog,hyper,domestic animal,True,76417,0.78,0.8682685512367491
fine,dog,hyper,domestic animal,True,76417,0.79,0.8683485266058936
fine,dog,hyper,domestic animal,True,76417,0.8,0.8682871678914641
fine,dog,orig,dog,False,161609,0.5,0.8166889672789198
fine,dog,orig,dog,False,161609,0.51,0.8165896375577718
fine,dog,orig,dog,False,161609,0.52,0.8164680126489905
fine,dog,orig,dog,False,161609,0.53,0.8163687218776602
fine,dog,orig,dog,False,161609,0.54,0.8160486322188449
fine,dog,orig,dog,False,161609,0.55,0.8160486322188449
fine,dog,orig,dog,False,161609,0.56,0.8161702127659575
fine,dog,orig,dog,False,161609,0.57,0.8160709944079747
fine,dog,orig,dog,False,161609,0.58,0.8159494286408947
fine,dog,orig,dog,False,161609,0.59,0.8160709944079747
fine,dog,orig,dog,False,161609,0.6,0.8160709944079747
fine,dog,orig,dog,False,161609,0.61,0.815872630043753
fine,dog,orig,dog,False,161609,0.62,0.815872630043753
fine,dog,orig,dog,False,161609,0.63,0.8157734840199296
fine,dog,orig,dog,False,161609,0.64,0.8155528554070474
fine,dog,orig,dog,False,161609,0.65,0.8155528554070474
fine,dog,orig,dog,False,161609,0.66,0.8155528554070474
fine,dog,orig,dog,False,161609,0.67,0.8155752642449278
fine,dog,orig,dog,False,161609,0.68,0.8154761904761905
fine,dog,orig,dog,False,161609,0.69,0.8154761904761905
fine,dog,orig,dog,False,161609,0.7,0.8153771407749302
fine,dog,orig,dog,False,161609,0.71,0.8154761904761905
fine,dog,orig,dog,False,161609,0.72,0.815498603182315
fine,dog,orig,dog,False,161609,0.73,0.8153995627884382
fine,dog,orig,dog,False,161609,0.74,0.8154219793564056
fine,dog,orig,dog,False,161609,0.75,0.8152239893164988
fine,dog,orig,dog,False,161609,0.76,0.8153229723166586
fine,dog,orig,dog,False,161609,0.77,0.8153229723166586
fine,dog,orig,dog,False,161609,0.78,0.8153229723166586
fine,dog,orig,dog,False,161609,0.79,0.8148822529740228
fine,dog,orig,dog,False,161609,0.8,0.8148822529740228
fine,dog,orig,dog,True,161609,0.5,0.8166889672789198
fine,dog,orig,dog,True,161609,0.51,0.8165896375577718
fine,dog,orig,dog,True,161609,0.52,0.8164680126489905
fine,dog,orig,dog,True,161609,0.53,0.8163687218776602
fine,dog,orig,dog,True,161609,0.54,0.8160486322188449
fine,dog,orig,dog,True,161609,0.55,0.8160486322188449
fine,dog,orig,dog,True,161609,0.56,0.8161702127659575
fine,dog,orig,dog,True,161609,0.57,0.8160709944079747
fine,dog,orig,dog,True,161609,0.58,0.8159494286408947
fine,dog,orig,dog,True,161609,0.59,0.8160709944079747
fine,dog,orig,dog,True,161609,0.6,0.8160709944079747
fine,dog,orig,dog,True,161609,0.61,0.815872630043753
fine,dog,orig,dog,True,161609,0.62,0.815872630043753
fine,dog,orig,dog,True,161609,0.63,0.8157734840199296
fine,dog,orig,dog,True,161609,0.64,0.8155528554070474
fine,dog,orig,dog,True,161609,0.65,0.8155528554070474
fine,dog,orig,dog,True,161609,0.66,0.8155528554070474
fine,dog,orig,dog,True,161609,0.67,0.8155752642449278
fine,dog,orig,dog,True,161609,0.68,0.8154761904761905
fine,dog,orig,dog,True,161609,0.69,0.8154761904761905
fine,dog,orig,dog,True,161609,0.7,0.8153771407749302
fine,dog,orig,dog,True,161609,0.71,0.8154761904761905
fine,dog,orig,dog,True,161609,0.72,0.815498603182315
fine,dog,orig,dog,True,161609,0.73,0.8153995627884382
fine,dog,orig,dog,True,161609,0.74,0.8154219793564056
fine,dog,orig,dog,True,161609,0.75,0.8152239893164988
fine,dog,orig,dog,True,161609,0.76,0.8153229723166586
fine,dog,orig,dog,True,161609,0.77,0.8153229723166586
fine,dog,orig,dog,True,161609,0.78,0.8153229723166586
fine,dog,orig,dog,True,161609,0.79,0.8148822529740228
fine,dog,orig,dog,True,161609,0.8,0.8148822529740228
fine,dog,syn,domestic dog,False,161609,0.5,0.8164010220221438
fine,dog,syn,domestic dog,False,161609,0.51,0.8162024084661234
fine,dog,syn,domestic dog,False,161609,0.52,0.8162024084661234
fine,dog,syn,domestic dog,False,161609,0.53,0.8161031379226465
fine,dog,syn,domestic dog,False,161609,0.54,0.8162471117596984
fine,dog,syn,domestic dog,False,161609,0.55,0.8162471117596984
fine,dog,syn,domestic dog,False,161609,0.56,0.8162694552529183
fine,dog,syn,domestic dog,False,161609,0.57,0.8160709944079747
fine,dog,syn,domestic dog,False,161609,0.58,0.815994166261546
fine,dog,syn,domestic dog,False,161609,0.59,0.8159718001701713
fine,dog,syn,domestic dog,False,161609,0.6,0.8157734840199296
fine,dog,syn,domestic dog,False,161609,0.61,0.8157734840199296
fine,dog,syn,domestic dog,False,161609,0.62,0.815674362089915
fine,dog,syn,domestic dog,False,161609,0.63,0.815872630043753
fine,dog,syn,domestic dog,False,161609,0.64,0.815872630043753
fine,dog,syn,domestic dog,False,161609,0.65,0.8157734840199296
fine,dog,syn,domestic dog,False,161609,0.66,0.815674362089915
fine,dog,syn,domestic dog,False,161609,0.67,0.8155752642449278
fine,dog,syn,domestic dog,False,161609,0.68,0.815674362089915
fine,dog,syn,domestic dog,False,161609,0.69,0.8154537723241404
fine,dog,syn,domestic dog,False,161609,0.7,0.815674362089915
fine,dog,syn,domestic dog,False,161609,0.71,0.8157734840199296
fine,dog,syn,domestic dog,False,161609,0.72,0.8157734840199296
fine,dog,syn,domestic dog,False,161609,0.73,0.8157734840199296
fine,dog,syn,domestic dog,False,161609,0.74,0.8157510938259601
fine,dog,syn,domestic dog,False,161609,0.75,0.8156295576081672
fine,dog,syn,domestic dog,False,161609,0.76,0.8158278628738147
fine,dog,syn,domestic dog,False,161609,0.77,0.8159270516717325
fine,dog,syn,domestic dog,False,161609,0.78,0.8160262645914397
fine,dog,syn,domestic dog,False,161609,0.79,0.8159046692607004
fine,dog,syn,domestic dog,False,161609,0.8,0.8157830739299611
fine,dog,syn,domestic dog,True,161609,0.5,0.816301703163017
fine,dog,syn,domestic dog,True,161609,0.51,0.8164233576642336
fine,dog,syn,domestic dog,True,161609,0.52,0.8162024084661234
fine,dog,syn,domestic dog,True,161609,0.53,0.8163240481693225
fine,dog,syn,domestic dog,True,161609,0.54,0.816147859922179
fine,dog,syn,domestic dog,True,161609,0.55,0.8162694552529183
fine,dog,syn,domestic dog,True,161609,0.56,0.8162694552529183
fine,dog,syn,domestic dog,True,161609,0.57,0.8159494286408947
fine,dog,syn,domestic dog,True,161609,0.58,0.815872630043753
fine,dog,syn,domestic dog,True,161609,0.59,0.815872630043753
fine,dog,syn,domestic dog,True,161609,0.6,0.8157734840199296
fine,dog,syn,domestic dog,True,161609,0.61,0.815674362089915
fine,dog,syn,domestic dog,True,161609,0.62,0.8157510938259601
fine,dog,syn,domestic dog,True,161609,0.63,0.815872630043753
fine,dog,syn,domestic dog,True,161609,0.64,0.815674362089915
fine,dog,syn,domestic dog,True,161609,0.65,0.815674362089915
fine,dog,syn,domestic dog,True,161609,0.66,0.8155752642449278
fine,dog,syn,domestic dog,True,161609,0.67,0.8154761904761905
fine,dog,syn,domestic dog,True,161609,0.68,0.8154761904761905
fine,dog,syn,domestic dog,True,161609,0.69,0.8154537723241404
fine,dog,syn,domestic dog,True,161609,0.7,0.8157958687727825
fine,dog,syn,domestic dog,True,161609,0.71,0.815872630043753
fine,dog,syn,domestic dog,True,161609,0.72,0.8157734840199296
fine,dog,syn,domestic dog,True,161609,0.73,0.8157510938259601
fine,dog,syn,domestic dog,True,161609,0.74,0.8157510938259601
fine,dog,syn,domestic dog,True,161609,0.75,0.8156295576081672
fine,dog,syn,domestic dog,True,161609,0.76,0.8158278628738147
fine,dog,syn,domestic dog,True,161609,0.77,0.8156295576081672
fine,dog,syn,domestic dog,True,161609,0.78,0.8156071471982497
fine,dog,syn,domestic dog,True,161609,0.79,0.8158054711246201
fine,dog,syn,domestic dog,True,161609,0.8,0.8156838905775076
fine,dog,hypo,Leonberg,False,161609,0.5,0.827085402184707
fine,dog,hypo,Leonberg,False,161609,0.51,0.824897908674669
fine,dog,hypo,Leonberg,False,161609,0.52,0.8234930830039525
fine,dog,hypo,Leonberg,False,161609,0.53,0.8223262690980778
fine,dog,hypo,Leonberg,False,161609,0.54,0.8212792127921279
fine,dog,hypo,Leonberg,False,161609,0.55,0.8201350521792511
fine,dog,hypo,Leonberg,False,161609,0.56,0.8193524650478293
fine,dog,hypo,Leonberg,False,161609,0.57,0.8188166115398751
fine,dog,hypo,Leonberg,False,161609,0.58,0.8172371638141809
fine,dog,hypo,Leonberg,False,161609,0.59,0.8168824822868311
fine,dog,hypo,Leonberg,False,161609,0.6,0.8167277167277167
fine,dog,hypo,Leonberg,False,161609,0.61,0.8164734594264795
fine,dog,hypo,Leonberg,False,161609,0.62,0.8162195121951219
fine,dog,hypo,Leonberg,False,161609,0.63,0.8159434422233057
fine,dog,hypo,Leonberg,False,161609,0.64,0.8155458089668616
fine,dog,hypo,Leonberg,False,161609,0.65,0.8156581030074272
fine,dog,hypo,Leonberg,False,161609,0.66,0.8155044420104661
fine,dog,hypo,Leonberg,False,161609,0.67,0.8155493369022996
fine,dog,hypo,Leonberg,False,161609,0.68,0.8152742308160039
fine,dog,hypo,Leonberg,False,161609,0.69,0.8154182879377432
fine,dog,hypo,Leonberg,False,161609,0.7,0.814823815309842
fine,dog,hypo,Leonberg,False,161609,0.71,0.8144279815399563
fine,dog,hypo,Leonberg,False,161609,0.72,0.8143741653514629
fine,dog,hypo,Leonberg,False,161609,0.73,0.8141990291262136
fine,dog,hypo,Leonberg,False,161609,0.74,0.8141002305545444
fine,dog,hypo,Leonberg,False,161609,0.75,0.8141227857316186
fine,dog,hypo,Leonberg,False,161609,0.76,0.8142441155059451
fine,dog,hypo,Leonberg,False,161609,0.77,0.814266650491326
fine,dog,hypo,Leonberg,False,161609,0.78,0.8141678796700631
fine,dog,hypo,Leonberg,False,161609,0.79,0.8140465793304221
fine,dog,hypo,Leonberg,False,161609,0.8,0.8141678796700631
fine,dog,hypo,Leonberg,True,161609,0.5,0.8272095332671301
fine,dog,hypo,Leonberg,True,161609,0.51,0.8251021165985889
fine,dog,hypo,Leonberg,True,161609,0.52,0.8235730170496665
fine,dog,hypo,Leonberg,True,161609,0.53,0.8224276032039434
fine,dog,hypo,Leonberg,True,161609,0.54,0.8212792127921279
fine,dog,hypo,Leonberg,True,161609,0.55,0.8200343726982569
fine,dog,hypo,Leonberg,True,161609,0.56,0.8194529620998405
fine,dog,hypo,Leonberg,True,161609,0.57,0.8188166115398751
fine,dog,hypo,Leonberg,True,161609,0.58,0.8172371638141809
fine,dog,hypo,Leonberg,True,161609,0.59,0.8170821114369502
fine,dog,hypo,Leonberg,True,161609,0.6,0.8167277167277167
fine,dog,hypo,Leonberg,True,161609,0.61,0.816373840897999
fine,dog,hypo,Leonberg,True,161609,0.62,0.8162195121951219
fine,dog,hypo,Leonberg,True,161609,0.63,0.8160429111300743
fine,dog,hypo,Leonberg,True,161609,0.64,0.815866439190836
fine,dog,hypo,Leonberg,True,161609,0.65,0.8156581030074272
fine,dog,hypo,Leonberg,True,161609,0.66,0.8155044420104661
fine,dog,hypo,Leonberg,True,161609,0.67,0.8155493369022996
fine,dog,hypo,Leonberg,True,161609,0.68,0.8152742308160039
fine,dog,hypo,Leonberg,True,161609,0.69,0.8154182879377432
fine,dog,hypo,Leonberg,True,161609,0.7,0.8149228338801798
fine,dog,hypo,Leonberg,True,161609,0.71,0.814625850340136
fine,dog,hypo,Leonberg,True,161609,0.72,0.814473045167557
fine,dog,hypo,Leonberg,True,161609,0.73,0.8140776699029126
fine,dog,hypo,Leonberg,True,161609,0.74,0.8142215750515714
fine,dog,hypo,Leonberg,True,161609,0.75,0.8142215750515714
fine,dog,hypo,Leonberg,True,161609,0.76,0.8142441155059451
fine,dog,hypo,Leonberg,True,161609,0.77,0.814266650491326
fine,dog,hypo,Leonberg,True,161609,0.78,0.8141678796700631
fine,dog,hypo,Leonberg,True,161609,0.79,0.8141678796700631
fine,dog,hypo,Leonberg,True,161609,0.8,0.8141678796700631
fine,dog,hyper,domestic animal,False,161609,0.5,0.8204497972225636
fine,dog,hyper,domestic animal,False,161609,0.51,0.820292347377472
fine,dog,hyper,domestic animal,False,161609,0.52,0.8195876288659794
fine,dog,hyper,domestic animal,False,161609,0.53,0.819833087874325
fine,dog,hyper,domestic animal,False,161609,0.54,0.8195534838076546
fine,dog,hyper,domestic animal,False,161609,0.55,0.8193746167995095
fine,dog,hyper,domestic animal,False,161609,0.56,0.8188947432912633
fine,dog,hyper,domestic animal,False,161609,0.57,0.8186941075584957
fine,dog,hyper,domestic animal,False,161609,0.58,0.8184155748744949
fine,dog,hyper,domestic animal,False,161609,0.59,0.818337617823479
fine,dog,hyper,domestic animal,False,161609,0.6,0.8179816513761468
fine,dog,hyper,domestic animal,False,161609,0.61,0.8176707808872051
fine,dog,hyper,domestic animal,False,161609,0.62,0.8173711214268263
fine,dog,hyper,domestic animal,False,161609,0.63,0.817193796556356
fine,dog,hyper,domestic animal,False,161609,0.64,0.8167948248504822
fine,dog,hyper,domestic animal,False,161609,0.65,0.8167622300841771
fine,dog,hyper,domestic animal,False,161609,0.66,0.8165853658536585
fine,dog,hyper,domestic animal,False,161609,0.67,0.8162867243691333
fine,dog,hyper,domestic animal,False,161609,0.68,0.8163538873994638
fine,dog,hyper,domestic animal,False,161609,0.69,0.8162768031189084
fine,dog,hyper,domestic animal,False,161609,0.7,0.8160779537149817
fine,dog,hyper,domestic animal,False,161609,0.71,0.8159785653391791
fine,dog,hyper,domestic animal,False,161609,0.72,0.8158247108947048
fine,dog,hyper,domestic animal,False,161609,0.73,0.8155268921878802
fine,dog,hyper,domestic animal,False,161609,0.74,0.8154276675994646
fine,dog,hyper,domestic animal,False,161609,0.75,0.8152292908405303
fine,dog,hyper,domestic animal,False,161609,0.76,0.8152742308160039
fine,dog,hyper,domestic animal,False,161609,0.77,0.8152966926070039
fine,dog,hyper,domestic animal,False,161609,0.78,0.8150984682713348
fine,dog,hyper,domestic animal,False,161609,0.79,0.8154631655725748
fine,dog,hyper,domestic animal,False,161609,0.8,0.8155623100303951
fine,dog,hyper,domestic animal,True,161609,0.5,0.8204497972225636
fine,dog,hyper,domestic animal,True,161609,0.51,0.8201695123449207
fine,dog,hyper,domestic animal,True,161609,0.52,0.8197888534249939
fine,dog,hyper,domestic animal,True,161609,0.53,0.8197103583701522
fine,dog,hyper,domestic animal,True,161609,0.54,0.8196319018404908
fine,dog,hyper,domestic animal,True,161609,0.55,0.8194751042433162
fine,dog,hyper,domestic animal,True,161609,0.56,0.8190954773869347
fine,dog,hyper,domestic animal,True,161609,0.57,0.8186941075584957
fine,dog,hyper,domestic animal,True,161609,0.58,0.8182931308926167
fine,dog,hyper,domestic animal,True,161609,0.59,0.8186604628382514
fine,dog,hyper,domestic animal,True,161609,0.6,0.8180817225348667
fine,dog,hyper,domestic animal,True,161609,0.61,0.8177038757794352
fine,dog,hyper,domestic animal,True,161609,0.62,0.8176484967000733
fine,dog,hyper,domestic animal,True,161609,0.63,0.8173711214268263
fine,dog,hyper,domestic animal,True,161609,0.64,0.8170940170940171
fine,dog,hyper,domestic animal,True,161609,0.65,0.8170612643397608
fine,dog,hyper,domestic animal,True,161609,0.66,0.8166849615806806
fine,dog,hyper,domestic animal,True,161609,0.67,0.8165853658536585
fine,dog,hyper,domestic animal,True,161609,0.68,0.8167296671137666
fine,dog,hyper,domestic animal,True,161609,0.69,0.8163315051797684
fine,dog,hyper,domestic animal,True,161609,0.7,0.8162544169611308
fine,dog,hyper,domestic animal,True,161609,0.71,0.8161773663052747
fine,dog,hyper,domestic animal,True,161609,0.72,0.8157798611956654
fine,dog,hyper,domestic animal,True,161609,0.73,0.8157029823493609
fine,dog,hyper,domestic animal,True,161609,0.74,0.8155044420104661
fine,dog,hyper,domestic animal,True,161609,0.75,0.8152292908405303
fine,dog,hyper,domestic animal,True,161609,0.76,0.815130138652396
fine,dog,hyper,domestic animal,True,161609,0.77,0.8151526206980421
fine,dog,hyper,domestic animal,True,161609,0.78,0.8155398832684825
fine,dog,hyper,domestic animal,True,161609,0.79,0.8155623100303951
fine,dog,hyper,domestic animal,True,161609,0.8,0.8155623100303951
fine,dog,orig,dog,False,447200,0.5,0.7884080889400038
fine,dog,orig,dog,False,447200,0.51,0.7886799233349305
fine,dog,orig,dog,False,447200,0.52,0.7889775286282401
fine,dog,orig,dog,False,447200,0.53,0.7892234358532145
fine,dog,orig,dog,False,447200,0.54,0.7895549913776586
fine,dog,orig,dog,False,447200,0.55,0.7898221876309645
fine,dog,orig,dog,False,447200,0.56,0.7901221264367816
fine,dog,orig,dog,False,447200,0.57,0.7904459742592038
fine,dog,orig,dog,False,447200,0.58,0.7906291898103811
fine,dog,orig,dog,False,447200,0.59,0.7908905913334929
fine,dog,orig,dog,False,447200,0.6,0.7912377304285372
fine,dog,orig,dog,False,447200,0.61,0.7914806525355771
fine,dog,orig,dog,False,447200,0.62,0.7917205227631768
fine,dog,orig,dog,False,447200,0.63,0.7920007659350391
fine,dog,orig,dog,False,447200,0.64,0.7921931839938733
fine,dog,orig,dog,False,447200,0.65,0.7923711068834727
fine,dog,orig,dog,False,447200,0.66,0.7924742761426179
fine,dog,orig,dog,False,447200,0.67,0.7926591455609125
fine,dog,orig,dog,False,447200,0.68,0.792815101923629
fine,dog,orig,dog,False,447200,0.69,0.7929425837320574
fine,dog,orig,dog,False,447200,0.7,0.7930411692940698
fine,dog,orig,dog,False,447200,0.71,0.7932469769277692
fine,dog,orig,dog,False,447200,0.72,0.7933599636424522
fine,dog,orig,dog,False,447200,0.73,0.793609413678055
fine,dog,orig,dog,False,447200,0.74,0.7938630058356453
fine,dog,orig,dog,False,447200,0.75,0.793973454501973
fine,dog,orig,dog,False,447200,0.76,0.7941580879275919
fine,dog,orig,dog,False,447200,0.77,0.7943114023026985
fine,dog,orig,dog,False,447200,0.78,0.7945793431608145
fine,dog,orig,dog,False,447200,0.79,0.7948019032589724
fine,dog,orig,dog,False,447200,0.8,0.794928809668974
fine,dog,orig,dog,True,447200,0.5,0.7884080889400038
fine,dog,orig,dog,True,447200,0.51,0.7886679444178246
fine,dog,orig,dog,True,447200,0.52,0.7889775286282401
fine,dog,orig,dog,True,447200,0.53,0.7892234358532145
fine,dog,orig,dog,True,447200,0.54,0.7895430159034298
fine,dog,orig,dog,True,447200,0.55,0.7898221876309645
fine,dog,orig,dog,True,447200,0.56,0.7901221264367816
fine,dog,orig,dog,True,447200,0.57,0.7904365107870603
fine,dog,orig,dog,True,447200,0.58,0.7906052480367746
fine,dog,orig,dog,True,447200,0.59,0.7908786210198707
fine,dog,orig,dog,True,447200,0.6,0.7912377304285372
fine,dog,orig,dog,True,447200,0.61,0.7914806525355771
fine,dog,orig,dog,True,447200,0.62,0.7917205227631768
fine,dog,orig,dog,True,447200,0.63,0.7920007659350391
fine,dog,orig,dog,True,447200,0.64,0.7921931839938733
fine,dog,orig,dog,True,447200,0.65,0.7923711068834727
fine,dog,orig,dog,True,447200,0.66,0.7924767590720379
fine,dog,orig,dog,True,447200,0.67,0.7926591455609125
fine,dog,orig,dog,True,447200,0.68,0.792791176189109
fine,dog,orig,dog,True,447200,0.69,0.7929306220095694
fine,dog,orig,dog,True,447200,0.7,0.7930411692940698
fine,dog,orig,dog,True,447200,0.71,0.7932469769277692
fine,dog,orig,dog,True,447200,0.72,0.7933599636424522
fine,dog,orig,dog,True,447200,0.73,0.793609413678055
fine,dog,orig,dog,True,447200,0.74,0.7938630058356453
fine,dog,orig,dog,True,447200,0.75,0.793973454501973
fine,dog,orig,dog,True,447200,0.76,0.7941461314968256
fine,dog,orig,dog,True,447200,0.77,0.7943114023026985
fine,dog,orig,dog,True,447200,0.78,0.7945554320146336
fine,dog,orig,dog,True,447200,0.79,0.7948019032589724
fine,dog,orig,dog,True,447200,0.8,0.794928809668974
fine,dog,syn,domestic dog,False,447200,0.5,0.7868626770258461
fine,dog,syn,domestic dog,False,447200,0.51,0.7872106107400225
fine,dog,syn,domestic dog,False,447200,0.52,0.7875516188880244
fine,dog,syn,domestic dog,False,447200,0.53,0.7879618436643487
fine,dog,syn,domestic dog,False,447200,0.54,0.7883977834428446
fine,dog,syn,domestic dog,False,447200,0.55,0.7887165493800565
fine,dog,syn,domestic dog,False,447200,0.56,0.7890976543800862
fine,dog,syn,domestic dog,False,447200,0.57,0.7895788705257237
fine,dog,syn,domestic dog,False,447200,0.58,0.7899051060825445
fine,dog,syn,domestic dog,False,447200,0.59,0.7902426766226307
fine,dog,syn,domestic dog,False,447200,0.6,0.7904706065356036
fine,dog,syn,domestic dog,False,447200,0.61,0.7908270712678888
fine,dog,syn,domestic dog,False,447200,0.62,0.7911103134721226
fine,dog,syn,domestic dog,False,447200,0.63,0.7914099419752348
fine,dog,syn,domestic dog,False,447200,0.64,0.7917065467075038
fine,dog,syn,domestic dog,False,447200,0.65,0.7921776480300546
fine,dog,syn,domestic dog,False,447200,0.66,0.7924363514548239
fine,dog,syn,domestic dog,False,447200,0.67,0.7927140037087994
fine,dog,syn,domestic dog,False,447200,0.68,0.7930683830214863
fine,dog,syn,domestic dog,False,447200,0.69,0.7933794324544193
fine,dog,syn,domestic dog,False,447200,0.7,0.7937478316006078
fine,dog,syn,domestic dog,False,447200,0.71,0.7939941377041335
fine,dog,syn,domestic dog,False,447200,0.72,0.7940543127168321
fine,dog,syn,domestic dog,False,447200,0.73,0.794458269525268
fine,dog,syn,domestic dog,False,447200,0.74,0.7947141096660725
fine,dog,syn,domestic dog,False,447200,0.75,0.794879157693228
fine,dog,syn,domestic dog,False,447200,0.76,0.7951472805149434
fine,dog,syn,domestic dog,False,447200,0.77,0.7954202856937764
fine,dog,syn,domestic dog,False,447200,0.78,0.7955350306278713
fine,dog,syn,domestic dog,False,447200,0.79,0.7956212239038105
fine,dog,syn,domestic dog,False,447200,0.8,0.7957454954416022
fine,dog,syn,domestic dog,True,447200,0.5,0.7870524438272861
fine,dog,syn,domestic dog,True,447200,0.51,0.7874217450114315
fine,dog,syn,domestic dog,True,447200,0.52,0.7878276481149012
fine,dog,syn,domestic dog,True,447200,0.53,0.7882327596524403
fine,dog,syn,domestic dog,True,447200,0.54,0.7886926133371631
fine,dog,syn,domestic dog,True,447200,0.55,0.7890044398702745
fine,dog,syn,domestic dog,True,447200,0.56,0.7894787228950265
fine,dog,syn,domestic dog,True,447200,0.57,0.7898711152064909
fine,dog,syn,domestic dog,True,447200,0.58,0.7902621722846442
fine,dog,syn,domestic dog,True,447200,0.59,0.7905518594744652
fine,dog,syn,domestic dog,True,447200,0.6,0.7907293959988514
fine,dog,syn,domestic dog,True,447200,0.61,0.7910838847078812
fine,dog,syn,domestic dog,True,447200,0.62,0.7913620864987737
fine,dog,syn,domestic dog,True,447200,0.63,0.7915779399449695
fine,dog,syn,domestic dog,True,447200,0.64,0.7920255526844674
fine,dog,syn,domestic dog,True,447200,0.65,0.7923435817681541
fine,dog,syn,domestic dog,True,447200,0.66,0.7926735895104561
fine,dog,syn,domestic dog,True,447200,0.67,0.7930015552099533
fine,dog,syn,domestic dog,True,447200,0.68,0.7933150698041656
fine,dog,syn,domestic dog,True,447200,0.69,0.7937147847307789
fine,dog,syn,domestic dog,True,447200,0.7,0.7940687394575972
fine,dog,syn,domestic dog,True,447200,0.71,0.7942626088620921
fine,dog,syn,domestic dog,True,447200,0.72,0.7944733536694778
fine,dog,syn,domestic dog,True,447200,0.73,0.794693272083453
fine,dog,syn,domestic dog,True,447200,0.74,0.7949656641064293
fine,dog,syn,domestic dog,True,447200,0.75,0.795231315874478
fine,dog,syn,domestic dog,True,447200,0.76,0.7954540016748415
fine,dog,syn,domestic dog,True,447200,0.77,0.7956500412743609
fine,dog,syn,domestic dog,True,447200,0.78,0.795705227898074
fine,dog,syn,domestic dog,True,447200,0.79,0.795908356762577
fine,dog,syn,domestic dog,True,447200,0.8,0.7960255551301685
fine,dog,hypo,Leonberg,False,447200,0.5,0.6971487159457084
fine,dog,hypo,Leonberg,False,447200,0.51,0.7024129013369766
fine,dog,hypo,Leonberg,False,447200,0.52,0.7076343509216815
fine,dog,hypo,Leonberg,False,447200,0.53,0.7127590870873798
fine,dog,hypo,Leonberg,False,447200,0.54,0.7187709320310312
fine,dog,hypo,Leonberg,False,447200,0.55,0.7248816348389139
fine,dog,hypo,Leonberg,False,447200,0.56,0.7294302257687816
fine,dog,hypo,Leonberg,False,447200,0.57,0.733160684758292
fine,dog,hypo,Leonberg,False,447200,0.58,0.7371248025276461
fine,dog,hypo,Leonberg,False,447200,0.59,0.740765483984598
fine,dog,hypo,Leonberg,False,447200,0.6,0.7438272354269344
fine,dog,hypo,Leonberg,False,447200,0.61,0.7465239863143336
fine,dog,hypo,Leonberg,False,447200,0.62,0.7492117772603802
fine,dog,hypo,Leonberg,False,447200,0.63,0.752057401190202
fine,dog,hypo,Leonberg,False,447200,0.64,0.7540127681740542
fine,dog,hypo,Leonberg,False,447200,0.65,0.7564841498559077
fine,dog,hypo,Leonberg,False,447200,0.66,0.7588752920101189
fine,dog,hypo,Leonberg,False,447200,0.67,0.7614628953035398
fine,dog,hypo,Leonberg,False,447200,0.68,0.7639327214906713
fine,dog,hypo,Leonberg,False,447200,0.69,0.7659535895576505
fine,dog,hypo,Leonberg,False,447200,0.7,0.768649053503908
fine,dog,hypo,Leonberg,False,447200,0.71,0.7711563541515722
fine,dog,hypo,Leonberg,False,447200,0.72,0.7729132717725874
fine,dog,hypo,Leonberg,False,447200,0.73,0.7745792362912469
fine,dog,hypo,Leonberg,False,447200,0.74,0.7759941143125927
fine,dog,hypo,Leonberg,False,447200,0.75,0.7774040316358025
fine,dog,hypo,Leonberg,False,447200,0.76,0.778744636744926
fine,dog,hypo,Leonberg,False,447200,0.77,0.7797537290055182
fine,dog,hypo,Leonberg,False,447200,0.78,0.7810091522157996
fine,dog,hypo,Leonberg,False,447200,0.79,0.7821272088208387
fine,dog,hypo,Leonberg,False,447200,0.8,0.7830774414015498
fine,dog,hypo,Leonberg,True,447200,0.5,0.6969253115578503
fine,dog,hypo,Leonberg,True,447200,0.51,0.7023885039523763
fine,dog,hypo,Leonberg,True,447200,0.52,0.7075525754343188
fine,dog,hypo,Leonberg,True,447200,0.53,0.7126058612075794
fine,dog,hypo,Leonberg,True,447200,0.54,0.7184805378282262
fine,dog,hypo,Leonberg,True,447200,0.55,0.7246457958031063
fine,dog,hypo,Leonberg,True,447200,0.56,0.7293828542231846
fine,dog,hypo,Leonberg,True,447200,0.57,0.7332133563559425
fine,dog,hypo,Leonberg,True,447200,0.58,0.7372156328990861
fine,dog,hypo,Leonberg,True,447200,0.59,0.7409045079627312
fine,dog,hypo,Leonberg,True,447200,0.6,0.7437481790812858
fine,dog,hypo,Leonberg,True,447200,0.61,0.7464845124422174
fine,dog,hypo,Leonberg,True,447200,0.62,0.7491996507566938
fine,dog,hypo,Leonberg,True,447200,0.63,0.7518181818181818
fine,dog,hypo,Leonberg,True,447200,0.64,0.7538400038763446
fine,dog,hypo,Leonberg,True,447200,0.65,0.7563358963492159
fine,dog,hypo,Leonberg,True,447200,0.66,0.7587600915043755
fine,dog,hypo,Leonberg,True,447200,0.67,0.7612146140817808
fine,dog,hypo,Leonberg,True,447200,0.68,0.7636638452237001
fine,dog,hypo,Leonberg,True,447200,0.69,0.7656442607497643
fine,dog,hypo,Leonberg,True,447200,0.7,0.7682866427475568
fine,dog,hypo,Leonberg,True,447200,0.71,0.7707457856349321
fine,dog,hypo,Leonberg,True,447200,0.72,0.7728435893102865
fine,dog,hypo,Leonberg,True,447200,0.73,0.7743807535924134
fine,dog,hypo,Leonberg,True,447200,0.74,0.7758171511277289
fine,dog,hypo,Leonberg,True,447200,0.75,0.7773008428083967
fine,dog,hypo,Leonberg,True,447200,0.76,0.7785344100277208
fine,dog,hypo,Leonberg,True,447200,0.77,0.7796050649992169
fine,dog,hypo,Leonberg,True,447200,0.78,0.7807080924855492
fine,dog,hypo,Leonberg,True,447200,0.79,0.7819827627714382
fine,dog,hypo,Leonberg,True,447200,0.8,0.7830455447927321
fine,dog,hyper,domestic animal,False,447200,0.5,0.7555968124992465
fine,dog,hyper,domestic animal,False,447200,0.51,0.7569310511089682
fine,dog,hyper,domestic animal,False,447200,0.52,0.7580684036732628
fine,dog,hyper,domestic animal,False,447200,0.53,0.7592934003301642
fine,dog,hyper,domestic animal,False,447200,0.54,0.7605817077725701
fine,dog,hyper,domestic animal,False,447200,0.55,0.7617148914640904
fine,dog,hyper,domestic animal,False,447200,0.56,0.7628837422167624
fine,dog,hyper,domestic animal,False,447200,0.57,0.7637786742127762
fine,dog,hyper,domestic animal,False,447200,0.58,0.7648149485901419
fine,dog,hyper,domestic animal,False,447200,0.59,0.765827584961537
fine,dog,hyper,domestic animal,False,447200,0.6,0.7667762009653463
fine,dog,hyper,domestic animal,False,447200,0.61,0.767704359754997
fine,dog,hyper,domestic animal,False,447200,0.62,0.768342276872729
fine,dog,hyper,domestic animal,False,447200,0.63,0.7690845663418742
fine,dog,hyper,domestic animal,False,447200,0.64,0.7699135266455795
fine,dog,hyper,domestic animal,False,447200,0.65,0.7707171027318199
fine,dog,hyper,domestic animal,False,447200,0.66,0.7714797494680403
fine,dog,hyper,domestic animal,False,447200,0.67,0.7723672031830366
fine,dog,hyper,domestic animal,False,447200,0.68,0.7731746890210924
fine,dog,hyper,domestic animal,False,447200,0.69,0.7739059383336138
fine,dog,hyper,domestic animal,False,447200,0.7,0.7746795295361438
fine,dog,hyper,domestic animal,False,447200,0.71,0.7754780895637132
fine,dog,hyper,domestic animal,False,447200,0.72,0.7763551413094395
fine,dog,hyper,domestic animal,False,447200,0.73,0.7769465392189827
fine,dog,hyper,domestic animal,False,447200,0.74,0.7776096822995462
fine,dog,hyper,domestic animal,False,447200,0.75,0.7781979256698358
fine,dog,hyper,domestic animal,False,447200,0.76,0.7789433255719053
fine,dog,hyper,domestic animal,False,447200,0.77,0.7794805942922978
fine,dog,hyper,domestic animal,False,447200,0.78,0.7802671210684843
fine,dog,hyper,domestic animal,False,447200,0.79,0.7810467711358019
fine,dog,hyper,domestic animal,False,447200,0.8,0.7815978886756239
fine,dog,hyper,domestic animal,True,447200,0.5,0.7558888058442028
fine,dog,hyper,domestic animal,True,447200,0.51,0.7571564597972688
fine,dog,hyper,domestic animal,True,447200,0.52,0.7581760778926566
fine,dog,hyper,domestic animal,True,447200,0.53,0.7594857397611847
fine,dog,hyper,domestic animal,True,447200,0.54,0.7606799508469267
fine,dog,hyper,domestic animal,True,447200,0.55,0.7618313438768505
fine,dog,hyper,domestic animal,True,447200,0.56,0.7630970445841463
fine,dog,hyper,domestic animal,True,447200,0.57,0.7639317021481553
fine,dog,hyper,domestic animal,True,447200,0.58,0.764907718423809
fine,dog,hyper,domestic animal,True,447200,0.59,0.7658898305084746
fine,dog,hyper,domestic animal,True,447200,0.6,0.7668431820917078
fine,dog,hyper,domestic animal,True,447200,0.61,0.7678090103966114
fine,dog,hyper,domestic animal,True,447200,0.62,0.7685912629185365
fine,dog,hyper,domestic animal,True,447200,0.63,0.7691530439175779
fine,dog,hyper,domestic animal,True,447200,0.64,0.7700919968733089
fine,dog,hyper,domestic animal,True,447200,0.65,0.7710547833197057
fine,dog,hyper,domestic animal,True,447200,0.66,0.771758992113868
fine,dog,hyper,domestic animal,True,447200,0.67,0.7726065268345453
fine,dog,hyper,domestic animal,True,447200,0.68,0.7734576878237563
fine,dog,hyper,domestic animal,True,447200,0.69,0.7741741669570651
fine,dog,hyper,domestic animal,True,447200,0.7,0.7748209909173915
fine,dog,hyper,domestic animal,True,447200,0.71,0.7756315542902447
fine,dog,hyper,domestic animal,True,447200,0.72,0.776467338433638
fine,dog,hyper,domestic animal,True,447200,0.73,0.7771533556684319
fine,dog,hyper,domestic animal,True,447200,0.74,0.7778458139730337
fine,dog,hyper,domestic animal,True,447200,0.75,0.7784500144050706
fine,dog,hyper,domestic animal,True,447200,0.76,0.779003336613937
fine,dog,hyper,domestic animal,True,447200,0.77,0.7798406259750859
fine,dog,hyper,domestic animal,True,447200,0.78,0.7804977560179519
fine,dog,hyper,domestic animal,True,447200,0.79,0.7811570208273346
fine,dog,hyper,domestic animal,True,447200,0.8,0.7817350831314028
fine,dog,orig,dog,False,117525,0.5,0.8250355618776671
fine,dog,orig,dog,False,117525,0.51,0.824846316175796
fine,dog,orig,dog,False,117525,0.52,0.8246193359016695
fine,dog,orig,dog,False,117525,0.53,0.8246193359016695
fine,dog,orig,dog,False,117525,0.54,0.8246193359016695
fine,dog,orig,dog,False,117525,0.55,0.8246193359016695
fine,dog,orig,dog,False,117525,0.56,0.8245815180004586
fine,dog,orig,dog,False,117525,0.57,0.824468085106383
fine,dog,orig,dog,False,117525,0.58,0.8243546834166247
fine,dog,orig,dog,False,117525,0.59,0.8243168897854392
fine,dog,orig,dog,False,117525,0.6,0.8242115878254492
fine,dog,orig,dog,False,117525,0.61,0.8241279735985699
fine,dog,orig,dog,False,117525,0.62,0.8240604949587534
fine,dog,orig,dog,False,117525,0.63,0.8239013884433855
fine,dog,orig,dog,False,117525,0.64,0.8238258877434135
fine,dog,orig,dog,False,117525,0.65,0.8237126626351475
fine,dog,orig,dog,False,117525,0.66,0.8236371965185525
fine,dog,orig,dog,False,117525,0.67,0.8235617442286551
fine,dog,orig,dog,False,117525,0.68,0.8235240232675308
fine,dog,orig,dog,False,117525,0.69,0.8234108811137572
fine,dog,orig,dog,False,117525,0.7,0.8233731739707836
fine,dog,orig,dog,False,117525,0.71,0.8233731739707836
fine,dog,orig,dog,False,117525,0.72,0.8233354702811613
fine,dog,orig,dog,False,117525,0.73,0.823222379927659
fine,dog,orig,dog,False,117525,0.74,0.8231470036167193
fine,dog,orig,dog,False,117525,0.75,0.823071641107805
fine,dog,orig,dog,False,117525,0.76,0.8229962923971255
fine,dog,orig,dog,False,117525,0.77,0.8229586232149396
fine,dog,orig,dog,False,117525,0.78,0.8228079809628409
fine,dog,orig,dog,False,117525,0.79,0.8227326805161527
fine,dog,orig,dog,False,117525,0.8,0.8225068618481244
fine,dog,orig,dog,True,117525,0.5,0.8250355618776671
fine,dog,orig,dog,True,117525,0.51,0.824846316175796
fine,dog,orig,dog,True,117525,0.52,0.8246193359016695
fine,dog,orig,dog,True,117525,0.53,0.8246193359016695
fine,dog,orig,dog,True,117525,0.54,0.8246193359016695
fine,dog,orig,dog,True,117525,0.55,0.8246193359016695
fine,dog,orig,dog,True,117525,0.56,0.8245815180004586
fine,dog,orig,dog,True,117525,0.57,0.824468085106383
fine,dog,orig,dog,True,117525,0.58,0.8243546834166247
fine,dog,orig,dog,True,117525,0.59,0.8243168897854392
fine,dog,orig,dog,True,117525,0.6,0.8242115878254492
fine,dog,orig,dog,True,117525,0.61,0.8241279735985699
fine,dog,orig,dog,True,117525,0.62,0.8240604949587534
fine,dog,orig,dog,True,117525,0.63,0.8239013884433855
fine,dog,orig,dog,True,117525,0.64,0.8238258877434135
fine,dog,orig,dog,True,117525,0.65,0.8237126626351475
fine,dog,orig,dog,True,117525,0.66,0.8236371965185525
fine,dog,orig,dog,True,117525,0.67,0.8235617442286551
fine,dog,orig,dog,True,117525,0.68,0.8234863057616562
fine,dog,orig,dog,True,117525,0.69,0.8234108811137572
fine,dog,orig,dog,True,117525,0.7,0.8233731739707836
fine,dog,orig,dog,True,117525,0.71,0.8233731739707836
fine,dog,orig,dog,True,117525,0.72,0.8233354702811613
fine,dog,orig,dog,True,117525,0.73,0.823222379927659
fine,dog,orig,dog,True,117525,0.74,0.8231470036167193
fine,dog,orig,dog,True,117525,0.75,0.823071641107805
fine,dog,orig,dog,True,117525,0.76,0.8229962923971255
fine,dog,orig,dog,True,117525,0.77,0.8229586232149396
fine,dog,orig,dog,True,117525,0.78,0.8228079809628409
fine,dog,orig,dog,True,117525,0.79,0.822770329016611
fine,dog,orig,dog,True,117525,0.8,0.8224611161939616
fine,dog,syn,domestic dog,False,117525,0.5,0.821892138939671
fine,dog,syn,domestic dog,False,117525,0.51,0.8220424209179009
fine,dog,syn,domestic dog,False,117525,0.52,0.822117582518058
fine,dog,syn,domestic dog,False,117525,0.53,0.8221551684725461
fine,dog,syn,domestic dog,False,117525,0.54,0.8223807563909087
fine,dog,syn,domestic dog,False,117525,0.55,0.8224935967800951
fine,dog,syn,domestic dog,False,117525,0.56,0.8226817329246534
fine,dog,syn,domestic dog,False,117525,0.57,0.8228699551569507
fine,dog,syn,domestic dog,False,117525,0.58,0.8229452681676734
fine,dog,syn,domestic dog,False,117525,0.59,0.823020594965675
fine,dog,syn,domestic dog,False,117525,0.6,0.8230959355547418
fine,dog,syn,domestic dog,False,117525,0.61,0.8231255149684152
fine,dog,syn,domestic dog,False,117525,0.62,0.8232681653770432
fine,dog,syn,domestic dog,False,117525,0.63,0.8234647616430828
fine,dog,syn,domestic dog,False,117525,0.64,0.8234566770470783
fine,dog,syn,domestic dog,False,117525,0.65,0.8235321058898964
fine,dog,syn,domestic dog,False,117525,0.66,0.8235240232675308
fine,dog,syn,domestic dog,False,117525,0.67,0.8235994686455042
fine,dog,syn,domestic dog,False,117525,0.68,0.8237126626351475
fine,dog,syn,domestic dog,False,117525,0.69,0.8237881425822413
fine,dog,syn,domestic dog,False,117525,0.7,0.8239391439831363
fine,dog,syn,domestic dog,False,117525,0.71,0.8240146654445463
fine,dog,syn,domestic dog,False,117525,0.72,0.8242035296814119
fine,dog,syn,domestic dog,False,117525,0.73,0.8242413129183094
fine,dog,syn,domestic dog,False,117525,0.74,0.8243168897854392
fine,dog,syn,domestic dog,False,117525,0.75,0.8242629865664114
fine,dog,syn,domestic dog,False,117525,0.76,0.82441417893337
fine,dog,syn,domestic dog,False,117525,0.77,0.824527609612915
fine,dog,syn,domestic dog,False,117525,0.78,0.8246032474084947
fine,dog,syn,domestic dog,False,117525,0.79,0.8247545646389577
fine,dog,syn,domestic dog,False,117525,0.8,0.824943789290139
fine,dog,syn,domestic dog,True,117525,0.5,0.8217419118991044
fine,dog,syn,domestic dog,True,117525,0.51,0.8219672730596946
fine,dog,syn,domestic dog,True,117525,0.52,0.822117582518058
fine,dog,syn,domestic dog,True,117525,0.53,0.822117582518058
fine,dog,syn,domestic dog,True,117525,0.54,0.822305546664228
fine,dog,syn,domestic dog,True,117525,0.55,0.822455979876515
fine,dog,syn,domestic dog,True,117525,0.56,0.8226817329246534
fine,dog,syn,domestic dog,True,117525,0.57,0.8228699551569507
fine,dog,syn,domestic dog,True,117525,0.58,0.8229452681676734
fine,dog,syn,domestic dog,True,117525,0.59,0.823020594965675
fine,dog,syn,domestic dog,True,117525,0.6,0.8230501647748077
fine,dog,syn,domestic dog,True,117525,0.61,0.8231255149684152
fine,dog,syn,domestic dog,True,117525,0.62,0.8232681653770432
fine,dog,syn,domestic dog,True,117525,0.63,0.8233058608058608
fine,dog,syn,domestic dog,True,117525,0.64,0.8233812620203316
fine,dog,syn,domestic dog,True,117525,0.65,0.8234485917105564
fine,dog,syn,domestic dog,True,117525,0.66,0.8234863057616562
fine,dog,syn,domestic dog,True,117525,0.67,0.8236371965185525
fine,dog,syn,domestic dog,True,117525,0.68,0.8236749278482752
fine,dog,syn,domestic dog,True,117525,0.69,0.8237504008796445
fine,dog,syn,domestic dog,True,117525,0.7,0.8238636363636364
fine,dog,syn,domestic dog,True,117525,0.71,0.8240146654445463
fine,dog,syn,domestic dog,True,117525,0.72,0.8240902007516729
fine,dog,syn,domestic dog,True,117525,0.73,0.8242035296814119
fine,dog,syn,domestic dog,True,117525,0.74,0.8241496286788301
fine,dog,syn,domestic dog,True,117525,0.75,0.8242251971391894
fine,dog,syn,domestic dog,True,117525,0.76,0.8243385758173232
fine,dog,syn,domestic dog,True,117525,0.77,0.8244519856920114
fine,dog,syn,domestic dog,True,117525,0.78,0.8245654267761318
fine,dog,syn,domestic dog,True,117525,0.79,0.8246410715104812
fine,dog,syn,domestic dog,True,117525,0.8,0.824943789290139
fine,dog,hypo,Leonberg,False,117525,0.5,0.8393610044036354
fine,dog,hypo,Leonberg,False,117525,0.51,0.8384802545386487
fine,dog,hypo,Leonberg,False,117525,0.52,0.8379149135109865
fine,dog,hypo,Leonberg,False,117525,0.53,0.8374526935476335
fine,dog,hypo,Leonberg,False,117525,0.54,0.8368109041684171
fine,dog,hypo,Leonberg,False,117525,0.55,0.8361160339520567
fine,dog,hypo,Leonberg,False,117525,0.56,0.8353133007221057
fine,dog,hypo,Leonberg,False,117525,0.57,0.8345434236246858
fine,dog,hypo,Leonberg,False,117525,0.58,0.8339455940478958
fine,dog,hypo,Leonberg,False,117525,0.59,0.8334185214441708
fine,dog,hypo,Leonberg,False,117525,0.6,0.8328844725111442
fine,dog,hypo,Leonberg,False,117525,0.61,0.8323897911832947
fine,dog,hypo,Leonberg,False,117525,0.62,0.8318957521795586
fine,dog,hypo,Leonberg,False,117525,0.63,0.831448697747706
fine,dog,hypo,Leonberg,False,117525,0.64,0.830917426943917
fine,dog,hypo,Leonberg,False,117525,0.65,0.830502198565147
fine,dog,hypo,Leonberg,False,117525,0.66,0.8300106387899533
fine,dog,hypo,Leonberg,False,117525,0.67,0.8296652487516183
fine,dog,hypo,Leonberg,False,117525,0.68,0.8294892535243817
fine,dog,hypo,Leonberg,False,117525,0.69,0.8291905377933838
fine,dog,hypo,Leonberg,False,117525,0.7,0.8289607390300231
fine,dog,hypo,Leonberg,False,117525,0.71,0.8286545387385723
fine,dog,hypo,Leonberg,False,117525,0.72,0.8281574454339902
fine,dog,hypo,Leonberg,False,117525,0.73,0.8277834148141315
fine,dog,hypo,Leonberg,False,117525,0.74,0.8272873934086195
fine,dog,hypo,Leonberg,False,117525,0.75,0.8270364909694066
fine,dog,hypo,Leonberg,False,117525,0.76,0.8266795597918681
fine,dog,hypo,Leonberg,False,117525,0.77,0.8265273237880392
fine,dog,hypo,Leonberg,False,117525,0.78,0.8263530927835051
fine,dog,hypo,Leonberg,False,117525,0.79,0.8259589734155092
fine,dog,hypo,Leonberg,False,117525,0.8,0.8258230641898106
fine,dog,hypo,Leonberg,True,117525,0.5,0.8395651766469872
fine,dog,hypo,Leonberg,True,117525,0.51,0.838691562543872
fine,dog,hypo,Leonberg,True,117525,0.52,0.8380792069949035
fine,dog,hypo,Leonberg,True,117525,0.53,0.8376635514018692
fine,dog,hypo,Leonberg,True,117525,0.54,0.8369281045751634
fine,dog,hypo,Leonberg,True,117525,0.55,0.8361940298507463
fine,dog,hypo,Leonberg,True,117525,0.56,0.8354300624359333
fine,dog,hypo,Leonberg,True,117525,0.57,0.83474536821525
fine,dog,hypo,Leonberg,True,117525,0.58,0.8341549623290857
fine,dog,hypo,Leonberg,True,117525,0.59,0.8336199284286843
fine,dog,hypo,Leonberg,True,117525,0.6,0.8331165815141662
fine,dog,hypo,Leonberg,True,117525,0.61,0.8326989137498839
fine,dog,hypo,Leonberg,True,117525,0.62,0.8319729153139783
fine,dog,hypo,Leonberg,True,117525,0.63,0.8317570700046361
fine,dog,hypo,Leonberg,True,117525,0.64,0.831186880385435
fine,dog,hypo,Leonberg,True,117525,0.65,0.8306944444444444
fine,dog,hypo,Leonberg,True,117525,0.66,0.830279474366093
fine,dog,hypo,Leonberg,True,117525,0.67,0.829980111928218
fine,dog,hypo,Leonberg,True,117525,0.68,0.8296042899408284
fine,dog,hypo,Leonberg,True,117525,0.69,0.8293438077634011
fine,dog,hypo,Leonberg,True,117525,0.7,0.82899902997829
fine,dog,hypo,Leonberg,True,117525,0.71,0.8287693373354883
fine,dog,hypo,Leonberg,True,117525,0.72,0.8283867989845373
fine,dog,hypo,Leonberg,True,117525,0.73,0.828088954507705
fine,dog,hypo,Leonberg,True,117525,0.74,0.8275544079675397
fine,dog,hypo,Leonberg,True,117525,0.75,0.8271127085061285
fine,dog,hypo,Leonberg,True,117525,0.76,0.8270603952642005
fine,dog,hypo,Leonberg,True,117525,0.77,0.8266795597918681
fine,dog,hypo,Leonberg,True,117525,0.78,0.826505247652366
fine,dog,hypo,Leonberg,True,117525,0.79,0.8264150943396227
fine,dog,hypo,Leonberg,True,117525,0.8,0.8260129696913949
fine,dog,hyper,domestic animal,False,117525,0.5,0.8223777503316408
fine,dog,hyper,domestic animal,False,117525,0.51,0.8223025202396743
fine,dog,hyper,domestic animal,False,117525,0.52,0.8224529941900361
fine,dog,hyper,domestic animal,False,117525,0.53,0.8223777503316408
fine,dog,hyper,domestic animal,False,117525,0.54,0.8223777503316408
fine,dog,hyper,domestic animal,False,117525,0.55,0.822385875034306
fine,dog,hyper,domestic animal,False,117525,0.56,0.822385875034306
fine,dog,hyper,domestic animal,False,117525,0.57,0.8224234938932345
fine,dog,hyper,domestic animal,False,117525,0.58,0.8224234938932345
fine,dog,hyper,domestic animal,False,117525,0.59,0.8224234938932345
fine,dog,hyper,domestic animal,False,117525,0.6,0.8224234938932345
fine,dog,hyper,domestic animal,False,117525,0.61,0.8223563849249909
fine,dog,hyper,domestic animal,False,117525,0.62,0.8222811671087533
fine,dog,hyper,domestic animal,False,117525,0.63,0.8221683661804381
fine,dog,hyper,domestic animal,False,117525,0.64,0.8221683661804381
fine,dog,hyper,domestic animal,False,117525,0.65,0.822214093008368
fine,dog,hyper,domestic animal,False,117525,0.66,0.8222892943705127
fine,dog,hyper,domestic animal,False,117525,0.67,0.8222892943705127
fine,dog,hyper,domestic animal,False,117525,0.68,0.8223563849249909
fine,dog,hyper,domestic animal,False,117525,0.69,0.8224316165035221
fine,dog,hyper,domestic animal,False,117525,0.7,0.8224316165035221
fine,dog,hyper,domestic animal,False,117525,0.71,0.8225068618481244
fine,dog,hyper,domestic animal,False,117525,0.72,0.8225821209625767
fine,dog,hyper,domestic animal,False,117525,0.73,0.8227326805161527
fine,dog,hyper,domestic animal,False,117525,0.74,0.822770329016611
fine,dog,hyper,domestic animal,False,117525,0.75,0.8228537433644517
fine,dog,hyper,domestic animal,False,117525,0.76,0.822778438729752
fine,dog,hyper,domestic animal,False,117525,0.77,0.8228160893241202
fine,dog,hyper,domestic animal,False,117525,0.78,0.8228914008512196
fine,dog,hyper,domestic animal,False,117525,0.79,0.8228914008512196
fine,dog,hyper,domestic animal,False,117525,0.8,0.8228914008512196
fine,dog,hyper,domestic animal,True,117525,0.5,0.8221521013399186
fine,dog,hyper,domestic animal,True,117525,0.51,0.8221897009055155
fine,dog,hyper,domestic animal,True,117525,0.52,0.8221521013399186
fine,dog,hyper,domestic animal,True,117525,0.53,0.8220769125245782
fine,dog,hyper,domestic animal,True,117525,0.54,0.8221145052130968
fine,dog,hyper,domestic animal,True,117525,0.55,0.8220017374605643
fine,dog,hyper,domestic animal,True,117525,0.56,0.8221226393525081
fine,dog,hyper,domestic animal,True,117525,0.57,0.822047460106991
fine,dog,hyper,domestic animal,True,117525,0.58,0.8220850480109739
fine,dog,hyper,domestic animal,True,117525,0.59,0.8220850480109739
fine,dog,hyper,domestic animal,True,117525,0.6,0.8220850480109739
fine,dog,hyper,domestic animal,True,117525,0.61,0.822047460106991
fine,dog,hyper,domestic animal,True,117525,0.62,0.8219722946097929
fine,dog,hyper,domestic animal,True,117525,0.63,0.8219428571428572
fine,dog,hyper,domestic animal,True,117525,0.64,0.8219052843298592
fine,dog,hyper,domestic animal,True,117525,0.65,0.8219052843298592
fine,dog,hyper,domestic animal,True,117525,0.66,0.8219885714285714
fine,dog,hyper,domestic animal,True,117525,0.67,0.8220261497668465
fine,dog,hyper,domestic animal,True,117525,0.68,0.8220261497668465
fine,dog,hyper,domestic animal,True,117525,0.69,0.8220180130754812
fine,dog,hyper,domestic animal,True,117525,0.7,0.8219804333912407
fine,dog,hyper,domestic animal,True,117525,0.71,0.8219804333912407
fine,dog,hyper,domestic animal,True,117525,0.72,0.8220555961960497
fine,dog,hyper,domestic animal,True,117525,0.73,0.8221307727480567
fine,dog,hyper,domestic animal,True,117525,0.74,0.8222435633603147
fine,dog,hyper,domestic animal,True,117525,0.75,0.8223563849249909
fine,dog,hyper,domestic animal,True,117525,0.76,0.8224021222100256
fine,dog,hyper,domestic animal,True,117525,0.77,0.8224021222100256
fine,dog,hyper,domestic animal,True,117525,0.78,0.8224397383707633
fine,dog,hyper,domestic animal,True,117525,0.79,0.822514981016422
fine,dog,hyper,domestic animal,True,117525,0.8,0.8225902374308065
fine,dog,orig,dog,False,235399,0.5,0.8170388033817473
fine,dog,orig,dog,False,235399,0.51,0.8170784568703945
fine,dog,orig,dog,False,235399,0.52,0.8170784568703945
fine,dog,orig,dog,False,235399,0.53,0.8170784568703945
fine,dog,orig,dog,False,235399,0.54,0.8170784568703945
fine,dog,orig,dog,False,235399,0.55,0.8170784568703945
fine,dog,orig,dog,False,235399,0.56,0.8170784568703945
fine,dog,orig,dog,False,235399,0.57,0.8170784568703945
fine,dog,orig,dog,False,235399,0.58,0.8170784568703945
fine,dog,orig,dog,False,235399,0.59,0.8169014084507042
fine,dog,orig,dog,False,235399,0.6,0.8167244367417678
fine,dog,orig,dog,False,235399,0.61,0.8167244367417678
fine,dog,orig,dog,False,235399,0.62,0.8167244367417678
fine,dog,orig,dog,False,235399,0.63,0.8167244367417678
fine,dog,orig,dog,False,235399,0.64,0.8165475416937406
fine,dog,orig,dog,False,235399,0.65,0.8163707232568211
fine,dog,orig,dog,False,235399,0.66,0.8165475416937406
fine,dog,orig,dog,False,235399,0.67,0.8165475416937406
fine,dog,orig,dog,False,235399,0.68,0.8165475416937406
fine,dog,orig,dog,False,235399,0.69,0.8163707232568211
fine,dog,orig,dog,False,235399,0.7,0.8163707232568211
fine,dog,orig,dog,False,235399,0.71,0.8165872672152447
fine,dog,orig,dog,False,235399,0.72,0.8165872672152447
fine,dog,orig,dog,False,235399,0.73,0.8164104784585408
fine,dog,orig,dog,False,235399,0.74,0.8164104784585408
fine,dog,orig,dog,False,235399,0.75,0.8162735338671283
fine,dog,orig,dog,False,235399,0.76,0.8162735338671283
fine,dog,orig,dog,False,235399,0.77,0.816489937243021
fine,dog,orig,dog,False,235399,0.78,0.816489937243021
fine,dog,orig,dog,False,235399,0.79,0.8167063406189137
fine,dog,orig,dog,False,235399,0.8,0.8170995670995671
fine,dog,orig,dog,True,235399,0.5,0.8170388033817473
fine,dog,orig,dog,True,235399,0.51,0.8170784568703945
fine,dog,orig,dog,True,235399,0.52,0.8170784568703945
fine,dog,orig,dog,True,235399,0.53,0.8170784568703945
fine,dog,orig,dog,True,235399,0.54,0.8170784568703945
fine,dog,orig,dog,True,235399,0.55,0.8170784568703945
fine,dog,orig,dog,True,235399,0.56,0.8170784568703945
fine,dog,orig,dog,True,235399,0.57,0.8170784568703945
fine,dog,orig,dog,True,235399,0.58,0.8170784568703945
fine,dog,orig,dog,True,235399,0.59,0.8169014084507042
fine,dog,orig,dog,True,235399,0.6,0.8167244367417678
fine,dog,orig,dog,True,235399,0.61,0.8167244367417678
fine,dog,orig,dog,True,235399,0.62,0.8167244367417678
fine,dog,orig,dog,True,235399,0.63,0.8167244367417678
fine,dog,orig,dog,True,235399,0.64,0.8165475416937406
fine,dog,orig,dog,True,235399,0.65,0.8163707232568211
fine,dog,orig,dog,True,235399,0.66,0.8165475416937406
fine,dog,orig,dog,True,235399,0.67,0.8165475416937406
fine,dog,orig,dog,True,235399,0.68,0.8165475416937406
fine,dog,orig,dog,True,235399,0.69,0.8163707232568211
fine,dog,orig,dog,True,235399,0.7,0.8163707232568211
fine,dog,orig,dog,True,235399,0.71,0.8165872672152447
fine,dog,orig,dog,True,235399,0.72,0.8165872672152447
fine,dog,orig,dog,True,235399,0.73,0.8164104784585408
fine,dog,orig,dog,True,235399,0.74,0.8164104784585408
fine,dog,orig,dog,True,235399,0.75,0.8162735338671283
fine,dog,orig,dog,True,235399,0.76,0.8162735338671283
fine,dog,orig,dog,True,235399,0.77,0.816489937243021
fine,dog,orig,dog,True,235399,0.78,0.816489937243021
fine,dog,orig,dog,True,235399,0.79,0.8167063406189137
fine,dog,orig,dog,True,235399,0.8,0.8170995670995671
fine,dog,syn,domestic dog,False,235399,0.5,0.8177275689767542
fine,dog,syn,domestic dog,False,235399,0.51,0.8177671589921807
fine,dog,syn,domestic dog,False,235399,0.52,0.8174120712114633
fine,dog,syn,domestic dog,False,235399,0.53,0.817629179331307
fine,dog,syn,domestic dog,False,235399,0.54,0.8170969841614233
fine,dog,syn,domestic dog,False,235399,0.55,0.8171366594360087
fine,dog,syn,domestic dog,False,235399,0.56,0.8167425721101713
fine,dog,syn,domestic dog,False,235399,0.57,0.8165654813529922
fine,dog,syn,domestic dog,False,235399,0.58,0.8167823070251518
fine,dog,syn,domestic dog,False,235399,0.59,0.8167823070251518
fine,dog,syn,domestic dog,False,235399,0.6,0.8168220247127682
fine,dog,syn,domestic dog,False,235399,0.61,0.816861725184222
fine,dog,syn,domestic dog,False,235399,0.62,0.8169014084507042
fine,dog,syn,domestic dog,False,235399,0.63,0.8169014084507042
fine,dog,syn,domestic dog,False,235399,0.64,0.8167244367417678
fine,dog,syn,domestic dog,False,235399,0.65,0.8167244367417678
fine,dog,syn,domestic dog,False,235399,0.66,0.8165475416937406
fine,dog,syn,domestic dog,False,235399,0.67,0.8163707232568211
fine,dog,syn,domestic dog,False,235399,0.68,0.8163707232568211
fine,dog,syn,domestic dog,False,235399,0.69,0.816017316017316
fine,dog,syn,domestic dog,False,235399,0.7,0.815840727115343
fine,dog,syn,domestic dog,False,235399,0.71,0.8160571304912356
fine,dog,syn,domestic dog,False,235399,0.72,0.8162735338671283
fine,dog,syn,domestic dog,False,235399,0.73,0.8162735338671283
fine,dog,syn,domestic dog,False,235399,0.74,0.816489937243021
fine,dog,syn,domestic dog,False,235399,0.75,0.816313284292514
fine,dog,syn,domestic dog,False,235399,0.76,0.8161764705882353
fine,dog,syn,domestic dog,False,235399,0.77,0.8163927335640139
fine,dog,syn,domestic dog,False,235399,0.78,0.8162559446606139
fine,dog,syn,domestic dog,False,235399,0.79,0.8160795331748433
fine,dog,syn,domestic dog,False,235399,0.8,0.8161192739844425
fine,dog,syn,domestic dog,True,235399,0.5,0.8177275689767542
fine,dog,syn,domestic dog,True,235399,0.51,0.8177671589921807
fine,dog,syn,domestic dog,True,235399,0.52,0.8178067318132465
fine,dog,syn,domestic dog,True,235399,0.53,0.8172743055555556
fine,dog,syn,domestic dog,True,235399,0.54,0.8169197396963124
fine,dog,syn,domestic dog,True,235399,0.55,0.8171366594360087
fine,dog,syn,domestic dog,True,235399,0.56,0.8169594448058989
fine,dog,syn,domestic dog,True,235399,0.57,0.8167823070251518
fine,dog,syn,domestic dog,True,235399,0.58,0.8167823070251518
fine,dog,syn,domestic dog,True,235399,0.59,0.8169991326973114
fine,dog,syn,domestic dog,True,235399,0.6,0.816861725184222
fine,dog,syn,domestic dog,True,235399,0.61,0.8169014084507042
fine,dog,syn,domestic dog,True,235399,0.62,0.8169014084507042
fine,dog,syn,domestic dog,True,235399,0.63,0.8167244367417678
fine,dog,syn,domestic dog,True,235399,0.64,0.8167244367417678
fine,dog,syn,domestic dog,True,235399,0.65,0.8165475416937406
fine,dog,syn,domestic dog,True,235399,0.66,0.8165475416937406
fine,dog,syn,domestic dog,True,235399,0.67,0.8163707232568211
fine,dog,syn,domestic dog,True,235399,0.68,0.816017316017316
fine,dog,syn,domestic dog,True,235399,0.69,0.815840727115343
fine,dog,syn,domestic dog,True,235399,0.7,0.8160571304912356
fine,dog,syn,domestic dog,True,235399,0.71,0.8160571304912356
fine,dog,syn,domestic dog,True,235399,0.72,0.8162735338671283
fine,dog,syn,domestic dog,True,235399,0.73,0.816489937243021
fine,dog,syn,domestic dog,True,235399,0.74,0.816313284292514
fine,dog,syn,domestic dog,True,235399,0.75,0.8163530175210902
fine,dog,syn,domestic dog,True,235399,0.76,0.8163927335640139
fine,dog,syn,domestic dog,True,235399,0.77,0.8162162162162162
fine,dog,syn,domestic dog,True,235399,0.78,0.8162559446606139
fine,dog,syn,domestic dog,True,235399,0.79,0.8164721141374838
fine,dog,syn,domestic dog,True,235399,0.8,0.8159429682436812
fine,dog,hypo,Leonberg,False,235399,0.5,0.8193036579991185
fine,dog,hypo,Leonberg,False,235399,0.51,0.8196432503853777
fine,dog,hypo,Leonberg,False,235399,0.52,0.81948109058927
fine,dog,hypo,Leonberg,False,235399,0.53,0.8197406023301824
fine,dog,hypo,Leonberg,False,235399,0.54,0.8191792846170727
fine,dog,hypo,Leonberg,False,235399,0.55,0.8179627601314349
fine,dog,hypo,Leonberg,False,235399,0.56,0.8179829359002406
fine,dog,hypo,Leonberg,False,235399,0.57,0.8181023174464364
fine,dog,hypo,Leonberg,False,235399,0.58,0.8188374125874126
fine,dog,hypo,Leonberg,False,235399,0.59,0.8196506550218341
fine,dog,hypo,Leonberg,False,235399,0.6,0.8197293758184199
fine,dog,hypo,Leonberg,False,235399,0.61,0.8192324465765373
fine,dog,hypo,Leonberg,False,235399,0.62,0.8192115007623612
fine,dog,hypo,Leonberg,False,235399,0.63,0.8193295602960383
fine,dog,hypo,Leonberg,False,235399,0.64,0.8187948662170981
fine,dog,hypo,Leonberg,False,235399,0.65,0.8189524016518148
fine,dog,hypo,Leonberg,False,235399,0.66,0.8191697457074549
fine,dog,hypo,Leonberg,False,235399,0.67,0.8194263363754889
fine,dog,hypo,Leonberg,False,235399,0.68,0.8181423611111112
fine,dog,hypo,Leonberg,False,235399,0.69,0.8177874186550976
fine,dog,hypo,Leonberg,False,235399,0.7,0.8174723607197052
fine,dog,hypo,Leonberg,False,235399,0.71,0.8174723607197052
fine,dog,hypo,Leonberg,False,235399,0.72,0.817295188556567
fine,dog,hypo,Leonberg,False,235399,0.73,0.817157712305026
fine,dog,hypo,Leonberg,False,235399,0.74,0.8169410745233969
fine,dog,hypo,Leonberg,False,235399,0.75,0.8168038111736683
fine,dog,hypo,Leonberg,False,235399,0.76,0.8164502164502164
fine,dog,hypo,Leonberg,False,235399,0.77,0.8160969277369104
fine,dog,hypo,Leonberg,False,235399,0.78,0.8160969277369104
fine,dog,hypo,Leonberg,False,235399,0.79,0.8159203980099502
fine,dog,hypo,Leonberg,False,235399,0.8,0.8157040882543802
fine,dog,hypo,Leonberg,True,235399,0.5,0.8193036579991185
fine,dog,hypo,Leonberg,True,235399,0.51,0.8196432503853777
fine,dog,hypo,Leonberg,True,235399,0.52,0.81948109058927
fine,dog,hypo,Leonberg,True,235399,0.53,0.8197406023301824
fine,dog,hypo,Leonberg,True,235399,0.54,0.8189995612110574
fine,dog,hypo,Leonberg,True,235399,0.55,0.8179627601314349
fine,dog,hypo,Leonberg,True,235399,0.56,0.8179829359002406
fine,dog,hypo,Leonberg,True,235399,0.57,0.8178836904241364
fine,dog,hypo,Leonberg,True,235399,0.58,0.818876993663972
fine,dog,hypo,Leonberg,True,235399,0.59,0.8196506550218341
fine,dog,hypo,Leonberg,True,235399,0.6,0.819511130510694
fine,dog,hypo,Leonberg,True,235399,0.61,0.8194898626553303
fine,dog,hypo,Leonberg,True,235399,0.62,0.8190331010452961
fine,dog,hypo,Leonberg,True,235399,0.63,0.8193295602960383
fine,dog,hypo,Leonberg,True,235399,0.64,0.8188342757720748
fine,dog,hypo,Leonberg,True,235399,0.65,0.8189524016518148
fine,dog,hypo,Leonberg,True,235399,0.66,0.8193478260869566
fine,dog,hypo,Leonberg,True,235399,0.67,0.8188138170758201
fine,dog,hypo,Leonberg,True,235399,0.68,0.8181423611111112
fine,dog,hypo,Leonberg,True,235399,0.69,0.8181818181818182
fine,dog,hypo,Leonberg,True,235399,0.7,0.8174723607197052
fine,dog,hypo,Leonberg,True,235399,0.71,0.817295188556567
fine,dog,hypo,Leonberg,True,235399,0.72,0.8171180931744312
fine,dog,hypo,Leonberg,True,235399,0.73,0.8173347778981582
fine,dog,hypo,Leonberg,True,235399,0.74,0.8165872672152447
fine,dog,hypo,Leonberg,True,235399,0.75,0.8168038111736683
fine,dog,hypo,Leonberg,True,235399,0.76,0.8164502164502164
fine,dog,hypo,Leonberg,True,235399,0.77,0.8162735338671283
fine,dog,hypo,Leonberg,True,235399,0.78,0.8159203980099502
fine,dog,hypo,Leonberg,True,235399,0.79,0.8158805711813067
fine,dog,hypo,Leonberg,True,235399,0.8,0.8158805711813067
fine,dog,hyper,domestic animal,False,235399,0.5,0.8179448185965674
fine,dog,hyper,domestic animal,False,235399,0.51,0.8175499565595135
fine,dog,hyper,domestic animal,False,235399,0.52,0.8173327541268463
fine,dog,hyper,domestic animal,False,235399,0.53,0.8171552660152008
fine,dog,hyper,domestic animal,False,235399,0.54,0.8173724212812161
fine,dog,hyper,domestic animal,False,235399,0.55,0.8168402777777778
fine,dog,hyper,domestic animal,False,235399,0.56,0.8168800173573443
fine,dog,hyper,domestic animal,False,235399,0.57,0.817353579175705
fine,dog,hyper,domestic animal,False,235399,0.58,0.8171763175016266
fine,dog,hyper,domestic animal,False,235399,0.59,0.8173931901973541
fine,dog,hyper,domestic animal,False,235399,0.6,0.8173931901973541
fine,dog,hyper,domestic animal,False,235399,0.61,0.8172159583694709
fine,dog,hyper,domestic animal,False,235399,0.62,0.8170784568703945
fine,dog,hyper,domestic animal,False,235399,0.63,0.8170784568703945
fine,dog,hyper,domestic animal,False,235399,0.64,0.8169014084507042
fine,dog,hyper,domestic animal,False,235399,0.65,0.8165475416937406
fine,dog,hyper,domestic animal,False,235399,0.66,0.8165077989601387
fine,dog,hyper,domestic animal,False,235399,0.67,0.8161541792983976
fine,dog,hyper,domestic animal,False,235399,0.68,0.8161541792983976
fine,dog,hyper,domestic animal,False,235399,0.69,0.8159774843039619
fine,dog,hyper,domestic animal,False,235399,0.7,0.8161939813812513
fine,dog,hyper,domestic animal,False,235399,0.71,0.8162337662337662
fine,dog,hyper,domestic animal,False,235399,0.72,0.8160571304912356
fine,dog,hyper,domestic animal,False,235399,0.73,0.8157040882543802
fine,dog,hyper,domestic animal,False,235399,0.74,0.8150951557093425
fine,dog,hyper,domestic animal,False,235399,0.75,0.8151351351351351
fine,dog,hyper,domestic animal,False,235399,0.76,0.8151351351351351
fine,dog,hyper,domestic animal,False,235399,0.77,0.8153513513513514
fine,dog,hyper,domestic animal,False,235399,0.78,0.8155276816608996
fine,dog,hyper,domestic animal,False,235399,0.79,0.8157040882543802
fine,dog,hyper,domestic animal,False,235399,0.8,0.8158805711813067
fine,dog,hyper,domestic animal,True,235399,0.5,0.8179448185965674
fine,dog,hyper,domestic animal,True,235399,0.51,0.8179448185965674
fine,dog,hyper,domestic animal,True,235399,0.52,0.8173327541268463
fine,dog,hyper,domestic animal,True,235399,0.53,0.8173327541268463
fine,dog,hyper,domestic animal,True,235399,0.54,0.8173724212812161
fine,dog,hyper,domestic animal,True,235399,0.55,0.8173724212812161
fine,dog,hyper,domestic animal,True,235399,0.56,0.8171949630916197
fine,dog,hyper,domestic animal,True,235399,0.57,0.8169197396963124
fine,dog,hyper,domestic animal,True,235399,0.58,0.817353579175705
fine,dog,hyper,domestic animal,True,235399,0.59,0.8175704989154013
fine,dog,hyper,domestic animal,True,235399,0.6,0.8173931901973541
fine,dog,hyper,domestic animal,True,235399,0.61,0.8173931901973541
fine,dog,hyper,domestic animal,True,235399,0.62,0.8174327840416306
fine,dog,hyper,domestic animal,True,235399,0.63,0.8171180931744312
fine,dog,hyper,domestic animal,True,235399,0.64,0.8169014084507042
fine,dog,hyper,domestic animal,True,235399,0.65,0.8165475416937406
fine,dog,hyper,domestic animal,True,235399,0.66,0.8167244367417678
fine,dog,hyper,domestic animal,True,235399,0.67,0.8163309508338749
fine,dog,hyper,domestic animal,True,235399,0.68,0.8163309508338749
fine,dog,hyper,domestic animal,True,235399,0.69,0.8161541792983976
fine,dog,hyper,domestic animal,True,235399,0.7,0.8159774843039619
fine,dog,hyper,domestic animal,True,235399,0.71,0.816017316017316
fine,dog,hyper,domestic animal,True,235399,0.72,0.8162337662337662
fine,dog,hyper,domestic animal,True,235399,0.73,0.8158805711813067
fine,dog,hyper,domestic animal,True,235399,0.74,0.8156642146257032
fine,dog,hyper,domestic animal,True,235399,0.75,0.8154877784988103
fine,dog,hyper,domestic animal,True,235399,0.76,0.8154877784988103
fine,dog,hyper,domestic animal,True,235399,0.77,0.8150951557093425
fine,dog,hyper,domestic animal,True,235399,0.78,0.8151351351351351
fine,dog,hyper,domestic animal,True,235399,0.79,0.8154877784988103
fine,dog,hyper,domestic animal,True,235399,0.8,0.8156642146257032
fine,giraffe,orig,giraffe,False,471567,0.5,0.6315335305719921
fine,giraffe,orig,giraffe,False,471567,0.51,0.6315075810494309
fine,giraffe,orig,giraffe,False,471567,0.52,0.6315281258988371
fine,giraffe,orig,giraffe,False,471567,0.53,0.6315075810494309
fine,giraffe,orig,giraffe,False,471567,0.54,0.6315411008156473
fine,giraffe,orig,giraffe,False,471567,0.55,0.6314946070878275
fine,giraffe,orig,giraffe,False,471567,0.56,0.6314946070878275
fine,giraffe,orig,giraffe,False,471567,0.57,0.6315281258988371
fine,giraffe,orig,giraffe,False,471567,0.58,0.6315670522487724
fine,giraffe,orig,giraffe,False,471567,0.59,0.6315594822272447
fine,giraffe,orig,giraffe,False,471567,0.6,0.6315594822272447
fine,giraffe,orig,giraffe,False,471567,0.61,0.6315724588547125
fine,giraffe,orig,giraffe,False,471567,0.62,0.6315594822272447
fine,giraffe,orig,giraffe,False,471567,0.63,0.6315594822272447
fine,giraffe,orig,giraffe,False,471567,0.64,0.6315465061330156
fine,giraffe,orig,giraffe,False,471567,0.65,0.6314870362000247
fine,giraffe,orig,giraffe,False,471567,0.66,0.6315465061330156
fine,giraffe,orig,giraffe,False,471567,0.67,0.6316373499917803
fine,giraffe,orig,giraffe,False,471567,0.68,0.6316113919368759
fine,giraffe,orig,giraffe,False,471567,0.69,0.6317044100119189
fine,giraffe,orig,giraffe,False,471567,0.7,0.6317379420891474
fine,giraffe,orig,giraffe,False,471567,0.71,0.6318158462645155
fine,giraffe,orig,giraffe,False,471567,0.72,0.6318288321617955
fine,giraffe,orig,giraffe,False,471567,0.73,0.6318548055578393
fine,giraffe,orig,giraffe,False,471567,0.74,0.631893769656108
fine,giraffe,orig,giraffe,False,471567,0.75,0.6318807810894141
fine,giraffe,orig,giraffe,False,471567,0.76,0.6319717122710359
fine,giraffe,orig,giraffe,False,471567,0.77,0.632088662252745
fine,giraffe,orig,giraffe,False,471567,0.78,0.632166652957144
fine,giraffe,orig,giraffe,False,471567,0.79,0.6322186574531096
fine,giraffe,orig,giraffe,False,471567,0.8,0.6323432614777028
fine,giraffe,orig,giraffe,True,471567,0.5,0.6316016604331922
fine,giraffe,orig,giraffe,True,471567,0.51,0.6315627247508476
fine,giraffe,orig,giraffe,True,471567,0.52,0.6315367702960939
fine,giraffe,orig,giraffe,True,471567,0.53,0.6315443412509246
fine,giraffe,orig,giraffe,True,471567,0.54,0.6315443412509246
fine,giraffe,orig,giraffe,True,471567,0.55,0.6316168009205984
fine,giraffe,orig,giraffe,True,471567,0.56,0.6316838600961736
fine,giraffe,orig,giraffe,True,471567,0.57,0.6317206511016114
fine,giraffe,orig,giraffe,True,471567,0.58,0.6317390500071938
fine,giraffe,orig,giraffe,True,471567,0.59,0.6317260656883298
fine,giraffe,orig,giraffe,True,471567,0.6,0.6317260656883298
fine,giraffe,orig,giraffe,True,471567,0.61,0.6317650202462437
fine,giraffe,orig,giraffe,True,471567,0.62,0.6317650202462437
fine,giraffe,orig,giraffe,True,471567,0.63,0.6317574511819116
fine,giraffe,orig,giraffe,True,471567,0.64,0.631731480720217
fine,giraffe,orig,giraffe,True,471567,0.65,0.631731480720217
fine,giraffe,orig,giraffe,True,471567,0.66,0.631770437213509
fine,giraffe,orig,giraffe,True,471567,0.67,0.6317055123936367
fine,giraffe,orig,giraffe,True,471567,0.68,0.6317964108783687
fine,giraffe,orig,giraffe,True,471567,0.69,0.631829955186449
fine,giraffe,orig,giraffe,True,471567,0.7,0.6319024711154969
fine,giraffe,orig,giraffe,True,471567,0.71,0.6319934203762723
fine,giraffe,orig,giraffe,True,471567,0.72,0.632026977011967
fine,giraffe,orig,giraffe,True,471567,0.73,0.6320659661532767
fine,giraffe,orig,giraffe,True,471567,0.74,0.6321309587463497
fine,giraffe,orig,giraffe,True,471567,0.75,0.6322295351707117
fine,giraffe,orig,giraffe,True,471567,0.76,0.6322815533980582
fine,giraffe,orig,giraffe,True,471567,0.77,0.6323541512383773
fine,giraffe,orig,giraffe,True,471567,0.78,0.6325102880658436
fine,giraffe,orig,giraffe,True,471567,0.79,0.6325233029486204
fine,giraffe,orig,giraffe,True,471567,0.8,0.6325883853973742
fine,giraffe,syn,camelopard,False,471567,0.5,0.6314481682273698
fine,giraffe,syn,camelopard,False,471567,0.51,0.6314405996508882
fine,giraffe,syn,camelopard,False,471567,0.52,0.6314276326597668
fine,giraffe,syn,camelopard,False,471567,0.53,0.6314665352309367
fine,giraffe,syn,camelopard,False,471567,0.54,0.6313941310553012
fine,giraffe,syn,camelopard,False,471567,0.55,0.6314308599125095
fine,giraffe,syn,camelopard,False,471567,0.56,0.6314308599125095
fine,giraffe,syn,camelopard,False,471567,0.57,0.6314827366648181
fine,giraffe,syn,camelopard,False,471567,0.58,0.631495707184817
fine,giraffe,syn,camelopard,False,471567,0.59,0.6315529991783073
fine,giraffe,syn,camelopard,False,471567,0.6,0.6316103052964622
fine,giraffe,syn,camelopard,False,471567,0.61,0.6316362590401052
fine,giraffe,syn,camelopard,False,471567,0.62,0.6316027366301645
fine,giraffe,syn,camelopard,False,471567,0.63,0.6315508350966575
fine,giraffe,syn,camelopard,False,471567,0.64,0.6314913722267872
fine,giraffe,syn,camelopard,False,471567,0.65,0.6314113756342049
fine,giraffe,syn,camelopard,False,471567,0.66,0.6315281258988371
fine,giraffe,syn,camelopard,False,471567,0.67,0.6315854360154516
fine,giraffe,syn,camelopard,False,471567,0.68,0.6315648886331882
fine,giraffe,syn,camelopard,False,471567,0.69,0.6316535821447655
fine,giraffe,syn,camelopard,False,471567,0.7,0.6317444656841587
fine,giraffe,syn,camelopard,False,471567,0.71,0.6318223866790009
fine,giraffe,syn,camelopard,False,471567,0.72,0.6318873355263158
fine,giraffe,syn,camelopard,False,471567,0.73,0.6318364997121474
fine,giraffe,syn,camelopard,False,471567,0.74,0.6319144560970594
fine,giraffe,syn,camelopard,False,471567,0.75,0.6319740062105415
fine,giraffe,syn,camelopard,False,471567,0.76,0.632025995927853
fine,giraffe,syn,camelopard,False,471567,0.77,0.6321375678788876
fine,giraffe,syn,camelopard,False,471567,0.78,0.6321744497017074
fine,giraffe,syn,camelopard,False,471567,0.79,0.6322785070573227
fine,giraffe,syn,camelopard,False,471567,0.8,0.6323284288507048
fine,giraffe,syn,camelopard,True,471567,0.5,0.6314481682273698
fine,giraffe,syn,camelopard,True,471567,0.51,0.6314535671746005
fine,giraffe,syn,camelopard,True,471567,0.52,0.6313887348816197
fine,giraffe,syn,camelopard,True,471567,0.53,0.6314405996508882
fine,giraffe,syn,camelopard,True,471567,0.54,0.6313941310553012
fine,giraffe,syn,camelopard,True,471567,0.55,0.6314049247325078
fine,giraffe,syn,camelopard,True,471567,0.56,0.6313919579414301
fine,giraffe,syn,camelopard,True,471567,0.57,0.6314697666776208
fine,giraffe,syn,camelopard,True,471567,0.58,0.6315216498233506
fine,giraffe,syn,camelopard,True,471567,0.59,0.6315659730068407
fine,giraffe,syn,camelopard,True,471567,0.6,0.6315973292244479
fine,giraffe,syn,camelopard,True,471567,0.61,0.6316362590401052
fine,giraffe,syn,camelopard,True,471567,0.62,0.6315638096803353
fine,giraffe,syn,camelopard,True,471567,0.63,0.6315378610460578
fine,giraffe,syn,camelopard,True,471567,0.64,0.6314654287005464
fine,giraffe,syn,camelopard,True,471567,0.65,0.6314502875924404
fine,giraffe,syn,camelopard,True,471567,0.66,0.6315151515151515
fine,giraffe,syn,camelopard,True,471567,0.67,0.6315724588547125
fine,giraffe,syn,camelopard,True,471567,0.68,0.6315648886331882
fine,giraffe,syn,camelopard,True,471567,0.69,0.6316406009165827
fine,giraffe,syn,camelopard,True,471567,0.7,0.6317444656841587
fine,giraffe,syn,camelopard,True,471567,0.71,0.6318223866790009
fine,giraffe,syn,camelopard,True,471567,0.72,0.6318873355263158
fine,giraffe,syn,camelopard,True,471567,0.73,0.6318364997121474
fine,giraffe,syn,camelopard,True,471567,0.74,0.6319090310906399
fine,giraffe,syn,camelopard,True,471567,0.75,0.6319740062105415
fine,giraffe,syn,camelopard,True,471567,0.76,0.6320129976966107
fine,giraffe,syn,camelopard,True,471567,0.77,0.6320985622904626
fine,giraffe,syn,camelopard,True,471567,0.78,0.6321614449404456
fine,giraffe,syn,camelopard,True,471567,0.79,0.6322654980145258
fine,giraffe,syn,camelopard,True,471567,0.8,0.6323414413302054
fine,giraffe,hypo,okapi,False,471567,0.5,0.6287748235680289
fine,giraffe,hypo,okapi,False,471567,0.51,0.6286053996433038
fine,giraffe,hypo,okapi,False,471567,0.52,0.6285158250537745
fine,giraffe,hypo,okapi,False,471567,0.53,0.6282526358890368
fine,giraffe,hypo,okapi,False,471567,0.54,0.6281720694171579
fine,giraffe,hypo,okapi,False,471567,0.55,0.6279921437047342
fine,giraffe,hypo,okapi,False,471567,0.56,0.6279455081001473
fine,giraffe,hypo,okapi,False,471567,0.57,0.6278936605316974
fine,giraffe,hypo,okapi,False,471567,0.58,0.6277291683702674
fine,giraffe,hypo,okapi,False,471567,0.59,0.6275623863148644
fine,giraffe,hypo,okapi,False,471567,0.6,0.62741091860085
fine,giraffe,hypo,okapi,False,471567,0.61,0.6273848919393716
fine,giraffe,hypo,okapi,False,471567,0.62,0.6274794190345842
fine,giraffe,hypo,okapi,False,471567,0.63,0.6274101307189542
fine,giraffe,hypo,okapi,False,471567,0.64,0.6274433709838845
fine,giraffe,hypo,okapi,False,471567,0.65,0.6274253502716393
fine,giraffe,hypo,okapi,False,471567,0.66,0.6273688939715732
fine,giraffe,hypo,okapi,False,471567,0.67,0.6274481772694782
fine,giraffe,hypo,okapi,False,471567,0.68,0.6275991666326238
fine,giraffe,hypo,okapi,False,471567,0.69,0.6277041243641861
fine,giraffe,hypo,okapi,False,471567,0.7,0.6278371366115754
fine,giraffe,hypo,okapi,False,471567,0.71,0.6278371366115754
fine,giraffe,hypo,okapi,False,471567,0.72,0.6279088773112678
fine,giraffe,hypo,okapi,False,471567,0.73,0.627926933921785
fine,giraffe,hypo,okapi,False,471567,0.74,0.6281218066625792
fine,giraffe,hypo,okapi,False,471567,0.75,0.6280908979441697
fine,giraffe,hypo,okapi,False,471567,0.76,0.6283296195596623
fine,giraffe,hypo,okapi,False,471567,0.77,0.6285427998854852
fine,giraffe,hypo,okapi,False,471567,0.78,0.6287175291470648
fine,giraffe,hypo,okapi,False,471567,0.79,0.6288870703764321
fine,giraffe,hypo,okapi,False,471567,0.8,0.6289128033061909
fine,giraffe,hypo,okapi,True,471567,0.5,0.6288575180564675
fine,giraffe,hypo,okapi,True,471567,0.51,0.6286598868203067
fine,giraffe,hypo,okapi,True,471567,0.52,0.6286317256075072
fine,giraffe,hypo,okapi,True,471567,0.53,0.6284532366734247
fine,giraffe,hypo,okapi,True,471567,0.54,0.6283497451225254
fine,giraffe,hypo,okapi,True,471567,0.55,0.6282387131103926
fine,giraffe,hypo,okapi,True,471567,0.56,0.6281358706773071
fine,giraffe,hypo,okapi,True,471567,0.57,0.6280763486835376
fine,giraffe,hypo,okapi,True,471567,0.58,0.6281348443317105
fine,giraffe,hypo,okapi,True,471567,0.59,0.6279217193922415
fine,giraffe,hypo,okapi,True,471567,0.6,0.6276650109359988
fine,giraffe,hypo,okapi,True,471567,0.61,0.6276517473942367
fine,giraffe,hypo,okapi,True,471567,0.62,0.6276693573107183
fine,giraffe,hypo,okapi,True,471567,0.63,0.6276717479259472
fine,giraffe,hypo,okapi,True,471567,0.64,0.6276997895339096
fine,giraffe,hypo,okapi,True,471567,0.65,0.6276689209897227
fine,giraffe,hypo,okapi,True,471567,0.66,0.6276789180133614
fine,giraffe,hypo,okapi,True,471567,0.67,0.6276789180133614
fine,giraffe,hypo,okapi,True,471567,0.68,0.6277121725983738
fine,giraffe,hypo,okapi,True,471567,0.69,0.6278043398308202
fine,giraffe,hypo,okapi,True,471567,0.7,0.6279321618308132
fine,giraffe,hypo,okapi,True,471567,0.71,0.6279834886382214
fine,giraffe,hypo,okapi,True,471567,0.72,0.628088532831947
fine,giraffe,hypo,okapi,True,471567,0.73,0.6281270438194899
fine,giraffe,hypo,okapi,True,471567,0.74,0.628198839015616
fine,giraffe,hypo,okapi,True,471567,0.75,0.628250204415372
fine,giraffe,hypo,okapi,True,471567,0.76,0.6284119487210943
fine,giraffe,hypo,okapi,True,471567,0.77,0.6286532365272522
fine,giraffe,hypo,okapi,True,471567,0.78,0.6287046695710867
fine,giraffe,hypo,okapi,True,471567,0.79,0.6288514259994271
fine,giraffe,hypo,okapi,True,471567,0.8,0.6289543687333743
fine,giraffe,hyper,ruminant,False,471567,0.5,0.6476836015034418
fine,giraffe,hyper,ruminant,False,471567,0.51,0.6469062381374162
fine,giraffe,hyper,ruminant,False,471567,0.52,0.6462322779076871
fine,giraffe,hyper,ruminant,False,471567,0.53,0.6455808080808081
fine,giraffe,hyper,ruminant,False,471567,0.54,0.6448162081503122
fine,giraffe,hyper,ruminant,False,471567,0.55,0.6442909335237056
fine,giraffe,hyper,ruminant,False,471567,0.56,0.643910626245673
fine,giraffe,hyper,ruminant,False,471567,0.57,0.6433916780211718
fine,giraffe,hyper,ruminant,False,471567,0.58,0.6429020232061324
fine,giraffe,hyper,ruminant,False,471567,0.59,0.6424520206776753
fine,giraffe,hyper,ruminant,False,471567,0.6,0.6420922742293053
fine,giraffe,hyper,ruminant,False,471567,0.61,0.6413561163101604
fine,giraffe,hyper,ruminant,False,471567,0.62,0.6409962005761763
fine,giraffe,hyper,ruminant,False,471567,0.63,0.6405924071756363
fine,giraffe,hyper,ruminant,False,471567,0.64,0.6403035167080111
fine,giraffe,hyper,ruminant,False,471567,0.65,0.6399583333333333
fine,giraffe,hyper,ruminant,False,471567,0.66,0.6395261689636508
fine,giraffe,hyper,ruminant,False,471567,0.67,0.6392617100526459
fine,giraffe,hyper,ruminant,False,471567,0.68,0.6389634159023315
fine,giraffe,hyper,ruminant,False,471567,0.69,0.6386065556733387
fine,giraffe,hyper,ruminant,False,471567,0.7,0.6382956622901779
fine,giraffe,hyper,ruminant,False,471567,0.71,0.6380248349183936
fine,giraffe,hyper,ruminant,False,471567,0.72,0.6376616099777949
fine,giraffe,hyper,ruminant,False,471567,0.73,0.6372742166276104
fine,giraffe,hyper,ruminant,False,471567,0.74,0.6370457890263872
fine,giraffe,hyper,ruminant,False,471567,0.75,0.6366649404453651
fine,giraffe,hyper,ruminant,False,471567,0.76,0.6363956353396691
fine,giraffe,hyper,ruminant,False,471567,0.77,0.6361058796746621
fine,giraffe,hyper,ruminant,False,471567,0.78,0.6359347844078458
fine,giraffe,hyper,ruminant,False,471567,0.79,0.6357318662226726
fine,giraffe,hyper,ruminant,False,471567,0.8,0.6354427239461661
fine,giraffe,hyper,ruminant,True,471567,0.5,0.6473145510182547
fine,giraffe,hyper,ruminant,True,471567,0.51,0.6466743965426373
fine,giraffe,hyper,ruminant,True,471567,0.52,0.6459811745877992
fine,giraffe,hyper,ruminant,True,471567,0.53,0.645330248212032
fine,giraffe,hyper,ruminant,True,471567,0.54,0.6447166600130271
fine,giraffe,hyper,ruminant,True,471567,0.55,0.6441990805852348
fine,giraffe,hyper,ruminant,True,471567,0.56,0.6437425281570502
fine,giraffe,hyper,ruminant,True,471567,0.57,0.6431834374083232
fine,giraffe,hyper,ruminant,True,471567,0.58,0.6427150723363273
fine,giraffe,hyper,ruminant,True,471567,0.59,0.6423266032011716
fine,giraffe,hyper,ruminant,True,471567,0.6,0.641804460982085
fine,giraffe,hyper,ruminant,True,471567,0.61,0.6411493244795256
fine,giraffe,hyper,ruminant,True,471567,0.62,0.640879019972035
fine,giraffe,hyper,ruminant,True,471567,0.63,0.6405155155155156
fine,giraffe,hyper,ruminant,True,471567,0.64,0.6401450423040054
fine,giraffe,hyper,ruminant,True,471567,0.65,0.6398591930679665
fine,giraffe,hyper,ruminant,True,471567,0.66,0.6394537998792698
fine,giraffe,hyper,ruminant,True,471567,0.67,0.6392027131057154
fine,giraffe,hyper,ruminant,True,471567,0.68,0.6388779138680364
fine,giraffe,hyper,ruminant,True,471567,0.69,0.6385477066317518
fine,giraffe,hyper,ruminant,True,471567,0.7,0.6381838574336394
fine,giraffe,hyper,ruminant,True,471567,0.71,0.6379131373525992
fine,giraffe,hyper,ruminant,True,471567,0.72,0.6375650947115086
fine,giraffe,hyper,ruminant,True,471567,0.73,0.6371910764637585
fine,giraffe,hyper,ruminant,True,471567,0.74,0.6369344911197231
fine,giraffe,hyper,ruminant,True,471567,0.75,0.6365462679148373
fine,giraffe,hyper,ruminant,True,471567,0.76,0.6362356643067114
fine,giraffe,hyper,ruminant,True,471567,0.77,0.6360005793862644
fine,giraffe,hyper,ruminant,True,471567,0.78,0.6357976170776105
fine,giraffe,hyper,ruminant,True,471567,0.79,0.6355346952278554
fine,giraffe,hyper,ruminant,True,471567,0.8,0.6353639126030965
fine,giraffe,orig,giraffe,False,296969,0.5,0.7423606473973735
fine,giraffe,orig,giraffe,False,296969,0.51,0.7425429465889046
fine,giraffe,orig,giraffe,False,296969,0.52,0.7427173671336447
fine,giraffe,orig,giraffe,False,296969,0.53,0.7426698204562412
fine,giraffe,orig,giraffe,False,296969,0.54,0.7427769051358941
fine,giraffe,orig,giraffe,False,296969,0.55,0.7427764914840306
fine,giraffe,orig,giraffe,False,296969,0.56,0.7429105837969788
fine,giraffe,orig,giraffe,False,296969,0.57,0.7430056081873198
fine,giraffe,orig,giraffe,False,296969,0.58,0.7430408208506192
fine,giraffe,orig,giraffe,False,296969,0.59,0.7433514848350535
fine,giraffe,orig,giraffe,False,296969,0.6,0.7432870773271729
fine,giraffe,orig,giraffe,False,296969,0.61,0.7432158896830919
fine,giraffe,orig,giraffe,False,296969,0.62,0.7431086805336031
fine,giraffe,orig,giraffe,False,296969,0.63,0.7431081059732382
fine,giraffe,orig,giraffe,False,296969,0.64,0.7430177299925796
fine,giraffe,orig,giraffe,False,296969,0.65,0.7428562412231566
fine,giraffe,orig,giraffe,False,296969,0.66,0.7428481312095884
fine,giraffe,orig,giraffe,False,296969,0.67,0.7427256391664828
fine,giraffe,orig,giraffe,False,296969,0.68,0.7425218555564307
fine,giraffe,orig,giraffe,False,296969,0.69,0.7425134615990175
fine,giraffe,orig,giraffe,False,296969,0.7,0.742254739988986
fine,giraffe,orig,giraffe,False,296969,0.71,0.7421211549348934
fine,giraffe,orig,giraffe,False,296969,0.72,0.7417545293128643
fine,giraffe,orig,giraffe,False,296969,0.73,0.7416062062250699
fine,giraffe,orig,giraffe,False,296969,0.74,0.7413725459424679
fine,giraffe,orig,giraffe,False,296969,0.75,0.7411886499458848
fine,giraffe,orig,giraffe,False,296969,0.76,0.7410565919423107
fine,giraffe,orig,giraffe,False,296969,0.77,0.7408852330591461
fine,giraffe,orig,giraffe,False,296969,0.78,0.7405777812573398
fine,giraffe,orig,giraffe,False,296969,0.79,0.7405117771343611
fine,giraffe,orig,giraffe,False,296969,0.8,0.7402837079091008
fine,giraffe,orig,giraffe,True,296969,0.5,0.7424061799628058
fine,giraffe,orig,giraffe,True,296969,0.51,0.7425770886618902
fine,giraffe,orig,giraffe,True,296969,0.52,0.7426253453148318
fine,giraffe,orig,giraffe,True,296969,0.53,0.7426177744632911
fine,giraffe,orig,giraffe,True,296969,0.54,0.7426895020615287
fine,giraffe,orig,giraffe,True,296969,0.55,0.7428037027643926
fine,giraffe,orig,giraffe,True,296969,0.56,0.7428707224334601
fine,giraffe,orig,giraffe,True,296969,0.57,0.7430448895574381
fine,giraffe,orig,giraffe,True,296969,0.58,0.7431741559695468
fine,giraffe,orig,giraffe,True,296969,0.59,0.7433191462430581
fine,giraffe,orig,giraffe,True,296969,0.6,0.7432637571157495
fine,giraffe,orig,giraffe,True,296969,0.61,0.7432396124729348
fine,giraffe,orig,giraffe,True,296969,0.62,0.7431482505331333
fine,giraffe,orig,giraffe,True,296969,0.63,0.7429951538303683
fine,giraffe,orig,giraffe,True,296969,0.64,0.7429080811586886
fine,giraffe,orig,giraffe,True,296969,0.65,0.742849484406042
fine,giraffe,orig,giraffe,True,296969,0.66,0.7426766045287657
fine,giraffe,orig,giraffe,True,296969,0.67,0.7425246815411989
fine,giraffe,orig,giraffe,True,296969,0.68,0.7423872846014635
fine,giraffe,orig,giraffe,True,296969,0.69,0.7422343152828675
fine,giraffe,orig,giraffe,True,296969,0.7,0.7421834473001651
fine,giraffe,orig,giraffe,True,296969,0.71,0.7418245217227406
fine,giraffe,orig,giraffe,True,296969,0.72,0.7416098954572568
fine,giraffe,orig,giraffe,True,296969,0.73,0.7413373907860269
fine,giraffe,orig,giraffe,True,296969,0.74,0.7410920035741719
fine,giraffe,orig,giraffe,True,296969,0.75,0.7409217658301219
fine,giraffe,orig,giraffe,True,296969,0.76,0.7405459554219885
fine,giraffe,orig,giraffe,True,296969,0.77,0.7404539552927558
fine,giraffe,orig,giraffe,True,296969,0.78,0.7402879609798803
fine,giraffe,orig,giraffe,True,296969,0.79,0.7399781284174348
fine,giraffe,orig,giraffe,True,296969,0.8,0.7397814207650273
fine,giraffe,syn,camelopard,False,296969,0.5,0.7429894723530713
fine,giraffe,syn,camelopard,False,296969,0.51,0.7429402190230875
fine,giraffe,syn,camelopard,False,296969,0.52,0.7429898421825879
fine,giraffe,syn,camelopard,False,296969,0.53,0.7429879974731523
fine,giraffe,syn,camelopard,False,296969,0.54,0.7429428481212504
fine,giraffe,syn,camelopard,False,296969,0.55,0.7429834254143647
fine,giraffe,syn,camelopard,False,296969,0.56,0.7429256821804523
fine,giraffe,syn,camelopard,False,296969,0.57,0.7428805831216573
fine,giraffe,syn,camelopard,False,296969,0.58,0.7427444794952681
fine,giraffe,syn,camelopard,False,296969,0.59,0.742717910706682
fine,giraffe,syn,camelopard,False,296969,0.6,0.7426719856199051
fine,giraffe,syn,camelopard,False,296969,0.61,0.7427274017312332
fine,giraffe,syn,camelopard,False,296969,0.62,0.742680561905813
fine,giraffe,syn,camelopard,False,296969,0.63,0.7426652583121818
fine,giraffe,syn,camelopard,False,296969,0.64,0.7426963280621817
fine,giraffe,syn,camelopard,False,296969,0.65,0.7426647957494442
fine,giraffe,syn,camelopard,False,296969,0.66,0.7426891365692936
fine,giraffe,syn,camelopard,False,296969,0.67,0.742767959894692
fine,giraffe,syn,camelopard,False,296969,0.68,0.742889575581762
fine,giraffe,syn,camelopard,False,296969,0.69,0.7427364305645326
fine,giraffe,syn,camelopard,False,296969,0.7,0.7427440841229052
fine,giraffe,syn,camelopard,False,296969,0.71,0.7427400283777392
fine,giraffe,syn,camelopard,False,296969,0.72,0.7428922844032357
fine,giraffe,syn,camelopard,False,296969,0.73,0.7429197678819225
fine,giraffe,syn,camelopard,False,296969,0.74,0.742837320046043
fine,giraffe,syn,camelopard,False,296969,0.75,0.7427742474652707
fine,giraffe,syn,camelopard,False,296969,0.76,0.7427891059910741
fine,giraffe,syn,camelopard,False,296969,0.77,0.7427963094393186
fine,giraffe,syn,camelopard,False,296969,0.78,0.7428977048663143
fine,giraffe,syn,camelopard,False,296969,0.79,0.7428810323883446
fine,giraffe,syn,camelopard,False,296969,0.8,0.7429234119094954
fine,giraffe,syn,camelopard,True,296969,0.5,0.743036013532741
fine,giraffe,syn,camelopard,True,296969,0.51,0.743026030883027
fine,giraffe,syn,camelopard,True,296969,0.52,0.7430088160015167
fine,giraffe,syn,camelopard,True,296969,0.53,0.7429916136266721
fine,giraffe,syn,camelopard,True,296969,0.54,0.7429424024251611
fine,giraffe,syn,camelopard,True,296969,0.55,0.7429631383692478
fine,giraffe,syn,camelopard,True,296969,0.56,0.7429410186398144
fine,giraffe,syn,camelopard,True,296969,0.57,0.7427701434138492
fine,giraffe,syn,camelopard,True,296969,0.58,0.7427674543332177
fine,giraffe,syn,camelopard,True,296969,0.59,0.7427174513051021
fine,giraffe,syn,camelopard,True,296969,0.6,0.7426674656238174
fine,giraffe,syn,camelopard,True,296969,0.61,0.7427463100794752
fine,giraffe,syn,camelopard,True,296969,0.62,0.742703520915785
fine,giraffe,syn,camelopard,True,296969,0.63,0.7427233452114408
fine,giraffe,syn,camelopard,True,296969,0.64,0.7427386546406383
fine,giraffe,syn,camelopard,True,296969,0.65,0.7426994638915169
fine,giraffe,syn,camelopard,True,296969,0.66,0.7427512810405992
fine,giraffe,syn,camelopard,True,296969,0.67,0.7427706474094163
fine,giraffe,syn,camelopard,True,296969,0.68,0.742790470334106
fine,giraffe,syn,camelopard,True,296969,0.69,0.7428179496073918
fine,giraffe,syn,camelopard,True,296969,0.7,0.7427940712708925
fine,giraffe,syn,camelopard,True,296969,0.71,0.7428607471182805
fine,giraffe,syn,camelopard,True,296969,0.72,0.7429305912596401
fine,giraffe,syn,camelopard,True,296969,0.73,0.7429341997350325
fine,giraffe,syn,camelopard,True,296969,0.74,0.7428751675735352
fine,giraffe,syn,camelopard,True,296969,0.75,0.7428197403908332
fine,giraffe,syn,camelopard,True,296969,0.76,0.7428548895899053
fine,giraffe,syn,camelopard,True,296969,0.77,0.7428657064883027
fine,giraffe,syn,camelopard,True,296969,0.78,0.7429202492703321
fine,giraffe,syn,camelopard,True,296969,0.79,0.7429391902552936
fine,giraffe,syn,camelopard,True,296969,0.8,0.7429504678648636
fine,giraffe,hypo,okapi,False,296969,0.5,0.7406840306878989
fine,giraffe,hypo,okapi,False,296969,0.51,0.7405695325838353
fine,giraffe,hypo,okapi,False,296969,0.52,0.740644164372978
fine,giraffe,hypo,okapi,False,296969,0.53,0.7404845403944532
fine,giraffe,hypo,okapi,False,296969,0.54,0.7406389170243894
fine,giraffe,hypo,okapi,False,296969,0.55,0.7405550466824149
fine,giraffe,hypo,okapi,False,296969,0.56,0.7405486140108567
fine,giraffe,hypo,okapi,False,296969,0.57,0.7405148616550041
fine,giraffe,hypo,okapi,False,296969,0.58,0.7405832905544147
fine,giraffe,hypo,okapi,False,296969,0.59,0.7407787542497916
fine,giraffe,hypo,okapi,False,296969,0.6,0.7409740925997178
fine,giraffe,hypo,okapi,False,296969,0.61,0.74091877774039
fine,giraffe,hypo,okapi,False,296969,0.62,0.7408237781051823
fine,giraffe,hypo,okapi,False,296969,0.63,0.7408830403739635
fine,giraffe,hypo,okapi,False,296969,0.64,0.7410074244751664
fine,giraffe,hypo,okapi,False,296969,0.65,0.7410985636136792
fine,giraffe,hypo,okapi,False,296969,0.66,0.7412103285634343
fine,giraffe,hypo,okapi,False,296969,0.67,0.741409072019947
fine,giraffe,hypo,okapi,False,296969,0.68,0.7415561591308516
fine,giraffe,hypo,okapi,False,296969,0.69,0.7418262550112603
fine,giraffe,hypo,okapi,False,296969,0.7,0.7419298189597369
fine,giraffe,hypo,okapi,False,296969,0.71,0.7421053471413298
fine,giraffe,hypo,okapi,False,296969,0.72,0.7421772830212753
fine,giraffe,hypo,okapi,False,296969,0.73,0.7422640968004208
fine,giraffe,hypo,okapi,False,296969,0.74,0.7423621846462779
fine,giraffe,hypo,okapi,False,296969,0.75,0.7424220703716092
fine,giraffe,hypo,okapi,False,296969,0.76,0.7424541518084564
fine,giraffe,hypo,okapi,False,296969,0.77,0.7424575138438037
fine,giraffe,hypo,okapi,False,296969,0.78,0.7426194566393077
fine,giraffe,hypo,okapi,False,296969,0.79,0.7428039820616392
fine,giraffe,hypo,okapi,False,296969,0.8,0.7430138292799237
fine,giraffe,hypo,okapi,True,296969,0.5,0.7406266630114012
fine,giraffe,hypo,okapi,True,296969,0.51,0.7405724231289886
fine,giraffe,hypo,okapi,True,296969,0.52,0.7405701401191819
fine,giraffe,hypo,okapi,True,296969,0.53,0.7404254634397528
fine,giraffe,hypo,okapi,True,296969,0.54,0.7403940490550864
fine,giraffe,hypo,okapi,True,296969,0.55,0.7404983922829582
fine,giraffe,hypo,okapi,True,296969,0.56,0.7403747268286412
fine,giraffe,hypo,okapi,True,296969,0.57,0.7403725710615063
fine,giraffe,hypo,okapi,True,296969,0.58,0.7405100877967353
fine,giraffe,hypo,okapi,True,296969,0.59,0.7404787114576314
fine,giraffe,hypo,okapi,True,296969,0.6,0.7406106674364156
fine,giraffe,hypo,okapi,True,296969,0.61,0.7407698350353495
fine,giraffe,hypo,okapi,True,296969,0.62,0.7407389604563225
fine,giraffe,hypo,okapi,True,296969,0.63,0.7406316059189033
fine,giraffe,hypo,okapi,True,296969,0.64,0.7407941082292667
fine,giraffe,hypo,okapi,True,296969,0.65,0.7409386951721048
fine,giraffe,hypo,okapi,True,296969,0.66,0.741050004798925
fine,giraffe,hypo,okapi,True,296969,0.67,0.7412808827056848
fine,giraffe,hypo,okapi,True,296969,0.68,0.7413771057763002
fine,giraffe,hypo,okapi,True,296969,0.69,0.7416189958774089
fine,giraffe,hypo,okapi,True,296969,0.7,0.7417304221437813
fine,giraffe,hypo,okapi,True,296969,0.71,0.7417696458792349
fine,giraffe,hypo,okapi,True,296969,0.72,0.7418695943573868
fine,giraffe,hypo,okapi,True,296969,0.73,0.7420286156349194
fine,giraffe,hypo,okapi,True,296969,0.74,0.74218338940353
fine,giraffe,hypo,okapi,True,296969,0.75,0.7422305804354062
fine,giraffe,hypo,okapi,True,296969,0.76,0.7422859418558343
fine,giraffe,hypo,okapi,True,296969,0.77,0.7425709462687518
fine,giraffe,hypo,okapi,True,296969,0.78,0.7425747302072391
fine,giraffe,hypo,okapi,True,296969,0.79,0.7428194070938688
fine,giraffe,hypo,okapi,True,296969,0.8,0.7429134985524767
fine,giraffe,hyper,ruminant,False,296969,0.5,0.7491767550627575
fine,giraffe,hyper,ruminant,False,296969,0.51,0.7489352911263666
fine,giraffe,hyper,ruminant,False,296969,0.52,0.748773556448156
fine,giraffe,hyper,ruminant,False,296969,0.53,0.7484975818599857
fine,giraffe,hyper,ruminant,False,296969,0.54,0.7480948684231372
fine,giraffe,hyper,ruminant,False,296969,0.55,0.7479385277685453
fine,giraffe,hyper,ruminant,False,296969,0.56,0.747892247583796
fine,giraffe,hyper,ruminant,False,296969,0.57,0.7476802453328275
fine,giraffe,hyper,ruminant,False,296969,0.58,0.7475001184777973
fine,giraffe,hyper,ruminant,False,296969,0.59,0.747363268914993
fine,giraffe,hyper,ruminant,False,296969,0.6,0.7471238972967001
fine,giraffe,hyper,ruminant,False,296969,0.61,0.7468216662986215
fine,giraffe,hyper,ruminant,False,296969,0.62,0.7465979153854645
fine,giraffe,hyper,ruminant,False,296969,0.63,0.7464613347624602
fine,giraffe,hyper,ruminant,False,296969,0.64,0.7462496060510558
fine,giraffe,hyper,ruminant,False,296969,0.65,0.7460104916586587
fine,giraffe,hyper,ruminant,False,296969,0.66,0.7457789957789958
fine,giraffe,hyper,ruminant,False,296969,0.67,0.7454496788008566
fine,giraffe,hyper,ruminant,False,296969,0.68,0.7452770780856424
fine,giraffe,hyper,ruminant,False,296969,0.69,0.7451085331108628
fine,giraffe,hyper,ruminant,False,296969,0.7,0.7448851117406359
fine,giraffe,hyper,ruminant,False,296969,0.71,0.7447360966858654
fine,giraffe,hyper,ruminant,False,296969,0.72,0.7445636781319822
fine,giraffe,hyper,ruminant,False,296969,0.73,0.7443484827032895
fine,giraffe,hyper,ruminant,False,296969,0.74,0.744215311531625
fine,giraffe,hyper,ruminant,False,296969,0.75,0.7441955577927389
fine,giraffe,hyper,ruminant,False,296969,0.76,0.7441794613642084
fine,giraffe,hyper,ruminant,False,296969,0.77,0.744112511208646
fine,giraffe,hyper,ruminant,False,296969,0.78,0.7440067954445353
fine,giraffe,hyper,ruminant,False,296969,0.79,0.7439632525287483
fine,giraffe,hyper,ruminant,False,296969,0.8,0.7439826322247742
fine,giraffe,hyper,ruminant,True,296969,0.5,0.749164624638004
fine,giraffe,hyper,ruminant,True,296969,0.51,0.7489748561619887
fine,giraffe,hyper,ruminant,True,296969,0.52,0.7488329257836069
fine,giraffe,hyper,ruminant,True,296969,0.53,0.7484734579943221
fine,giraffe,hyper,ruminant,True,296969,0.54,0.7481540167960703
fine,giraffe,hyper,ruminant,True,296969,0.55,0.7479100696643445
fine,giraffe,hyper,ruminant,True,296969,0.56,0.74789570280362
fine,giraffe,hyper,ruminant,True,296969,0.57,0.7477466080521206
fine,giraffe,hyper,ruminant,True,296969,0.58,0.7474911895317414
fine,giraffe,hyper,ruminant,True,296969,0.59,0.7474646952895461
fine,giraffe,hyper,ruminant,True,296969,0.6,0.7473315227689004
fine,giraffe,hyper,ruminant,True,296969,0.61,0.7469778745699587
fine,giraffe,hyper,ruminant,True,296969,0.62,0.7468919601161176
fine,giraffe,hyper,ruminant,True,296969,0.63,0.7466876971608832
fine,giraffe,hyper,ruminant,True,296969,0.64,0.7463105449041373
fine,giraffe,hyper,ruminant,True,296969,0.65,0.7461496019547569
fine,giraffe,hyper,ruminant,True,296969,0.66,0.7457806073404037
fine,giraffe,hyper,ruminant,True,296969,0.67,0.7456118236536098
fine,giraffe,hyper,ruminant,True,296969,0.68,0.7454353545378641
fine,giraffe,hyper,ruminant,True,296969,0.69,0.7453093246372702
fine,giraffe,hyper,ruminant,True,296969,0.7,0.7450779650338636
fine,giraffe,hyper,ruminant,True,296969,0.71,0.7450384324596774
fine,giraffe,hyper,ruminant,True,296969,0.72,0.7449519609387305
fine,giraffe,hyper,ruminant,True,296969,0.73,0.7446855415236355
fine,giraffe,hyper,ruminant,True,296969,0.74,0.7446972679316589
fine,giraffe,hyper,ruminant,True,296969,0.75,0.7445914029286727
fine,giraffe,hyper,ruminant,True,296969,0.76,0.7445870403905205
fine,giraffe,hyper,ruminant,True,296969,0.77,0.7444808364563978
fine,giraffe,hyper,ruminant,True,296969,0.78,0.7443749901591851
fine,giraffe,hyper,ruminant,True,296969,0.79,0.7442373094848218
fine,giraffe,hyper,ruminant,True,296969,0.8,0.7441897083831959
fine,giraffe,orig,giraffe,False,349302,0.5,0.6334556126192223
fine,giraffe,orig,giraffe,False,349302,0.51,0.6334027757401485
fine,giraffe,orig,giraffe,False,349302,0.52,0.6333851523773208
fine,giraffe,orig,giraffe,False,349302,0.53,0.633476067573909
fine,giraffe,orig,giraffe,False,349302,0.54,0.6335219775386329
fine,giraffe,orig,giraffe,False,349302,0.55,0.6336128540432768
fine,giraffe,orig,giraffe,False,349302,0.56,0.6336186679174484
fine,giraffe,orig,giraffe,False,349302,0.57,0.6336909368038457
fine,giraffe,orig,giraffe,False,349302,0.58,0.6337103674617593
fine,giraffe,orig,giraffe,False,349302,0.59,0.6338147833474936
fine,giraffe,orig,giraffe,False,349302,0.6,0.6338841038260972
fine,giraffe,orig,giraffe,False,349302,0.61,0.6338527327045868
fine,giraffe,orig,giraffe,False,349302,0.62,0.6337920937042459
fine,giraffe,orig,giraffe,False,349302,0.63,0.6339149783346996
fine,giraffe,orig,giraffe,False,349302,0.64,0.6339128907622058
fine,giraffe,orig,giraffe,False,349302,0.65,0.6338522767177807
fine,giraffe,orig,giraffe,False,349302,0.66,0.6340492772283022
fine,giraffe,orig,giraffe,False,349302,0.67,0.6340949650390568
fine,giraffe,orig,giraffe,False,349302,0.68,0.6340685700912708
fine,giraffe,orig,giraffe,False,349302,0.69,0.6340343385299365
fine,giraffe,orig,giraffe,False,349302,0.7,0.6339230881707852
fine,giraffe,orig,giraffe,False,349302,0.71,0.6338118768457063
fine,giraffe,orig,giraffe,False,349302,0.72,0.6337591720992779
fine,giraffe,orig,giraffe,False,349302,0.73,0.6338254641134337
fine,giraffe,orig,giraffe,False,349302,0.74,0.6337513519833962
fine,giraffe,orig,giraffe,False,349302,0.75,0.6337863510156364
fine,giraffe,orig,giraffe,False,349302,0.76,0.6339139583820435
fine,giraffe,orig,giraffe,False,349302,0.77,0.6339567504383401
fine,giraffe,orig,giraffe,False,349302,0.78,0.6339995324918186
fine,giraffe,orig,giraffe,False,349302,0.79,0.6339575238818614
fine,giraffe,orig,giraffe,False,349302,0.8,0.6339496976601525
fine,giraffe,orig,giraffe,True,349302,0.5,0.6332961680652544
fine,giraffe,orig,giraffe,True,349302,0.51,0.6333313776108894
fine,giraffe,orig,giraffe,True,349302,0.52,0.6334838974599636
fine,giraffe,orig,giraffe,True,349302,0.53,0.6334926546051667
fine,giraffe,orig,giraffe,True,349302,0.54,0.6336021111274007
fine,giraffe,orig,giraffe,True,349302,0.55,0.6337330323375062
fine,giraffe,orig,giraffe,True,349302,0.56,0.6337710299548626
fine,giraffe,orig,giraffe,True,349302,0.57,0.6339047619047619
fine,giraffe,orig,giraffe,True,349302,0.58,0.6339769697324855
fine,giraffe,orig,giraffe,True,349302,0.59,0.6339162785247678
fine,giraffe,orig,giraffe,True,349302,0.6,0.6339034676663543
fine,giraffe,orig,giraffe,True,349302,0.61,0.6338613803402536
fine,giraffe,orig,giraffe,True,349302,0.62,0.6338564234687902
fine,giraffe,orig,giraffe,True,349302,0.63,0.6340856532302919
fine,giraffe,orig,giraffe,True,349302,0.64,0.6341791787397196
fine,giraffe,orig,giraffe,True,349302,0.65,0.6341556199338659
fine,giraffe,orig,giraffe,True,349302,0.66,0.6340421797759382
fine,giraffe,orig,giraffe,True,349302,0.67,0.634026498201281
fine,giraffe,orig,giraffe,True,349302,0.68,0.6339630366124693
fine,giraffe,orig,giraffe,True,349302,0.69,0.6339074241936898
fine,giraffe,orig,giraffe,True,349302,0.7,0.6338332894775313
fine,giraffe,orig,giraffe,True,349302,0.71,0.6337143024173512
fine,giraffe,orig,giraffe,True,349302,0.72,0.6337707121774453
fine,giraffe,orig,giraffe,True,349302,0.73,0.6339567504383401
fine,giraffe,orig,giraffe,True,349302,0.74,0.6340287517531557
fine,giraffe,orig,giraffe,True,349302,0.75,0.6340665439780329
fine,giraffe,orig,giraffe,True,349302,0.76,0.6341805433829973
fine,giraffe,orig,giraffe,True,349302,0.77,0.634186236709896
fine,giraffe,orig,giraffe,True,349302,0.78,0.6342211319432276
fine,giraffe,orig,giraffe,True,349302,0.79,0.6342930561233429
fine,giraffe,orig,giraffe,True,349302,0.8,0.6343329342716151
fine,giraffe,syn,camelopard,False,349302,0.5,0.6333782912097579
fine,giraffe,syn,camelopard,False,349302,0.51,0.6335014071294559
fine,giraffe,syn,camelopard,False,349302,0.52,0.6334730240600182
fine,giraffe,syn,camelopard,False,349302,0.53,0.6334817766318996
fine,giraffe,syn,camelopard,False,349302,0.54,0.6335276370133864
fine,giraffe,syn,camelopard,False,349302,0.55,0.6336105904404874
fine,giraffe,syn,camelopard,False,349302,0.56,0.6336642361416147
fine,giraffe,syn,camelopard,False,349302,0.57,0.6337549777465449
fine,giraffe,syn,camelopard,False,349302,0.58,0.6337871468306251
fine,giraffe,syn,camelopard,False,349302,0.59,0.6338036414729816
fine,giraffe,syn,camelopard,False,349302,0.6,0.6337958084533427
fine,giraffe,syn,camelopard,False,349302,0.61,0.6339743026897299
fine,giraffe,syn,camelopard,False,349302,0.62,0.6339614911921344
fine,giraffe,syn,camelopard,False,349302,0.63,0.6339136795903438
fine,giraffe,syn,camelopard,False,349302,0.64,0.6340571227905888
fine,giraffe,syn,camelopard,False,349302,0.65,0.6341477688368691
fine,giraffe,syn,camelopard,False,349302,0.66,0.6341213646205162
fine,giraffe,syn,camelopard,False,349302,0.67,0.6340364530002048
fine,giraffe,syn,camelopard,False,349302,0.68,0.6340735539366278
fine,giraffe,syn,camelopard,False,349302,0.69,0.6341106592152618
fine,giraffe,syn,camelopard,False,349302,0.7,0.6341927365309765
fine,giraffe,syn,camelopard,False,349302,0.71,0.6342220011120541
fine,giraffe,syn,camelopard,False,349302,0.72,0.634200591179139
fine,giraffe,syn,camelopard,False,349302,0.73,0.6341713248851298
fine,giraffe,syn,camelopard,False,349302,0.74,0.63421915242332
fine,giraffe,syn,camelopard,False,349302,0.75,0.6341470553799321
fine,giraffe,syn,camelopard,False,349302,0.76,0.634144199525775
fine,giraffe,syn,camelopard,False,349302,0.77,0.6341413431699748
fine,giraffe,syn,camelopard,False,349302,0.78,0.6341277741992153
fine,giraffe,syn,camelopard,False,349302,0.79,0.6342020497803806
fine,giraffe,syn,camelopard,False,349302,0.8,0.634169912437403
fine,giraffe,syn,camelopard,True,349302,0.5,0.6333782912097579
fine,giraffe,syn,camelopard,True,349302,0.51,0.6334613467796312
fine,giraffe,syn,camelopard,True,349302,0.52,0.6334808475718765
fine,giraffe,syn,camelopard,True,349302,0.53,0.6334788596208503
fine,giraffe,syn,camelopard,True,349302,0.54,0.6335061663297888
fine,giraffe,syn,camelopard,True,349302,0.55,0.6335705708344317
fine,giraffe,syn,camelopard,True,349302,0.56,0.6336535082581704
fine,giraffe,syn,camelopard,True,349302,0.57,0.6337920937042459
fine,giraffe,syn,camelopard,True,349302,0.58,0.6337871468306251
fine,giraffe,syn,camelopard,True,349302,0.59,0.6337450968912827
fine,giraffe,syn,camelopard,True,349302,0.6,0.6338143605655241
fine,giraffe,syn,camelopard,True,349302,0.61,0.6338864986683057
fine,giraffe,syn,camelopard,True,349302,0.62,0.6339664608270654
fine,giraffe,syn,camelopard,True,349302,0.63,0.6338765836673786
fine,giraffe,syn,camelopard,True,349302,0.64,0.6340171490445115
fine,giraffe,syn,camelopard,True,349302,0.65,0.6340492772283022
fine,giraffe,syn,camelopard,True,349302,0.66,0.6341185076810534
fine,giraffe,syn,camelopard,True,349302,0.67,0.6340813997717764
fine,giraffe,syn,camelopard,True,349302,0.68,0.6340999531835206
fine,giraffe,syn,camelopard,True,349302,0.69,0.6341449139646494
fine,giraffe,syn,camelopard,True,349302,0.7,0.6341927365309765
fine,giraffe,syn,camelopard,True,349302,0.71,0.634200591179139
fine,giraffe,syn,camelopard,True,349302,0.72,0.6342377147540024
fine,giraffe,syn,camelopard,True,349302,0.73,0.6341713248851298
fine,giraffe,syn,camelopard,True,349302,0.74,0.6342163032343041
fine,giraffe,syn,camelopard,True,349302,0.75,0.6341734726735165
fine,giraffe,syn,camelopard,True,349302,0.76,0.6341334894613583
fine,giraffe,syn,camelopard,True,349302,0.77,0.634215611641389
fine,giraffe,syn,camelopard,True,349302,0.78,0.634164909814945
fine,giraffe,syn,camelopard,True,349302,0.79,0.6341434846266472
fine,giraffe,syn,camelopard,True,349302,0.8,0.6341484844047445
fine,giraffe,hypo,okapi,False,349302,0.5,0.6305503017202558
fine,giraffe,hypo,okapi,False,349302,0.51,0.6306995440364771
fine,giraffe,hypo,okapi,False,349302,0.52,0.6312288376831571
fine,giraffe,hypo,okapi,False,349302,0.53,0.6311914524286955
fine,giraffe,hypo,okapi,False,349302,0.54,0.6309591415847207
fine,giraffe,hypo,okapi,False,349302,0.55,0.631395036287071
fine,giraffe,hypo,okapi,False,349302,0.56,0.6316072228025668
fine,giraffe,hypo,okapi,False,349302,0.57,0.6316982257343075
fine,giraffe,hypo,okapi,False,349302,0.58,0.6316918402001966
fine,giraffe,hypo,okapi,False,349302,0.59,0.6317230705122481
fine,giraffe,hypo,okapi,False,349302,0.6,0.6321127933608971
fine,giraffe,hypo,okapi,False,349302,0.61,0.632226614748982
fine,giraffe,hypo,okapi,False,349302,0.62,0.632391814428703
fine,giraffe,hypo,okapi,False,349302,0.63,0.6328554041618428
fine,giraffe,hypo,okapi,False,349302,0.64,0.6330139140237933
fine,giraffe,hypo,okapi,False,349302,0.65,0.6330783825447646
fine,giraffe,hypo,okapi,False,349302,0.66,0.6329541414859581
fine,giraffe,hypo,okapi,False,349302,0.67,0.632934628138323
fine,giraffe,hypo,okapi,False,349302,0.68,0.6328994082840237
fine,giraffe,hypo,okapi,False,349302,0.69,0.6331588442315086
fine,giraffe,hypo,okapi,False,349302,0.7,0.6333727460833579
fine,giraffe,hypo,okapi,False,349302,0.71,0.6332456943664885
fine,giraffe,hypo,okapi,False,349302,0.72,0.6332939787485242
fine,giraffe,hypo,okapi,False,349302,0.73,0.6336195450119501
fine,giraffe,hypo,okapi,False,349302,0.74,0.6338269128664975
fine,giraffe,hypo,okapi,False,349302,0.75,0.6338572228938755
fine,giraffe,hypo,okapi,False,349302,0.76,0.6339925142200348
fine,giraffe,hypo,okapi,False,349302,0.77,0.6341671822976517
fine,giraffe,hypo,okapi,False,349302,0.78,0.6340479415748866
fine,giraffe,hypo,okapi,False,349302,0.79,0.6342281879194631
fine,giraffe,hypo,okapi,False,349302,0.8,0.6342956357964745
fine,giraffe,hypo,okapi,True,349302,0.5,0.6305646444331042
fine,giraffe,hypo,okapi,True,349302,0.51,0.630915961849919
fine,giraffe,hypo,okapi,True,349302,0.52,0.6313029930790665
fine,giraffe,hypo,okapi,True,349302,0.53,0.631227744696131
fine,giraffe,hypo,okapi,True,349302,0.54,0.6308570404016256
fine,giraffe,hypo,okapi,True,349302,0.55,0.631517649166816
fine,giraffe,hypo,okapi,True,349302,0.56,0.6315239772015159
fine,giraffe,hypo,okapi,True,349302,0.57,0.6315852240541427
fine,giraffe,hypo,okapi,True,349302,0.58,0.631732602478551
fine,giraffe,hypo,okapi,True,349302,0.59,0.6317293098830462
fine,giraffe,hypo,okapi,True,349302,0.6,0.6319921491658489
fine,giraffe,hypo,okapi,True,349302,0.61,0.6321842496285289
fine,giraffe,hypo,okapi,True,349302,0.62,0.6323651698740793
fine,giraffe,hypo,okapi,True,349302,0.63,0.6329286753138821
fine,giraffe,hypo,okapi,True,349302,0.64,0.6330248012341284
fine,giraffe,hypo,okapi,True,349302,0.65,0.6330783825447646
fine,giraffe,hypo,okapi,True,349302,0.66,0.6329837658490343
fine,giraffe,hypo,okapi,True,349302,0.67,0.6330095937462987
fine,giraffe,hypo,okapi,True,349302,0.68,0.6330552103674774
fine,giraffe,hypo,okapi,True,349302,0.69,0.6330996953834324
fine,giraffe,hypo,okapi,True,349302,0.7,0.6334368070953437
fine,giraffe,hypo,okapi,True,349302,0.71,0.6333530280649926
fine,giraffe,hypo,okapi,True,349302,0.72,0.6332880675444293
fine,giraffe,hypo,okapi,True,349302,0.73,0.6335900386533297
fine,giraffe,hypo,okapi,True,349302,0.74,0.6337276186543169
fine,giraffe,hypo,okapi,True,349302,0.75,0.6338306404057082
fine,giraffe,hypo,okapi,True,349302,0.76,0.634067262062664
fine,giraffe,hypo,okapi,True,349302,0.77,0.6340227446821047
fine,giraffe,hypo,okapi,True,349302,0.78,0.6341147367181058
fine,giraffe,hypo,okapi,True,349302,0.79,0.6341477774506918
fine,giraffe,hypo,okapi,True,349302,0.8,0.6343544922162385
fine,giraffe,hyper,ruminant,False,349302,0.5,0.6406765041126274
fine,giraffe,hyper,ruminant,False,349302,0.51,0.639421304828603
fine,giraffe,hyper,ruminant,False,349302,0.52,0.6387960891286358
fine,giraffe,hyper,ruminant,False,349302,0.53,0.637758689206126
fine,giraffe,hyper,ruminant,False,349302,0.54,0.6369624885635865
fine,giraffe,hyper,ruminant,False,349302,0.55,0.6363055191938872
fine,giraffe,hyper,ruminant,False,349302,0.56,0.635689765166935
fine,giraffe,hyper,ruminant,False,349302,0.57,0.6348008004366018
fine,giraffe,hyper,ruminant,False,349302,0.58,0.6344099040469776
fine,giraffe,hyper,ruminant,False,349302,0.59,0.6342370115150966
fine,giraffe,hyper,ruminant,False,349302,0.6,0.6340094168779428
fine,giraffe,hyper,ruminant,False,349302,0.61,0.6336186113789778
fine,giraffe,hyper,ruminant,False,349302,0.62,0.6328759703917675
fine,giraffe,hyper,ruminant,False,349302,0.63,0.6325659674220112
fine,giraffe,hyper,ruminant,False,349302,0.64,0.6322629051620648
fine,giraffe,hyper,ruminant,False,349302,0.65,0.6319606785350357
fine,giraffe,hyper,ruminant,False,349302,0.66,0.6317380503427015
fine,giraffe,hyper,ruminant,False,349302,0.67,0.6317079733325361
fine,giraffe,hyper,ruminant,False,349302,0.68,0.6316072388460849
fine,giraffe,hyper,ruminant,False,349302,0.69,0.6314157048701202
fine,giraffe,hyper,ruminant,False,349302,0.7,0.6311431464823971
fine,giraffe,hyper,ruminant,False,349302,0.71,0.6312077840925998
fine,giraffe,hyper,ruminant,False,349302,0.72,0.63107834978005
fine,giraffe,hyper,ruminant,False,349302,0.73,0.6314194908961297
fine,giraffe,hyper,ruminant,False,349302,0.74,0.6316851664984864
fine,giraffe,hyper,ruminant,False,349302,0.75,0.6317974263179743
fine,giraffe,hyper,ruminant,False,349302,0.76,0.6314713896457765
fine,giraffe,hyper,ruminant,False,349302,0.77,0.6316583806818182
fine,giraffe,hyper,ruminant,False,349302,0.78,0.6318310858765082
fine,giraffe,hyper,ruminant,False,349302,0.79,0.6318557919621749
fine,giraffe,hyper,ruminant,False,349302,0.8,0.6317576544923086
fine,giraffe,hyper,ruminant,True,349302,0.5,0.6403522275932141
fine,giraffe,hyper,ruminant,True,349302,0.51,0.6393477860345145
fine,giraffe,hyper,ruminant,True,349302,0.52,0.6385833767347814
fine,giraffe,hyper,ruminant,True,349302,0.53,0.6377555698175483
fine,giraffe,hyper,ruminant,True,349302,0.54,0.636859756097561
fine,giraffe,hyper,ruminant,True,349302,0.55,0.6360787415949128
fine,giraffe,hyper,ruminant,True,349302,0.56,0.6354774052478134
fine,giraffe,hyper,ruminant,True,349302,0.57,0.6348369103916576
fine,giraffe,hyper,ruminant,True,349302,0.58,0.6344238975817923
fine,giraffe,hyper,ruminant,True,349302,0.59,0.63414118215883
fine,giraffe,hyper,ruminant,True,349302,0.6,0.6340153298328203
fine,giraffe,hyper,ruminant,True,349302,0.61,0.6335312019766776
fine,giraffe,hyper,ruminant,True,349302,0.62,0.6328378866289566
fine,giraffe,hyper,ruminant,True,349302,0.63,0.632599092466268
fine,giraffe,hyper,ruminant,True,349302,0.64,0.6323039524624111
fine,giraffe,hyper,ruminant,True,349302,0.65,0.6319906491638194
fine,giraffe,hyper,ruminant,True,349302,0.66,0.6318467524693205
fine,giraffe,hyper,ruminant,True,349302,0.67,0.6317268596029658
fine,giraffe,hyper,ruminant,True,349302,0.68,0.6315993788819876
fine,giraffe,hyper,ruminant,True,349302,0.69,0.6314455280188482
fine,giraffe,hyper,ruminant,True,349302,0.7,0.6311995472282624
fine,giraffe,hyper,ruminant,True,349302,0.71,0.6313126804154391
fine,giraffe,hyper,ruminant,True,349302,0.72,0.6309859992271336
fine,giraffe,hyper,ruminant,True,349302,0.73,0.631427298381108
fine,giraffe,hyper,ruminant,True,349302,0.74,0.6316742350043035
fine,giraffe,hyper,ruminant,True,349302,0.75,0.6317896110056926
fine,giraffe,hyper,ruminant,True,349302,0.76,0.6314978821717366
fine,giraffe,hyper,ruminant,True,349302,0.77,0.6316552724259374
fine,giraffe,hyper,ruminant,True,349302,0.78,0.6317797362039392
fine,giraffe,hyper,ruminant,True,349302,0.79,0.6319196098714349
fine,giraffe,hyper,ruminant,True,349302,0.8,0.6317623434916135
fine,giraffe,orig,giraffe,False,359781,0.5,0.7859180811451231
fine,giraffe,orig,giraffe,False,359781,0.51,0.7858719291180024
fine,giraffe,orig,giraffe,False,359781,0.52,0.785808591485799
fine,giraffe,orig,giraffe,False,359781,0.53,0.7859062454740027
fine,giraffe,orig,giraffe,False,359781,0.54,0.7858624849215923
fine,giraffe,orig,giraffe,False,359781,0.55,0.7858451745643927
fine,giraffe,orig,giraffe,False,359781,0.56,0.7859415167095116
fine,giraffe,orig,giraffe,False,359781,0.57,0.7859001124136824
fine,giraffe,orig,giraffe,False,359781,0.58,0.7859355687892261
fine,giraffe,orig,giraffe,False,359781,0.59,0.7860397946084724
fine,giraffe,orig,giraffe,False,359781,0.6,0.7860797869780722
fine,giraffe,orig,giraffe,False,359781,0.61,0.7862273528940196
fine,giraffe,orig,giraffe,False,359781,0.62,0.7859065564314555
fine,giraffe,orig,giraffe,False,359781,0.63,0.78604494705986
fine,giraffe,orig,giraffe,False,359781,0.64,0.7861775208570193
fine,giraffe,orig,giraffe,False,359781,0.65,0.7864083886976707
fine,giraffe,orig,giraffe,False,359781,0.66,0.7863692371701525
fine,giraffe,orig,giraffe,False,359781,0.67,0.7864729971845406
fine,giraffe,orig,giraffe,False,359781,0.68,0.7864613317981194
fine,giraffe,orig,giraffe,False,359781,0.69,0.7866095408620029
fine,giraffe,orig,giraffe,False,359781,0.7,0.7866195719925203
fine,giraffe,orig,giraffe,False,359781,0.71,0.7865987122749277
fine,giraffe,orig,giraffe,False,359781,0.72,0.786701167601067
fine,giraffe,orig,giraffe,False,359781,0.73,0.7866392042279382
fine,giraffe,orig,giraffe,False,359781,0.74,0.7866013280551654
fine,giraffe,orig,giraffe,False,359781,0.75,0.7865519937451134
fine,giraffe,orig,giraffe,False,359781,0.76,0.7865335226275743
fine,giraffe,orig,giraffe,False,359781,0.77,0.7865035957456986
fine,giraffe,orig,giraffe,False,359781,0.78,0.7864817471704129
fine,giraffe,orig,giraffe,False,359781,0.79,0.7865225845526123
fine,giraffe,orig,giraffe,False,359781,0.8,0.7863994136579459
fine,giraffe,orig,giraffe,True,359781,0.5,0.7860114823893691
fine,giraffe,orig,giraffe,True,359781,0.51,0.7859387843914705
fine,giraffe,orig,giraffe,True,359781,0.52,0.7859593730367125
fine,giraffe,orig,giraffe,True,359781,0.53,0.7859339526945432
fine,giraffe,orig,giraffe,True,359781,0.54,0.7860786996056973
fine,giraffe,orig,giraffe,True,359781,0.55,0.7861371167519223
fine,giraffe,orig,giraffe,True,359781,0.56,0.7861736334405145
fine,giraffe,orig,giraffe,True,359781,0.57,0.78618029889121
fine,giraffe,orig,giraffe,True,359781,0.58,0.7860332144807427
fine,giraffe,orig,giraffe,True,359781,0.59,0.7861775565901429
fine,giraffe,orig,giraffe,True,359781,0.6,0.7861704859105205
fine,giraffe,orig,giraffe,True,359781,0.61,0.7863582405595303
fine,giraffe,orig,giraffe,True,359781,0.62,0.7863613770102779
fine,giraffe,orig,giraffe,True,359781,0.63,0.7860965994679657
fine,giraffe,orig,giraffe,True,359781,0.64,0.7862383851329702
fine,giraffe,orig,giraffe,True,359781,0.65,0.7863709160794362
fine,giraffe,orig,giraffe,True,359781,0.66,0.7865445579429376
fine,giraffe,orig,giraffe,True,359781,0.67,0.7865488652005506
fine,giraffe,orig,giraffe,True,359781,0.68,0.7867737651407267
fine,giraffe,orig,giraffe,True,359781,0.69,0.786663681003183
fine,giraffe,orig,giraffe,True,359781,0.7,0.7867730536145445
fine,giraffe,orig,giraffe,True,359781,0.71,0.7868265387689848
fine,giraffe,orig,giraffe,True,359781,0.72,0.7868627137605881
fine,giraffe,orig,giraffe,True,359781,0.73,0.7868965076524906
fine,giraffe,orig,giraffe,True,359781,0.74,0.7867980578802786
fine,giraffe,orig,giraffe,True,359781,0.75,0.7867520275879686
fine,giraffe,orig,giraffe,True,359781,0.76,0.7868326550155614
fine,giraffe,orig,giraffe,True,359781,0.77,0.7866213586037459
fine,giraffe,orig,giraffe,True,359781,0.78,0.7866917605027274
fine,giraffe,orig,giraffe,True,359781,0.79,0.7867804177962048
fine,giraffe,orig,giraffe,True,359781,0.8,0.7867140670832802
fine,giraffe,syn,camelopard,False,359781,0.5,0.7855084003503464
fine,giraffe,syn,camelopard,False,359781,0.51,0.785467403596515
fine,giraffe,syn,camelopard,False,359781,0.52,0.7854479989803722
fine,giraffe,syn,camelopard,False,359781,0.53,0.7856528114242
fine,giraffe,syn,camelopard,False,359781,0.54,0.7857894401224333
fine,giraffe,syn,camelopard,False,359781,0.55,0.7859569107117228
fine,giraffe,syn,camelopard,False,359781,0.56,0.7860150567819318
fine,giraffe,syn,camelopard,False,359781,0.57,0.7860402042118698
fine,giraffe,syn,camelopard,False,359781,0.58,0.7860756059808193
fine,giraffe,syn,camelopard,False,359781,0.59,0.7859582482124617
fine,giraffe,syn,camelopard,False,359781,0.6,0.7860130259881234
fine,giraffe,syn,camelopard,False,359781,0.61,0.7860724322943281
fine,giraffe,syn,camelopard,False,359781,0.62,0.7862140575079872
fine,giraffe,syn,camelopard,False,359781,0.63,0.7863021141277425
fine,giraffe,syn,camelopard,False,359781,0.64,0.7864371013380653
fine,giraffe,syn,camelopard,False,359781,0.65,0.786382461582743
fine,giraffe,syn,camelopard,False,359781,0.66,0.7865540572964154
fine,giraffe,syn,camelopard,False,359781,0.67,0.7864125826013216
fine,giraffe,syn,camelopard,False,359781,0.68,0.786439158690015
fine,giraffe,syn,camelopard,False,359781,0.69,0.7865503162276839
fine,giraffe,syn,camelopard,False,359781,0.7,0.7863698246176023
fine,giraffe,syn,camelopard,False,359781,0.71,0.7864696833739264
fine,giraffe,syn,camelopard,False,359781,0.72,0.7862741012613594
fine,giraffe,syn,camelopard,False,359781,0.73,0.7864817190506735
fine,giraffe,syn,camelopard,False,359781,0.74,0.7866906243983829
fine,giraffe,syn,camelopard,False,359781,0.75,0.786691063174114
fine,giraffe,syn,camelopard,False,359781,0.76,0.7864252231426186
fine,giraffe,syn,camelopard,False,359781,0.77,0.7866161210524625
fine,giraffe,syn,camelopard,False,359781,0.78,0.7866705237613101
fine,giraffe,syn,camelopard,False,359781,0.79,0.7866962519897738
fine,giraffe,syn,camelopard,False,359781,0.8,0.7865472150290319
fine,giraffe,syn,camelopard,True,359781,0.5,0.7854731343758958
fine,giraffe,syn,camelopard,True,359781,0.51,0.7854605692805148
fine,giraffe,syn,camelopard,True,359781,0.52,0.7854787056068065
fine,giraffe,syn,camelopard,True,359781,0.53,0.7856300404832489
fine,giraffe,syn,camelopard,True,359781,0.54,0.7857769133893414
fine,giraffe,syn,camelopard,True,359781,0.55,0.7859626180147997
fine,giraffe,syn,camelopard,True,359781,0.56,0.7860048171247188
fine,giraffe,syn,camelopard,True,359781,0.57,0.7859695586968314
fine,giraffe,syn,camelopard,True,359781,0.58,0.7860721922573645
fine,giraffe,syn,camelopard,True,359781,0.59,0.7859765051395007
fine,giraffe,syn,camelopard,True,359781,0.6,0.7860598029981322
fine,giraffe,syn,camelopard,True,359781,0.61,0.7860621836125261
fine,giraffe,syn,camelopard,True,359781,0.62,0.7862289320233246
fine,giraffe,syn,camelopard,True,359781,0.63,0.7863238302224494
fine,giraffe,syn,camelopard,True,359781,0.64,0.7864017137741399
fine,giraffe,syn,camelopard,True,359781,0.65,0.786407611737427
fine,giraffe,syn,camelopard,True,359781,0.66,0.7864135129082824
fine,giraffe,syn,camelopard,True,359781,0.67,0.7864434985758633
fine,giraffe,syn,camelopard,True,359781,0.68,0.7864254842324315
fine,giraffe,syn,camelopard,True,359781,0.69,0.7864736774689381
fine,giraffe,syn,camelopard,True,359781,0.7,0.7863469639453494
fine,giraffe,syn,camelopard,True,359781,0.71,0.7864972276529598
fine,giraffe,syn,camelopard,True,359781,0.72,0.7862798525404713
fine,giraffe,syn,camelopard,True,359781,0.73,0.7865413606184046
fine,giraffe,syn,camelopard,True,359781,0.74,0.786721645514785
fine,giraffe,syn,camelopard,True,359781,0.75,0.7866429121725732
fine,giraffe,syn,camelopard,True,359781,0.76,0.7864585842043575
fine,giraffe,syn,camelopard,True,359781,0.77,0.7866058376572264
fine,giraffe,syn,camelopard,True,359781,0.78,0.7866568090133239
fine,giraffe,syn,camelopard,True,359781,0.79,0.7866342922381772
fine,giraffe,syn,camelopard,True,359781,0.8,0.7865783039505855
fine,giraffe,hypo,okapi,False,359781,0.5,0.7716584874171748
fine,giraffe,hypo,okapi,False,359781,0.51,0.772257958106548
fine,giraffe,hypo,okapi,False,359781,0.52,0.7733487069675506
fine,giraffe,hypo,okapi,False,359781,0.53,0.7744928680716647
fine,giraffe,hypo,okapi,False,359781,0.54,0.7751893410438812
fine,giraffe,hypo,okapi,False,359781,0.55,0.7761169540748519
fine,giraffe,hypo,okapi,False,359781,0.56,0.776698392936127
fine,giraffe,hypo,okapi,False,359781,0.57,0.7773705309662112
fine,giraffe,hypo,okapi,False,359781,0.58,0.7779212289589802
fine,giraffe,hypo,okapi,False,359781,0.59,0.7783635562374525
fine,giraffe,hypo,okapi,False,359781,0.6,0.7790003912363067
fine,giraffe,hypo,okapi,False,359781,0.61,0.7796414206386686
fine,giraffe,hypo,okapi,False,359781,0.62,0.7802703713946414
fine,giraffe,hypo,okapi,False,359781,0.63,0.7807700433941719
fine,giraffe,hypo,okapi,False,359781,0.64,0.7811277255532284
fine,giraffe,hypo,okapi,False,359781,0.65,0.7817833733532351
fine,giraffe,hypo,okapi,False,359781,0.66,0.7820857781956106
fine,giraffe,hypo,okapi,False,359781,0.67,0.7824164790853589
fine,giraffe,hypo,okapi,False,359781,0.68,0.7828732321434351
fine,giraffe,hypo,okapi,False,359781,0.69,0.7831056503112117
fine,giraffe,hypo,okapi,False,359781,0.7,0.78321621839916
fine,giraffe,hypo,okapi,False,359781,0.71,0.7834915101039447
fine,giraffe,hypo,okapi,False,359781,0.72,0.7835266035514411
fine,giraffe,hypo,okapi,False,359781,0.73,0.7836570231283746
fine,giraffe,hypo,okapi,False,359781,0.74,0.7838425485995909
fine,giraffe,hypo,okapi,False,359781,0.75,0.7839987121699935
fine,giraffe,hypo,okapi,False,359781,0.76,0.7845604324880937
fine,giraffe,hypo,okapi,False,359781,0.77,0.7843982121611628
fine,giraffe,hypo,okapi,False,359781,0.78,0.7843861989168689
fine,giraffe,hypo,okapi,False,359781,0.79,0.7847218875985801
fine,giraffe,hypo,okapi,False,359781,0.8,0.784758907496909
fine,giraffe,hypo,okapi,True,359781,0.5,0.771624524871922
fine,giraffe,hypo,okapi,True,359781,0.51,0.7722893156470666
fine,giraffe,hypo,okapi,True,359781,0.52,0.7733309167600343
fine,giraffe,hypo,okapi,True,359781,0.53,0.7745778889510582
fine,giraffe,hypo,okapi,True,359781,0.54,0.7751047572097609
fine,giraffe,hypo,okapi,True,359781,0.55,0.7759944860181174
fine,giraffe,hypo,okapi,True,359781,0.56,0.7767235304721171
fine,giraffe,hypo,okapi,True,359781,0.57,0.7773121623833688
fine,giraffe,hypo,okapi,True,359781,0.58,0.7778522502493012
fine,giraffe,hypo,okapi,True,359781,0.59,0.7784073281844456
fine,giraffe,hypo,okapi,True,359781,0.6,0.7790407540892709
fine,giraffe,hypo,okapi,True,359781,0.61,0.7795914377871176
fine,giraffe,hypo,okapi,True,359781,0.62,0.7801321485532012
fine,giraffe,hypo,okapi,True,359781,0.63,0.7807515324954066
fine,giraffe,hypo,okapi,True,359781,0.64,0.781292135744107
fine,giraffe,hypo,okapi,True,359781,0.65,0.781756208407726
fine,giraffe,hypo,okapi,True,359781,0.66,0.7820791436912099
fine,giraffe,hypo,okapi,True,359781,0.67,0.7823142477560675
fine,giraffe,hypo,okapi,True,359781,0.68,0.7827304815258573
fine,giraffe,hypo,okapi,True,359781,0.69,0.7831214209453558
fine,giraffe,hypo,okapi,True,359781,0.7,0.7833944939297435
fine,giraffe,hypo,okapi,True,359781,0.71,0.7835083185268938
fine,giraffe,hypo,okapi,True,359781,0.72,0.7836895460708981
fine,giraffe,hypo,okapi,True,359781,0.73,0.7837358240978238
fine,giraffe,hypo,okapi,True,359781,0.74,0.7839445474329008
fine,giraffe,hypo,okapi,True,359781,0.75,0.7840284825930759
fine,giraffe,hypo,okapi,True,359781,0.76,0.7840996908809892
fine,giraffe,hypo,okapi,True,359781,0.77,0.7845279860954649
fine,giraffe,hypo,okapi,True,359781,0.78,0.7845423837863922
fine,giraffe,hypo,okapi,True,359781,0.79,0.7845384689579783
fine,giraffe,hypo,okapi,True,359781,0.8,0.7845516044542284
fine,giraffe,hyper,ruminant,False,359781,0.5,0.7844974162360393
fine,giraffe,hyper,ruminant,False,359781,0.51,0.7851593045503702
fine,giraffe,hyper,ruminant,False,359781,0.52,0.7854568405667115
fine,giraffe,hyper,ruminant,False,359781,0.53,0.7859049830030678
fine,giraffe,hyper,ruminant,False,359781,0.54,0.7862654832085845
fine,giraffe,hyper,ruminant,False,359781,0.55,0.786740751765309
fine,giraffe,hyper,ruminant,False,359781,0.56,0.7872066328637257
fine,giraffe,hyper,ruminant,False,359781,0.57,0.7881242678721684
fine,giraffe,hyper,ruminant,False,359781,0.58,0.7887008256835374
fine,giraffe,hyper,ruminant,False,359781,0.59,0.7887970766394522
fine,giraffe,hyper,ruminant,False,359781,0.6,0.7889674449194344
fine,giraffe,hyper,ruminant,False,359781,0.61,0.7892567412224522
fine,giraffe,hyper,ruminant,False,359781,0.62,0.7895427409302631
fine,giraffe,hyper,ruminant,False,359781,0.63,0.7897082193351791
fine,giraffe,hyper,ruminant,False,359781,0.64,0.7901180013420402
fine,giraffe,hyper,ruminant,False,359781,0.65,0.7900792677943941
fine,giraffe,hyper,ruminant,False,359781,0.66,0.790147445422334
fine,giraffe,hyper,ruminant,False,359781,0.67,0.7901536654595283
fine,giraffe,hyper,ruminant,False,359781,0.68,0.7902156022358751
fine,giraffe,hyper,ruminant,False,359781,0.69,0.7902860771447645
fine,giraffe,hyper,ruminant,False,359781,0.7,0.7901638277449688
fine,giraffe,hyper,ruminant,False,359781,0.71,0.7902255883500195
fine,giraffe,hyper,ruminant,False,359781,0.72,0.7899530775600331
fine,giraffe,hyper,ruminant,False,359781,0.73,0.7898827003261029
fine,giraffe,hyper,ruminant,False,359781,0.74,0.7895385213881639
fine,giraffe,hyper,ruminant,False,359781,0.75,0.7892699831584402
fine,giraffe,hyper,ruminant,False,359781,0.76,0.7891389828314374
fine,giraffe,hyper,ruminant,False,359781,0.77,0.7888651725364639
fine,giraffe,hyper,ruminant,False,359781,0.78,0.7887150982419855
fine,giraffe,hyper,ruminant,False,359781,0.79,0.7884565708750404
fine,giraffe,hyper,ruminant,False,359781,0.8,0.788228272791793
fine,giraffe,hyper,ruminant,True,359781,0.5,0.7842892144607231
fine,giraffe,hyper,ruminant,True,359781,0.51,0.7850891787568215
fine,giraffe,hyper,ruminant,True,359781,0.52,0.7853084820093691
fine,giraffe,hyper,ruminant,True,359781,0.53,0.7856562474090042
fine,giraffe,hyper,ruminant,True,359781,0.54,0.7861519607843137
fine,giraffe,hyper,ruminant,True,359781,0.55,0.7865341360148187
fine,giraffe,hyper,ruminant,True,359781,0.56,0.7869402183788426
fine,giraffe,hyper,ruminant,True,359781,0.57,0.7876352956705386
fine,giraffe,hyper,ruminant,True,359781,0.58,0.7883407776111285
fine,giraffe,hyper,ruminant,True,359781,0.59,0.7886530894482952
fine,giraffe,hyper,ruminant,True,359781,0.6,0.7889387734964725
fine,giraffe,hyper,ruminant,True,359781,0.61,0.7891407918514868
fine,giraffe,hyper,ruminant,True,359781,0.62,0.7893735338987221
fine,giraffe,hyper,ruminant,True,359781,0.63,0.7895978763150133
fine,giraffe,hyper,ruminant,True,359781,0.64,0.7897045584745069
fine,giraffe,hyper,ruminant,True,359781,0.65,0.789798087141339
fine,giraffe,hyper,ruminant,True,359781,0.66,0.7899748472871002
fine,giraffe,hyper,ruminant,True,359781,0.67,0.789954635945302
fine,giraffe,hyper,ruminant,True,359781,0.68,0.7900948778976884
fine,giraffe,hyper,ruminant,True,359781,0.69,0.7901037509976058
fine,giraffe,hyper,ruminant,True,359781,0.7,0.7899215724559862
fine,giraffe,hyper,ruminant,True,359781,0.71,0.7899871546804117
fine,giraffe,hyper,ruminant,True,359781,0.72,0.7898866183684741
fine,giraffe,hyper,ruminant,True,359781,0.73,0.7896820888982652
fine,giraffe,hyper,ruminant,True,359781,0.74,0.7895402578448066
fine,giraffe,hyper,ruminant,True,359781,0.75,0.7894259280263136
fine,giraffe,hyper,ruminant,True,359781,0.76,0.7891345873668534
fine,giraffe,hyper,ruminant,True,359781,0.77,0.7889926067332115
fine,giraffe,hyper,ruminant,True,359781,0.78,0.7886365473207791
fine,giraffe,hyper,ruminant,True,359781,0.79,0.7883863673073817
fine,giraffe,hyper,ruminant,True,359781,0.8,0.7882588413797557
fine,giraffe,orig,giraffe,False,284296,0.5,0.6272242339290581
fine,giraffe,orig,giraffe,False,284296,0.51,0.627067201058407
fine,giraffe,orig,giraffe,False,284296,0.52,0.6271001866832607
fine,giraffe,orig,giraffe,False,284296,0.53,0.626986902957522
fine,giraffe,orig,giraffe,False,284296,0.54,0.6268842268842268
fine,giraffe,orig,giraffe,False,284296,0.55,0.627000155351872
fine,giraffe,orig,giraffe,False,284296,0.56,0.6267127275550207
fine,giraffe,orig,giraffe,False,284296,0.57,0.6265999534558995
fine,giraffe,orig,giraffe,False,284296,0.58,0.626332312701058
fine,giraffe,orig,giraffe,False,284296,0.59,0.6259583365600557
fine,giraffe,orig,giraffe,False,284296,0.6,0.62590930196564
fine,giraffe,orig,giraffe,False,284296,0.61,0.6257637868357955
fine,giraffe,orig,giraffe,False,284296,0.62,0.6257104194857916
fine,giraffe,orig,giraffe,False,284296,0.63,0.6256376565156903
fine,giraffe,orig,giraffe,False,284296,0.64,0.6254055306658427
fine,giraffe,orig,giraffe,False,284296,0.65,0.6253475440222428
fine,giraffe,orig,giraffe,False,284296,0.66,0.6252364225884895
fine,giraffe,orig,giraffe,False,284296,0.67,0.6248505188442696
fine,giraffe,orig,giraffe,False,284296,0.68,0.6247397239145523
fine,giraffe,orig,giraffe,False,284296,0.69,0.6244171259008054
fine,giraffe,orig,giraffe,False,284296,0.7,0.6242632045305698
fine,giraffe,orig,giraffe,False,284296,0.71,0.6239316239316239
fine,giraffe,orig,giraffe,False,284296,0.72,0.6236339849161151
fine,giraffe,orig,giraffe,False,284296,0.73,0.6234615384615385
fine,giraffe,orig,giraffe,False,284296,0.74,0.6232602845059593
fine,giraffe,orig,giraffe,False,284296,0.75,0.6231070797140441
fine,giraffe,orig,giraffe,False,284296,0.76,0.622834312934578
fine,giraffe,orig,giraffe,False,284296,0.77,0.6228060068364251
fine,giraffe,orig,giraffe,False,284296,0.78,0.6226864296137009
fine,giraffe,orig,giraffe,False,284296,0.79,0.6222802102920296
fine,giraffe,orig,giraffe,False,284296,0.8,0.6219937861992252
fine,giraffe,orig,giraffe,True,284296,0.5,0.6273304012766123
fine,giraffe,orig,giraffe,True,284296,0.51,0.6271146890677867
fine,giraffe,orig,giraffe,True,284296,0.52,0.6272794432131887
fine,giraffe,orig,giraffe,True,284296,0.53,0.6271759403170656
fine,giraffe,orig,giraffe,True,284296,0.54,0.6272042258991688
fine,giraffe,orig,giraffe,True,284296,0.55,0.6271206180364145
fine,giraffe,orig,giraffe,True,284296,0.56,0.6267892470615617
fine,giraffe,orig,giraffe,True,284296,0.57,0.6264243081931633
fine,giraffe,orig,giraffe,True,284296,0.58,0.6260795476550095
fine,giraffe,orig,giraffe,True,284296,0.59,0.6259482892088558
fine,giraffe,orig,giraffe,True,284296,0.6,0.625981662733568
fine,giraffe,orig,giraffe,True,284296,0.61,0.6260102865540044
fine,giraffe,orig,giraffe,True,284296,0.62,0.6258358780101272
fine,giraffe,orig,giraffe,True,284296,0.63,0.6256953028430161
fine,giraffe,orig,giraffe,True,284296,0.64,0.6254054054054055
fine,giraffe,orig,giraffe,True,284296,0.65,0.6253280839895013
fine,giraffe,orig,giraffe,True,284296,0.66,0.6248698268214603
fine,giraffe,orig,giraffe,True,284296,0.67,0.6246386308445439
fine,giraffe,orig,giraffe,True,284296,0.68,0.6242921530105165
fine,giraffe,orig,giraffe,True,284296,0.69,0.6241577143737246
fine,giraffe,orig,giraffe,True,284296,0.7,0.6238214354435251
fine,giraffe,orig,giraffe,True,284296,0.71,0.6236968647816887
fine,giraffe,orig,giraffe,True,284296,0.72,0.6233516589135366
fine,giraffe,orig,giraffe,True,284296,0.73,0.6231555487242545
fine,giraffe,orig,giraffe,True,284296,0.74,0.622916186525313
fine,giraffe,orig,giraffe,True,284296,0.75,0.6226675881133379
fine,giraffe,orig,giraffe,True,284296,0.76,0.6223808427354364
fine,giraffe,orig,giraffe,True,284296,0.77,0.6221710778672804
fine,giraffe,orig,giraffe,True,284296,0.78,0.6219708588957055
fine,giraffe,orig,giraffe,True,284296,0.79,0.6217894656137392
fine,giraffe,orig,giraffe,True,284296,0.8,0.621470441745527
fine,giraffe,syn,camelopard,False,284296,0.5,0.6233947083397803
fine,giraffe,syn,camelopard,False,284296,0.51,0.6236417771934574
fine,giraffe,syn,camelopard,False,284296,0.52,0.6234493952158288
fine,giraffe,syn,camelopard,False,284296,0.53,0.6233731124242073
fine,giraffe,syn,camelopard,False,284296,0.54,0.6234122234662755
fine,giraffe,syn,camelopard,False,284296,0.55,0.6235671002354394
fine,giraffe,syn,camelopard,False,284296,0.56,0.623533950617284
fine,giraffe,syn,camelopard,False,284296,0.57,0.6237027892442422
fine,giraffe,syn,camelopard,False,284296,0.58,0.623847548509046
fine,giraffe,syn,camelopard,False,284296,0.59,0.6238479040530639
fine,giraffe,syn,camelopard,False,284296,0.6,0.6238528572530269
fine,giraffe,syn,camelopard,False,284296,0.61,0.6238818630475016
fine,giraffe,syn,camelopard,False,284296,0.62,0.6240842137734248
fine,giraffe,syn,camelopard,False,284296,0.63,0.6242384514536902
fine,giraffe,syn,camelopard,False,284296,0.64,0.624416766282343
fine,giraffe,syn,camelopard,False,284296,0.65,0.6247010722826506
fine,giraffe,syn,camelopard,False,284296,0.66,0.6247733672800216
fine,giraffe,syn,camelopard,False,284296,0.67,0.6250192931007872
fine,giraffe,syn,camelopard,False,284296,0.68,0.6250434111518426
fine,giraffe,syn,camelopard,False,284296,0.69,0.6251688341758963
fine,giraffe,syn,camelopard,False,284296,0.7,0.6252798147433424
fine,giraffe,syn,camelopard,False,284296,0.71,0.6252460155134488
fine,giraffe,syn,camelopard,False,284296,0.72,0.6252701451065144
fine,giraffe,syn,camelopard,False,284296,0.73,0.6253956001543806
fine,giraffe,syn,camelopard,False,284296,0.74,0.6253956001543806
fine,giraffe,syn,camelopard,False,284296,0.75,0.6253666821059133
fine,giraffe,syn,camelopard,False,284296,0.76,0.625221956303559
fine,giraffe,syn,camelopard,False,284296,0.77,0.6253571152806733
fine,giraffe,syn,camelopard,False,284296,0.78,0.6253957223380434
fine,giraffe,syn,camelopard,False,284296,0.79,0.6253088326127239
fine,giraffe,syn,camelopard,False,284296,0.8,0.6254150899683373
fine,giraffe,syn,camelopard,True,284296,0.5,0.6234524914887032
fine,giraffe,syn,camelopard,True,284296,0.51,0.6236272235112142
fine,giraffe,syn,camelopard,True,284296,0.52,0.6235457813164302
fine,giraffe,syn,camelopard,True,284296,0.53,0.6235416827628835
fine,giraffe,syn,camelopard,True,284296,0.54,0.6235325919060859
fine,giraffe,syn,camelopard,True,284296,0.55,0.623663385446825
fine,giraffe,syn,camelopard,True,284296,0.56,0.6236061272523826
fine,giraffe,syn,camelopard,True,284296,0.57,0.6237749826375492
fine,giraffe,syn,camelopard,True,284296,0.58,0.623808972726922
fine,giraffe,syn,camelopard,True,284296,0.59,0.6238719629772465
fine,giraffe,syn,camelopard,True,284296,0.6,0.6237902448428764
fine,giraffe,syn,camelopard,True,284296,0.61,0.6239540353989126
fine,giraffe,syn,camelopard,True,284296,0.62,0.6241564151016158
fine,giraffe,syn,camelopard,True,284296,0.63,0.6242384514536902
fine,giraffe,syn,camelopard,True,284296,0.64,0.6243637204997686
fine,giraffe,syn,camelopard,True,284296,0.65,0.6247106927943219
fine,giraffe,syn,camelopard,True,284296,0.66,0.6248456790123457
fine,giraffe,syn,camelopard,True,284296,0.67,0.6250434111518426
fine,giraffe,syn,camelopard,True,284296,0.68,0.6251736915238536
fine,giraffe,syn,camelopard,True,284296,0.69,0.6251640293323041
fine,giraffe,syn,camelopard,True,284296,0.7,0.6253522214073416
fine,giraffe,syn,camelopard,True,284296,0.71,0.6252942765620779
fine,giraffe,syn,camelopard,True,284296,0.72,0.6253425450615616
fine,giraffe,syn,camelopard,True,284296,0.73,0.6254777070063694
fine,giraffe,syn,camelopard,True,284296,0.74,0.6254294206199097
fine,giraffe,syn,camelopard,True,284296,0.75,0.6253136218010577
fine,giraffe,syn,camelopard,True,284296,0.76,0.6253523302057995
fine,giraffe,syn,camelopard,True,284296,0.77,0.625188216671171
fine,giraffe,syn,camelopard,True,284296,0.78,0.6254778545777503
fine,giraffe,syn,camelopard,True,284296,0.79,0.6254392400664169
fine,giraffe,syn,camelopard,True,284296,0.8,0.6255358591125014
fine,giraffe,hypo,okapi,False,284296,0.5,0.629523846785868
fine,giraffe,hypo,okapi,False,284296,0.51,0.629146317640164
fine,giraffe,hypo,okapi,False,284296,0.52,0.6290184144818977
fine,giraffe,hypo,okapi,False,284296,0.53,0.6287350500603841
fine,giraffe,hypo,okapi,False,284296,0.54,0.6283791668287371
fine,giraffe,hypo,okapi,False,284296,0.55,0.628059678296682
fine,giraffe,hypo,okapi,False,284296,0.56,0.6277409089145031
fine,giraffe,hypo,okapi,False,284296,0.57,0.627466945833818
fine,giraffe,hypo,okapi,False,284296,0.58,0.6271744605013366
fine,giraffe,hypo,okapi,False,284296,0.59,0.6270805914686073
fine,giraffe,hypo,okapi,False,284296,0.6,0.626628522828314
fine,giraffe,hypo,okapi,False,284296,0.61,0.6268304934121557
fine,giraffe,hypo,okapi,False,284296,0.62,0.6264520859866466
fine,giraffe,hypo,okapi,False,284296,0.63,0.626200671218609
fine,giraffe,hypo,okapi,False,284296,0.64,0.6261131028102233
fine,giraffe,hypo,okapi,False,284296,0.65,0.6262474473085963
fine,giraffe,hypo,okapi,False,284296,0.66,0.6262470629020453
fine,giraffe,hypo,okapi,False,284296,0.67,0.6260297174532297
fine,giraffe,hypo,okapi,False,284296,0.68,0.6260869565217392
fine,giraffe,hypo,okapi,False,284296,0.69,0.625899003884466
fine,giraffe,hypo,okapi,False,284296,0.7,0.6255669152125451
fine,giraffe,hypo,okapi,False,284296,0.71,0.6255763910236705
fine,giraffe,hypo,okapi,False,284296,0.72,0.6255569211860501
fine,giraffe,hypo,okapi,False,284296,0.73,0.6254703217384627
fine,giraffe,hypo,okapi,False,284296,0.74,0.6254461715601612
fine,giraffe,hypo,okapi,False,284296,0.75,0.6257101182250883
fine,giraffe,hypo,okapi,False,284296,0.76,0.6257101182250883
fine,giraffe,hypo,okapi,False,284296,0.77,0.625532404742719
fine,giraffe,hypo,okapi,False,284296,0.78,0.6256427968378233
fine,giraffe,hypo,okapi,False,284296,0.79,0.6254172902037527
fine,giraffe,hypo,okapi,False,284296,0.8,0.6254316629575627
fine,giraffe,hypo,okapi,True,284296,0.5,0.6297238087786559
fine,giraffe,hypo,okapi,True,284296,0.51,0.6296296296296297
fine,giraffe,hypo,okapi,True,284296,0.52,0.6290951638065523
fine,giraffe,hypo,okapi,True,284296,0.53,0.6286748958373896
fine,giraffe,hypo,okapi,True,284296,0.54,0.6284269881392184
fine,giraffe,hypo,okapi,True,284296,0.55,0.6278934286158149
fine,giraffe,hypo,okapi,True,284296,0.56,0.6277598851422141
fine,giraffe,hypo,okapi,True,284296,0.57,0.6273840905566754
fine,giraffe,hypo,okapi,True,284296,0.58,0.6273241400681748
fine,giraffe,hypo,okapi,True,284296,0.59,0.6267213368404766
fine,giraffe,hypo,okapi,True,284296,0.6,0.6264878652032771
fine,giraffe,hypo,okapi,True,284296,0.61,0.6265590608950844
fine,giraffe,hypo,okapi,True,284296,0.62,0.6264613959949068
fine,giraffe,hypo,okapi,True,284296,0.63,0.6262388646793413
fine,giraffe,hypo,okapi,True,284296,0.64,0.6263922611477242
fine,giraffe,hypo,okapi,True,284296,0.65,0.6263630408815937
fine,giraffe,hypo,okapi,True,284296,0.66,0.6263960563814218
fine,giraffe,hypo,okapi,True,284296,0.67,0.6263376703364385
fine,giraffe,hypo,okapi,True,284296,0.68,0.6262649582515679
fine,giraffe,hypo,okapi,True,284296,0.69,0.6261732574242191
fine,giraffe,hypo,okapi,True,284296,0.7,0.6260478351149734
fine,giraffe,hypo,okapi,True,284296,0.71,0.6260762607626076
fine,giraffe,hypo,okapi,True,284296,0.72,0.6259412939910866
fine,giraffe,hypo,okapi,True,284296,0.73,0.6259650470520454
fine,giraffe,hypo,okapi,True,284296,0.74,0.6258735888180631
fine,giraffe,hypo,okapi,True,284296,0.75,0.625993472835477
fine,giraffe,hypo,okapi,True,284296,0.76,0.626046225908009
fine,giraffe,hypo,okapi,True,284296,0.77,0.6259454063807732
fine,giraffe,hypo,okapi,True,284296,0.78,0.6257388500806018
fine,giraffe,hypo,okapi,True,284296,0.79,0.6258252725318594
fine,giraffe,hypo,okapi,True,284296,0.8,0.6258109093700818
fine,giraffe,hyper,ruminant,False,284296,0.5,0.6446101528250092
fine,giraffe,hyper,ruminant,False,284296,0.51,0.6439703002610966
fine,giraffe,hyper,ruminant,False,284296,0.52,0.6435977717236612
fine,giraffe,hyper,ruminant,False,284296,0.53,0.6433348194382523
fine,giraffe,hyper,ruminant,False,284296,0.54,0.6422803617571059
fine,giraffe,hyper,ruminant,False,284296,0.55,0.6409637584972446
fine,giraffe,hyper,ruminant,False,284296,0.56,0.6399582932306705
fine,giraffe,hyper,ruminant,False,284296,0.57,0.6391443422630948
fine,giraffe,hyper,ruminant,False,284296,0.58,0.6380382775119617
fine,giraffe,hyper,ruminant,False,284296,0.59,0.6372599689897825
fine,giraffe,hyper,ruminant,False,284296,0.6,0.6364285147886766
fine,giraffe,hyper,ruminant,False,284296,0.61,0.6360579205570501
fine,giraffe,hyper,ruminant,False,284296,0.62,0.6355992420653719
fine,giraffe,hyper,ruminant,False,284296,0.63,0.6350206815048257
fine,giraffe,hyper,ruminant,False,284296,0.64,0.6344331275315584
fine,giraffe,hyper,ruminant,False,284296,0.65,0.6337547110552764
fine,giraffe,hyper,ruminant,False,284296,0.66,0.6331713434707634
fine,giraffe,hyper,ruminant,False,284296,0.67,0.632565236101874
fine,giraffe,hyper,ruminant,False,284296,0.68,0.632053735306752
fine,giraffe,hyper,ruminant,False,284296,0.69,0.6314250058497777
fine,giraffe,hyper,ruminant,False,284296,0.7,0.6308285614117097
fine,giraffe,hyper,ruminant,False,284296,0.71,0.6303053880567983
fine,giraffe,hyper,ruminant,False,284296,0.72,0.6297303597793147
fine,giraffe,hyper,ruminant,False,284296,0.73,0.629293282105018
fine,giraffe,hyper,ruminant,False,284296,0.74,0.6289491026088305
fine,giraffe,hyper,ruminant,False,284296,0.75,0.6285880302149913
fine,giraffe,hyper,ruminant,False,284296,0.76,0.6282463134264814
fine,giraffe,hyper,ruminant,False,284296,0.77,0.6278035576179428
fine,giraffe,hyper,ruminant,False,284296,0.78,0.6273956723338485
fine,giraffe,hyper,ruminant,False,284296,0.79,0.6271526758823075
fine,giraffe,hyper,ruminant,False,284296,0.8,0.6270846201358864
fine,giraffe,hyper,ruminant,True,284296,0.5,0.6443452990053621
fine,giraffe,hyper,ruminant,True,284296,0.51,0.6438763861709067
fine,giraffe,hyper,ruminant,True,284296,0.52,0.6436758250690945
fine,giraffe,hyper,ruminant,True,284296,0.53,0.6433028117656592
fine,giraffe,hyper,ruminant,True,284296,0.54,0.6421855453775069
fine,giraffe,hyper,ruminant,True,284296,0.55,0.6410132689987937
fine,giraffe,hyper,ruminant,True,284296,0.56,0.6398364532809556
fine,giraffe,hyper,ruminant,True,284296,0.57,0.6390631869229847
fine,giraffe,hyper,ruminant,True,284296,0.58,0.6380052618990673
fine,giraffe,hyper,ruminant,True,284296,0.59,0.6372381444528362
fine,giraffe,hyper,ruminant,True,284296,0.6,0.6364825754271894
fine,giraffe,hyper,ruminant,True,284296,0.61,0.635996835443038
fine,giraffe,hyper,ruminant,True,284296,0.62,0.6356567729712662
fine,giraffe,hyper,ruminant,True,284296,0.63,0.6349206349206349
fine,giraffe,hyper,ruminant,True,284296,0.64,0.6344580777096115
fine,giraffe,hyper,ruminant,True,284296,0.65,0.6338724874371859
fine,giraffe,hyper,ruminant,True,284296,0.66,0.6334091265485338
fine,giraffe,hyper,ruminant,True,284296,0.67,0.6327137546468401
fine,giraffe,hyper,ruminant,True,284296,0.68,0.6321196968513165
fine,giraffe,hyper,ruminant,True,284296,0.69,0.631607693207974
fine,giraffe,hyper,ruminant,True,284296,0.7,0.6308879105466163
fine,giraffe,hyper,ruminant,True,284296,0.71,0.630409402241594
fine,giraffe,hyper,ruminant,True,284296,0.72,0.6299218719633071
fine,giraffe,hyper,ruminant,True,284296,0.73,0.6292946154742032
fine,giraffe,hyper,ruminant,True,284296,0.74,0.629155514178207
fine,giraffe,hyper,ruminant,True,284296,0.75,0.6288272226959151
fine,giraffe,hyper,ruminant,True,284296,0.76,0.6284320179684777
fine,giraffe,hyper,ruminant,True,284296,0.77,0.6279645606840252
fine,giraffe,hyper,ruminant,True,284296,0.78,0.6275320859749497
fine,giraffe,hyper,ruminant,True,284296,0.79,0.6274441610634516
fine,giraffe,hyper,ruminant,True,284296,0.8,0.6272692159134801
fine,hair drier,orig,hair drier,False,501368,0.5,0.0
fine,hair drier,orig,hair drier,False,501368,0.51,0.0
fine,hair drier,orig,hair drier,False,501368,0.52,0.0
fine,hair drier,orig,hair drier,False,501368,0.53,0.0
fine,hair drier,orig,hair drier,False,501368,0.54,0.0
fine,hair drier,orig,hair drier,False,501368,0.55,0.0
fine,hair drier,orig,hair drier,False,501368,0.56,0.0
fine,hair drier,orig,hair drier,False,501368,0.57,0.0
fine,hair drier,orig,hair drier,False,501368,0.58,0.0
fine,hair drier,orig,hair drier,False,501368,0.59,0.0
fine,hair drier,orig,hair drier,False,501368,0.6,0.0
fine,hair drier,orig,hair drier,False,501368,0.61,0.0
fine,hair drier,orig,hair drier,False,501368,0.62,0.0
fine,hair drier,orig,hair drier,False,501368,0.63,0.0
fine,hair drier,orig,hair drier,False,501368,0.64,0.0
fine,hair drier,orig,hair drier,False,501368,0.65,0.0
fine,hair drier,orig,hair drier,False,501368,0.66,0.0
fine,hair drier,orig,hair drier,False,501368,0.67,0.0
fine,hair drier,orig,hair drier,False,501368,0.68,0.0
fine,hair drier,orig,hair drier,False,501368,0.69,0.0
fine,hair drier,orig,hair drier,False,501368,0.7,0.0
fine,hair drier,orig,hair drier,False,501368,0.71,0.0
fine,hair drier,orig,hair drier,False,501368,0.72,0.0
fine,hair drier,orig,hair drier,False,501368,0.73,0.0
fine,hair drier,orig,hair drier,False,501368,0.74,0.0
fine,hair drier,orig,hair drier,False,501368,0.75,0.0
fine,hair drier,orig,hair drier,False,501368,0.76,0.0
fine,hair drier,orig,hair drier,False,501368,0.77,0.0
fine,hair drier,orig,hair drier,False,501368,0.78,0.0
fine,hair drier,orig,hair drier,False,501368,0.79,0.0
fine,hair drier,orig,hair drier,False,501368,0.8,0.0
fine,hair drier,orig,hair drier,True,501368,0.5,0.0
fine,hair drier,orig,hair drier,True,501368,0.51,0.0
fine,hair drier,orig,hair drier,True,501368,0.52,0.0
fine,hair drier,orig,hair drier,True,501368,0.53,0.0
fine,hair drier,orig,hair drier,True,501368,0.54,0.0
fine,hair drier,orig,hair drier,True,501368,0.55,0.0
fine,hair drier,orig,hair drier,True,501368,0.56,0.0
fine,hair drier,orig,hair drier,True,501368,0.57,0.0
fine,hair drier,orig,hair drier,True,501368,0.58,0.0
fine,hair drier,orig,hair drier,True,501368,0.59,0.0
fine,hair drier,orig,hair drier,True,501368,0.6,0.0
fine,hair drier,orig,hair drier,True,501368,0.61,0.0
fine,hair drier,orig,hair drier,True,501368,0.62,0.0
fine,hair drier,orig,hair drier,True,501368,0.63,0.0
fine,hair drier,orig,hair drier,True,501368,0.64,0.0
fine,hair drier,orig,hair drier,True,501368,0.65,0.0
fine,hair drier,orig,hair drier,True,501368,0.66,0.0
fine,hair drier,orig,hair drier,True,501368,0.67,0.0
fine,hair drier,orig,hair drier,True,501368,0.68,0.0
fine,hair drier,orig,hair drier,True,501368,0.69,0.0
fine,hair drier,orig,hair drier,True,501368,0.7,0.0
fine,hair drier,orig,hair drier,True,501368,0.71,0.0
fine,hair drier,orig,hair drier,True,501368,0.72,0.0
fine,hair drier,orig,hair drier,True,501368,0.73,0.0
fine,hair drier,orig,hair drier,True,501368,0.74,0.0
fine,hair drier,orig,hair drier,True,501368,0.75,0.0
fine,hair drier,orig,hair drier,True,501368,0.76,0.0
fine,hair drier,orig,hair drier,True,501368,0.77,0.0
fine,hair drier,orig,hair drier,True,501368,0.78,0.0
fine,hair drier,orig,hair drier,True,501368,0.79,0.0
fine,hair drier,orig,hair drier,True,501368,0.8,0.0
fine,hair drier,syn,hand blower,False,501368,0.5,0.0
fine,hair drier,syn,hand blower,False,501368,0.51,0.0
fine,hair drier,syn,hand blower,False,501368,0.52,0.0
fine,hair drier,syn,hand blower,False,501368,0.53,0.0
fine,hair drier,syn,hand blower,False,501368,0.54,0.0
fine,hair drier,syn,hand blower,False,501368,0.55,0.0
fine,hair drier,syn,hand blower,False,501368,0.56,0.0
fine,hair drier,syn,hand blower,False,501368,0.57,0.0
fine,hair drier,syn,hand blower,False,501368,0.58,0.0
fine,hair drier,syn,hand blower,False,501368,0.59,0.0
fine,hair drier,syn,hand blower,False,501368,0.6,0.0
fine,hair drier,syn,hand blower,False,501368,0.61,0.0
fine,hair drier,syn,hand blower,False,501368,0.62,0.0
fine,hair drier,syn,hand blower,False,501368,0.63,0.0
fine,hair drier,syn,hand blower,False,501368,0.64,0.0
fine,hair drier,syn,hand blower,False,501368,0.65,0.0
fine,hair drier,syn,hand blower,False,501368,0.66,0.0
fine,hair drier,syn,hand blower,False,501368,0.67,0.0
fine,hair drier,syn,hand blower,False,501368,0.68,0.0
fine,hair drier,syn,hand blower,False,501368,0.69,0.0
fine,hair drier,syn,hand blower,False,501368,0.7,0.0
fine,hair drier,syn,hand blower,False,501368,0.71,0.0
fine,hair drier,syn,hand blower,False,501368,0.72,0.0
fine,hair drier,syn,hand blower,False,501368,0.73,0.0
fine,hair drier,syn,hand blower,False,501368,0.74,0.0
fine,hair drier,syn,hand blower,False,501368,0.75,0.0
fine,hair drier,syn,hand blower,False,501368,0.76,0.0
fine,hair drier,syn,hand blower,False,501368,0.77,0.0
fine,hair drier,syn,hand blower,False,501368,0.78,0.0
fine,hair drier,syn,hand blower,False,501368,0.79,0.0
fine,hair drier,syn,hand blower,False,501368,0.8,0.0
fine,hair drier,syn,hand blower,True,501368,0.5,0.0
fine,hair drier,syn,hand blower,True,501368,0.51,0.0
fine,hair drier,syn,hand blower,True,501368,0.52,0.0
fine,hair drier,syn,hand blower,True,501368,0.53,0.0
fine,hair drier,syn,hand blower,True,501368,0.54,0.0
fine,hair drier,syn,hand blower,True,501368,0.55,0.0
fine,hair drier,syn,hand blower,True,501368,0.56,0.0
fine,hair drier,syn,hand blower,True,501368,0.57,0.0
fine,hair drier,syn,hand blower,True,501368,0.58,0.0
fine,hair drier,syn,hand blower,True,501368,0.59,0.0
fine,hair drier,syn,hand blower,True,501368,0.6,0.0
fine,hair drier,syn,hand blower,True,501368,0.61,0.0
fine,hair drier,syn,hand blower,True,501368,0.62,0.0
fine,hair drier,syn,hand blower,True,501368,0.63,0.0
fine,hair drier,syn,hand blower,True,501368,0.64,0.0
fine,hair drier,syn,hand blower,True,501368,0.65,0.0
fine,hair drier,syn,hand blower,True,501368,0.66,0.0
fine,hair drier,syn,hand blower,True,501368,0.67,0.0
fine,hair drier,syn,hand blower,True,501368,0.68,0.0
fine,hair drier,syn,hand blower,True,501368,0.69,0.0
fine,hair drier,syn,hand blower,True,501368,0.7,0.0
fine,hair drier,syn,hand blower,True,501368,0.71,0.0
fine,hair drier,syn,hand blower,True,501368,0.72,0.0
fine,hair drier,syn,hand blower,True,501368,0.73,0.0
fine,hair drier,syn,hand blower,True,501368,0.74,0.0
fine,hair drier,syn,hand blower,True,501368,0.75,0.0
fine,hair drier,syn,hand blower,True,501368,0.76,0.0
fine,hair drier,syn,hand blower,True,501368,0.77,0.0
fine,hair drier,syn,hand blower,True,501368,0.78,0.0
fine,hair drier,syn,hand blower,True,501368,0.79,0.0
fine,hair drier,syn,hand blower,True,501368,0.8,0.0
fine,hair drier,hyper,dryer,False,501368,0.5,0.0
fine,hair drier,hyper,dryer,False,501368,0.51,0.0
fine,hair drier,hyper,dryer,False,501368,0.52,0.0
fine,hair drier,hyper,dryer,False,501368,0.53,0.0
fine,hair drier,hyper,dryer,False,501368,0.54,0.0
fine,hair drier,hyper,dryer,False,501368,0.55,0.0
fine,hair drier,hyper,dryer,False,501368,0.56,0.0
fine,hair drier,hyper,dryer,False,501368,0.57,0.0
fine,hair drier,hyper,dryer,False,501368,0.58,0.0
fine,hair drier,hyper,dryer,False,501368,0.59,0.0
fine,hair drier,hyper,dryer,False,501368,0.6,0.0
fine,hair drier,hyper,dryer,False,501368,0.61,0.0
fine,hair drier,hyper,dryer,False,501368,0.62,0.0
fine,hair drier,hyper,dryer,False,501368,0.63,0.0
fine,hair drier,hyper,dryer,False,501368,0.64,0.0
fine,hair drier,hyper,dryer,False,501368,0.65,0.0
fine,hair drier,hyper,dryer,False,501368,0.66,0.0
fine,hair drier,hyper,dryer,False,501368,0.67,0.0
fine,hair drier,hyper,dryer,False,501368,0.68,0.0
fine,hair drier,hyper,dryer,False,501368,0.69,0.0
fine,hair drier,hyper,dryer,False,501368,0.7,0.0
fine,hair drier,hyper,dryer,False,501368,0.71,0.0
fine,hair drier,hyper,dryer,False,501368,0.72,0.0
fine,hair drier,hyper,dryer,False,501368,0.73,0.0
fine,hair drier,hyper,dryer,False,501368,0.74,0.0
fine,hair drier,hyper,dryer,False,501368,0.75,0.0
fine,hair drier,hyper,dryer,False,501368,0.76,0.0
fine,hair drier,hyper,dryer,False,501368,0.77,0.0
fine,hair drier,hyper,dryer,False,501368,0.78,0.0
fine,hair drier,hyper,dryer,False,501368,0.79,0.0
fine,hair drier,hyper,dryer,False,501368,0.8,0.0
fine,hair drier,hyper,dryer,True,501368,0.5,0.0
fine,hair drier,hyper,dryer,True,501368,0.51,0.0
fine,hair drier,hyper,dryer,True,501368,0.52,0.0
fine,hair drier,hyper,dryer,True,501368,0.53,0.0
fine,hair drier,hyper,dryer,True,501368,0.54,0.0
fine,hair drier,hyper,dryer,True,501368,0.55,0.0
fine,hair drier,hyper,dryer,True,501368,0.56,0.0
fine,hair drier,hyper,dryer,True,501368,0.57,0.0
fine,hair drier,hyper,dryer,True,501368,0.58,0.0
fine,hair drier,hyper,dryer,True,501368,0.59,0.0
fine,hair drier,hyper,dryer,True,501368,0.6,0.0
fine,hair drier,hyper,dryer,True,501368,0.61,0.0
fine,hair drier,hyper,dryer,True,501368,0.62,0.0
fine,hair drier,hyper,dryer,True,501368,0.63,0.0
fine,hair drier,hyper,dryer,True,501368,0.64,0.0
fine,hair drier,hyper,dryer,True,501368,0.65,0.0
fine,hair drier,hyper,dryer,True,501368,0.66,0.0
fine,hair drier,hyper,dryer,True,501368,0.67,0.0
fine,hair drier,hyper,dryer,True,501368,0.68,0.0
fine,hair drier,hyper,dryer,True,501368,0.69,0.0
fine,hair drier,hyper,dryer,True,501368,0.7,0.0
fine,hair drier,hyper,dryer,True,501368,0.71,0.0
fine,hair drier,hyper,dryer,True,501368,0.72,0.0
fine,hair drier,hyper,dryer,True,501368,0.73,0.0
fine,hair drier,hyper,dryer,True,501368,0.74,0.0
fine,hair drier,hyper,dryer,True,501368,0.75,0.0
fine,hair drier,hyper,dryer,True,501368,0.76,0.0
fine,hair drier,hyper,dryer,True,501368,0.77,0.0
fine,hair drier,hyper,dryer,True,501368,0.78,0.0
fine,hair drier,hyper,dryer,True,501368,0.79,0.0
fine,hair drier,hyper,dryer,True,501368,0.8,0.0
fine,hair drier,orig,hair drier,False,239041,0.5,0.4026343894624422
fine,hair drier,orig,hair drier,False,239041,0.51,0.40342734737593716
fine,hair drier,orig,hair drier,False,239041,0.52,0.4035778175313059
fine,hair drier,orig,hair drier,False,239041,0.53,0.40380473797559224
fine,hair drier,orig,hair drier,False,239041,0.54,0.4056297365571996
fine,hair drier,orig,hair drier,False,239041,0.55,0.4065894279507603
fine,hair drier,orig,hair drier,False,239041,0.56,0.40666908300108734
fine,hair drier,orig,hair drier,False,239041,0.57,0.40661337209302323
fine,hair drier,orig,hair drier,False,239041,0.58,0.4069216757741348
fine,hair drier,orig,hair drier,False,239041,0.59,0.40915750915750915
fine,hair drier,orig,hair drier,False,239041,0.6,0.41081279882309674
fine,hair drier,orig,hair drier,False,239041,0.61,0.41159099298634183
fine,hair drier,orig,hair drier,False,239041,0.62,0.41268075639599555
fine,hair drier,orig,hair drier,False,239041,0.63,0.41294642857142855
fine,hair drier,orig,hair drier,False,239041,0.64,0.4149812734082397
fine,hair drier,orig,hair drier,False,239041,0.65,0.4160090191657272
fine,hair drier,orig,hair drier,False,239041,0.66,0.4166666666666667
fine,hair drier,orig,hair drier,False,239041,0.67,0.41818181818181815
fine,hair drier,orig,hair drier,False,239041,0.68,0.4185692541856925
fine,hair drier,orig,hair drier,False,239041,0.69,0.4184803360061092
fine,hair drier,orig,hair drier,False,239041,0.7,0.41921898928024504
fine,hair drier,orig,hair drier,False,239041,0.71,0.4206074586697424
fine,hair drier,orig,hair drier,False,239041,0.72,0.422007722007722
fine,hair drier,orig,hair drier,False,239041,0.73,0.4228682170542636
fine,hair drier,orig,hair drier,False,239041,0.74,0.422852701127089
fine,hair drier,orig,hair drier,False,239041,0.75,0.42250778816199375
fine,hair drier,orig,hair drier,False,239041,0.76,0.423046875
fine,hair drier,orig,hair drier,False,239041,0.77,0.42325763508222397
fine,hair drier,orig,hair drier,False,239041,0.78,0.4257581725088618
fine,hair drier,orig,hair drier,False,239041,0.79,0.4272151898734177
fine,hair drier,orig,hair drier,False,239041,0.8,0.42857142857142855
fine,hair drier,orig,hair drier,True,239041,0.5,0.40342734737593716
fine,hair drier,orig,hair drier,True,239041,0.51,0.40328923846978904
fine,hair drier,orig,hair drier,True,239041,0.52,0.4048132183908046
fine,hair drier,orig,hair drier,True,239041,0.53,0.4053371799495132
fine,hair drier,orig,hair drier,True,239041,0.54,0.4069514844315713
fine,hair drier,orig,hair drier,True,239041,0.55,0.4073939833272925
fine,hair drier,orig,hair drier,True,239041,0.56,0.4081484176064023
fine,hair drier,orig,hair drier,True,239041,0.57,0.40816326530612246
fine,hair drier,orig,hair drier,True,239041,0.58,0.40877513711151736
fine,hair drier,orig,hair drier,True,239041,0.59,0.4101247248716067
fine,hair drier,orig,hair drier,True,239041,0.6,0.4117213416881681
fine,hair drier,orig,hair drier,True,239041,0.61,0.41235207100591714
fine,hair drier,orig,hair drier,True,239041,0.62,0.413075780089153
fine,hair drier,orig,hair drier,True,239041,0.63,0.41442451420029897
fine,hair drier,orig,hair drier,True,239041,0.64,0.41454272863568215
fine,hair drier,orig,hair drier,True,239041,0.65,0.416195856873823
fine,hair drier,orig,hair drier,True,239041,0.66,0.4174537211938043
fine,hair drier,orig,hair drier,True,239041,0.67,0.4180576631259484
fine,hair drier,orig,hair drier,True,239041,0.68,0.4175866006851922
fine,hair drier,orig,hair drier,True,239041,0.69,0.41841803591899124
fine,hair drier,orig,hair drier,True,239041,0.7,0.41963943229766015
fine,hair drier,orig,hair drier,True,239041,0.71,0.4210931485758276
fine,hair drier,orig,hair drier,True,239041,0.72,0.42217072228659713
fine,hair drier,orig,hair drier,True,239041,0.73,0.4223169314219295
fine,hair drier,orig,hair drier,True,239041,0.74,0.4235705950991832
fine,hair drier,orig,hair drier,True,239041,0.75,0.4232268121590023
fine,hair drier,orig,hair drier,True,239041,0.76,0.4234375
fine,hair drier,orig,hair drier,True,239041,0.77,0.42414739317914546
fine,hair drier,orig,hair drier,True,239041,0.78,0.42581660763478946
fine,hair drier,orig,hair drier,True,239041,0.79,0.42800632911392406
fine,hair drier,orig,hair drier,True,239041,0.8,0.42817460317460315
fine,hair drier,syn,hand blower,False,239041,0.5,0.4733754512635379
fine,hair drier,syn,hand blower,False,239041,0.51,0.4698526127735596
fine,hair drier,syn,hand blower,False,239041,0.52,0.4654867256637168
fine,hair drier,syn,hand blower,False,239041,0.53,0.4616396317404647
fine,hair drier,syn,hand blower,False,239041,0.54,0.4582971329278888
fine,hair drier,syn,hand blower,False,239041,0.55,0.45564168819982775
fine,hair drier,syn,hand blower,False,239041,0.56,0.4537671232876712
fine,hair drier,syn,hand blower,False,239041,0.57,0.45264505119453924
fine,hair drier,syn,hand blower,False,239041,0.58,0.45076400679117146
fine,hair drier,syn,hand blower,False,239041,0.59,0.44875579924082665
fine,hair drier,syn,hand blower,False,239041,0.6,0.4481745698699119
fine,hair drier,syn,hand blower,False,239041,0.61,0.4473684210526316
fine,hair drier,syn,hand blower,False,239041,0.62,0.44625
fine,hair drier,syn,hand blower,False,239041,0.63,0.44559800664451826
fine,hair drier,syn,hand blower,False,239041,0.64,0.44421487603305787
fine,hair drier,syn,hand blower,False,239041,0.65,0.44129720853858784
fine,hair drier,syn,hand blower,False,239041,0.66,0.4400327466230045
fine,hair drier,syn,hand blower,False,239041,0.67,0.4390044879640963
fine,hair drier,syn,hand blower,False,239041,0.68,0.4375762505083367
fine,hair drier,syn,hand blower,False,239041,0.69,0.4359805510534846
fine,hair drier,syn,hand blower,False,239041,0.7,0.4350990699555196
fine,hair drier,syn,hand blower,False,239041,0.71,0.4338709677419355
fine,hair drier,syn,hand blower,False,239041,0.72,0.4329979879275654
fine,hair drier,syn,hand blower,False,239041,0.73,0.433105664925673
fine,hair drier,syn,hand blower,False,239041,0.74,0.43189102564102566
fine,hair drier,syn,hand blower,False,239041,0.75,0.43137254901960786
fine,hair drier,syn,hand blower,False,239041,0.76,0.4309105431309904
fine,hair drier,syn,hand blower,False,239041,0.77,0.43005181347150256
fine,hair drier,syn,hand blower,False,239041,0.78,0.42953821656050956
fine,hair drier,syn,hand blower,False,239041,0.79,0.4295942720763723
fine,hair drier,syn,hand blower,False,239041,0.8,0.42857142857142855
fine,hair drier,syn,hand blower,True,239041,0.5,0.4748527412777526
fine,hair drier,syn,hand blower,True,239041,0.51,0.47108919766920665
fine,hair drier,syn,hand blower,True,239041,0.52,0.46672582076308783
fine,hair drier,syn,hand blower,True,239041,0.53,0.46282446106467223
fine,hair drier,syn,hand blower,True,239041,0.54,0.4594240837696335
fine,hair drier,syn,hand blower,True,239041,0.55,0.4566249460509279
fine,hair drier,syn,hand blower,True,239041,0.56,0.4547015886646629
fine,hair drier,syn,hand blower,True,239041,0.57,0.4532251174711662
fine,hair drier,syn,hand blower,True,239041,0.58,0.4509137271568211
fine,hair drier,syn,hand blower,True,239041,0.59,0.45027507405840034
fine,hair drier,syn,hand blower,True,239041,0.6,0.4486963835155593
fine,hair drier,syn,hand blower,True,239041,0.61,0.44728033472803347
fine,hair drier,syn,hand blower,True,239041,0.62,0.44643601500625263
fine,hair drier,syn,hand blower,True,239041,0.63,0.4465251768622555
fine,hair drier,syn,hand blower,True,239041,0.64,0.4455035225859925
fine,hair drier,syn,hand blower,True,239041,0.65,0.443116240725474
fine,hair drier,syn,hand blower,True,239041,0.66,0.440935192780968
fine,hair drier,syn,hand blower,True,239041,0.67,0.43949304987735077
fine,hair drier,syn,hand blower,True,239041,0.68,0.4382892057026477
fine,hair drier,syn,hand blower,True,239041,0.69,0.43686561104344296
fine,hair drier,syn,hand blower,True,239041,0.7,0.435803969218307
fine,hair drier,syn,hand blower,True,239041,0.71,0.4349232012934519
fine,hair drier,syn,hand blower,True,239041,0.72,0.43404598628479224
fine,hair drier,syn,hand blower,True,239041,0.73,0.4334004024144869
fine,hair drier,syn,hand blower,True,239041,0.74,0.4327038971474488
fine,hair drier,syn,hand blower,True,239041,0.75,0.43131758109731677
fine,hair drier,syn,hand blower,True,239041,0.76,0.4308
fine,hair drier,syn,hand blower,True,239041,0.77,0.4301675977653631
fine,hair drier,syn,hand blower,True,239041,0.78,0.429653248306098
fine,hair drier,syn,hand blower,True,239041,0.79,0.4294820717131474
fine,hair drier,syn,hand blower,True,239041,0.8,0.42970927917164475
fine,hair drier,hyper,dryer,False,239041,0.5,0.49027072758037227
fine,hair drier,hyper,dryer,False,239041,0.51,0.48681456676433654
fine,hair drier,hyper,dryer,False,239041,0.52,0.4860822600747819
fine,hair drier,hyper,dryer,False,239041,0.53,0.4829568788501027
fine,hair drier,hyper,dryer,False,239041,0.54,0.4784727863525589
fine,hair drier,hyper,dryer,False,239041,0.55,0.47461724415793716
fine,hair drier,hyper,dryer,False,239041,0.56,0.47374749498998
fine,hair drier,hyper,dryer,False,239041,0.57,0.47093949044585987
fine,hair drier,hyper,dryer,False,239041,0.58,0.4692826000792707
fine,hair drier,hyper,dryer,False,239041,0.59,0.4675068924773533
fine,hair drier,hyper,dryer,False,239041,0.6,0.46645743428795605
fine,hair drier,hyper,dryer,False,239041,0.61,0.4646622413119875
fine,hair drier,hyper,dryer,False,239041,0.62,0.4633956386292835
fine,hair drier,hyper,dryer,False,239041,0.63,0.46138921226232055
fine,hair drier,hyper,dryer,False,239041,0.64,0.4603174603174603
fine,hair drier,hyper,dryer,False,239041,0.65,0.45801232665639446
fine,hair drier,hyper,dryer,False,239041,0.66,0.4553810800459594
fine,hair drier,hyper,dryer,False,239041,0.67,0.4518462124095927
fine,hair drier,hyper,dryer,False,239041,0.68,0.4492424242424242
fine,hair drier,hyper,dryer,False,239041,0.69,0.4482237339380197
fine,hair drier,hyper,dryer,False,239041,0.7,0.44662391550358355
fine,hair drier,hyper,dryer,False,239041,0.71,0.44490409928544566
fine,hair drier,hyper,dryer,False,239041,0.72,0.4433608402100525
fine,hair drier,hyper,dryer,False,239041,0.73,0.44028453762635716
fine,hair drier,hyper,dryer,False,239041,0.74,0.4378963073480045
fine,hair drier,hyper,dryer,False,239041,0.75,0.4369184964644585
fine,hair drier,hyper,dryer,False,239041,0.76,0.4367559523809524
fine,hair drier,hyper,dryer,False,239041,0.77,0.4361069836552749
fine,hair drier,hyper,dryer,False,239041,0.78,0.43455691509084166
fine,hair drier,hyper,dryer,False,239041,0.79,0.4323823638384587
fine,hair drier,hyper,dryer,False,239041,0.8,0.43090033345683587
fine,hair drier,hyper,dryer,True,239041,0.5,0.490080202617138
fine,hair drier,hyper,dryer,True,239041,0.51,0.48768267223382045
fine,hair drier,hyper,dryer,True,239041,0.52,0.48652011613438406
fine,hair drier,hyper,dryer,True,239041,0.53,0.4829848298482985
fine,hair drier,hyper,dryer,True,239041,0.54,0.47868453105968334
fine,hair drier,hyper,dryer,True,239041,0.55,0.47603705195328233
fine,hair drier,hyper,dryer,True,239041,0.56,0.4733893557422969
fine,hair drier,hyper,dryer,True,239041,0.57,0.4709856915739269
fine,hair drier,hyper,dryer,True,239041,0.58,0.46914556962025317
fine,hair drier,hyper,dryer,True,239041,0.59,0.4667715296893433
fine,hair drier,hyper,dryer,True,239041,0.6,0.4667188723570869
fine,hair drier,hyper,dryer,True,239041,0.61,0.46435527853525516
fine,hair drier,hyper,dryer,True,239041,0.62,0.46285492026448855
fine,hair drier,hyper,dryer,True,239041,0.63,0.46162790697674416
fine,hair drier,hyper,dryer,True,239041,0.64,0.45984555984555986
fine,hair drier,hyper,dryer,True,239041,0.65,0.45783596457450904
fine,hair drier,hyper,dryer,True,239041,0.66,0.45524100994644223
fine,hair drier,hyper,dryer,True,239041,0.67,0.45226321795359453
fine,hair drier,hyper,dryer,True,239041,0.68,0.45003785011355035
fine,hair drier,hyper,dryer,True,239041,0.69,0.447041085563513
fine,hair drier,hyper,dryer,True,239041,0.7,0.4465763732129421
fine,hair drier,hyper,dryer,True,239041,0.71,0.44569710635099585
fine,hair drier,hyper,dryer,True,239041,0.72,0.4438202247191011
fine,hair drier,hyper,dryer,True,239041,0.73,0.4418691588785047
fine,hair drier,hyper,dryer,True,239041,0.74,0.43889716840536513
fine,hair drier,hyper,dryer,True,239041,0.75,0.4369654146522871
fine,hair drier,hyper,dryer,True,239041,0.76,0.43626904496469715
fine,hair drier,hyper,dryer,True,239041,0.77,0.43562152133580706
fine,hair drier,hyper,dryer,True,239041,0.78,0.433801775147929
fine,hair drier,hyper,dryer,True,239041,0.79,0.4326923076923077
fine,hair drier,hyper,dryer,True,239041,0.8,0.4319022945965951
fine,hair drier,orig,hair drier,False,384136,0.5,0.0
fine,hair drier,orig,hair drier,False,384136,0.51,0.0
fine,hair drier,orig,hair drier,False,384136,0.52,0.0
fine,hair drier,orig,hair drier,False,384136,0.53,0.0
fine,hair drier,orig,hair drier,False,384136,0.54,0.0
fine,hair drier,orig,hair drier,False,384136,0.55,0.0
fine,hair drier,orig,hair drier,False,384136,0.56,0.0
fine,hair drier,orig,hair drier,False,384136,0.57,0.0
fine,hair drier,orig,hair drier,False,384136,0.58,0.0
fine,hair drier,orig,hair drier,False,384136,0.59,0.0
fine,hair drier,orig,hair drier,False,384136,0.6,0.0
fine,hair drier,orig,hair drier,False,384136,0.61,0.0
fine,hair drier,orig,hair drier,False,384136,0.62,0.0
fine,hair drier,orig,hair drier,False,384136,0.63,0.0
fine,hair drier,orig,hair drier,False,384136,0.64,0.0
fine,hair drier,orig,hair drier,False,384136,0.65,0.0
fine,hair drier,orig,hair drier,False,384136,0.66,0.0
fine,hair drier,orig,hair drier,False,384136,0.67,0.0
fine,hair drier,orig,hair drier,False,384136,0.68,0.0
fine,hair drier,orig,hair drier,False,384136,0.69,0.0
fine,hair drier,orig,hair drier,False,384136,0.7,0.0
fine,hair drier,orig,hair drier,False,384136,0.71,0.0
fine,hair drier,orig,hair drier,False,384136,0.72,0.0
fine,hair drier,orig,hair drier,False,384136,0.73,0.0
fine,hair drier,orig,hair drier,False,384136,0.74,0.0
fine,hair drier,orig,hair drier,False,384136,0.75,0.0
fine,hair drier,orig,hair drier,False,384136,0.76,0.0
fine,hair drier,orig,hair drier,False,384136,0.77,0.0
fine,hair drier,orig,hair drier,False,384136,0.78,0.0
fine,hair drier,orig,hair drier,False,384136,0.79,0.0
fine,hair drier,orig,hair drier,False,384136,0.8,0.0
fine,hair drier,orig,hair drier,True,384136,0.5,0.0
fine,hair drier,orig,hair drier,True,384136,0.51,0.0
fine,hair drier,orig,hair drier,True,384136,0.52,0.0
fine,hair drier,orig,hair drier,True,384136,0.53,0.0
fine,hair drier,orig,hair drier,True,384136,0.54,0.0
fine,hair drier,orig,hair drier,True,384136,0.55,0.0
fine,hair drier,orig,hair drier,True,384136,0.56,0.0
fine,hair drier,orig,hair drier,True,384136,0.57,0.0
fine,hair drier,orig,hair drier,True,384136,0.58,0.0
fine,hair drier,orig,hair drier,True,384136,0.59,0.0
fine,hair drier,orig,hair drier,True,384136,0.6,0.0
fine,hair drier,orig,hair drier,True,384136,0.61,0.0
fine,hair drier,orig,hair drier,True,384136,0.62,0.0
fine,hair drier,orig,hair drier,True,384136,0.63,0.0
fine,hair drier,orig,hair drier,True,384136,0.64,0.0
fine,hair drier,orig,hair drier,True,384136,0.65,0.0
fine,hair drier,orig,hair drier,True,384136,0.66,0.0
fine,hair drier,orig,hair drier,True,384136,0.67,0.0
fine,hair drier,orig,hair drier,True,384136,0.68,0.0
fine,hair drier,orig,hair drier,True,384136,0.69,0.0
fine,hair drier,orig,hair drier,True,384136,0.7,0.0
fine,hair drier,orig,hair drier,True,384136,0.71,0.0
fine,hair drier,orig,hair drier,True,384136,0.72,0.0
fine,hair drier,orig,hair drier,True,384136,0.73,0.0
fine,hair drier,orig,hair drier,True,384136,0.74,0.0
fine,hair drier,orig,hair drier,True,384136,0.75,0.0
fine,hair drier,orig,hair drier,True,384136,0.76,0.0
fine,hair drier,orig,hair drier,True,384136,0.77,0.0
fine,hair drier,orig,hair drier,True,384136,0.78,0.0
fine,hair drier,orig,hair drier,True,384136,0.79,0.0
fine,hair drier,orig,hair drier,True,384136,0.8,0.0
fine,hair drier,syn,hand blower,False,384136,0.5,0.0
fine,hair drier,syn,hand blower,False,384136,0.51,0.0
fine,hair drier,syn,hand blower,False,384136,0.52,0.0
fine,hair drier,syn,hand blower,False,384136,0.53,0.0
fine,hair drier,syn,hand blower,False,384136,0.54,0.0
fine,hair drier,syn,hand blower,False,384136,0.55,0.0
fine,hair drier,syn,hand blower,False,384136,0.56,0.0
fine,hair drier,syn,hand blower,False,384136,0.57,0.0
fine,hair drier,syn,hand blower,False,384136,0.58,0.0
fine,hair drier,syn,hand blower,False,384136,0.59,0.0
fine,hair drier,syn,hand blower,False,384136,0.6,0.0
fine,hair drier,syn,hand blower,False,384136,0.61,0.0
fine,hair drier,syn,hand blower,False,384136,0.62,0.0
fine,hair drier,syn,hand blower,False,384136,0.63,0.0
fine,hair drier,syn,hand blower,False,384136,0.64,0.0
fine,hair drier,syn,hand blower,False,384136,0.65,0.0
fine,hair drier,syn,hand blower,False,384136,0.66,0.0
fine,hair drier,syn,hand blower,False,384136,0.67,0.0
fine,hair drier,syn,hand blower,False,384136,0.68,0.0
fine,hair drier,syn,hand blower,False,384136,0.69,0.0
fine,hair drier,syn,hand blower,False,384136,0.7,0.0
fine,hair drier,syn,hand blower,False,384136,0.71,0.0
fine,hair drier,syn,hand blower,False,384136,0.72,0.0
fine,hair drier,syn,hand blower,False,384136,0.73,0.0
fine,hair drier,syn,hand blower,False,384136,0.74,0.0
fine,hair drier,syn,hand blower,False,384136,0.75,0.0
fine,hair drier,syn,hand blower,False,384136,0.76,0.0
fine,hair drier,syn,hand blower,False,384136,0.77,0.0
fine,hair drier,syn,hand blower,False,384136,0.78,0.0
fine,hair drier,syn,hand blower,False,384136,0.79,0.0
fine,hair drier,syn,hand blower,False,384136,0.8,0.0
fine,hair drier,syn,hand blower,True,384136,0.5,0.0
fine,hair drier,syn,hand blower,True,384136,0.51,0.0
fine,hair drier,syn,hand blower,True,384136,0.52,0.0
fine,hair drier,syn,hand blower,True,384136,0.53,0.0
fine,hair drier,syn,hand blower,True,384136,0.54,0.0
fine,hair drier,syn,hand blower,True,384136,0.55,0.0
fine,hair drier,syn,hand blower,True,384136,0.56,0.0
fine,hair drier,syn,hand blower,True,384136,0.57,0.0
fine,hair drier,syn,hand blower,True,384136,0.58,0.0
fine,hair drier,syn,hand blower,True,384136,0.59,0.0
fine,hair drier,syn,hand blower,True,384136,0.6,0.0
fine,hair drier,syn,hand blower,True,384136,0.61,0.0
fine,hair drier,syn,hand blower,True,384136,0.62,0.0
fine,hair drier,syn,hand blower,True,384136,0.63,0.0
fine,hair drier,syn,hand blower,True,384136,0.64,0.0
fine,hair drier,syn,hand blower,True,384136,0.65,0.0
fine,hair drier,syn,hand blower,True,384136,0.66,0.0
fine,hair drier,syn,hand blower,True,384136,0.67,0.0
fine,hair drier,syn,hand blower,True,384136,0.68,0.0
fine,hair drier,syn,hand blower,True,384136,0.69,0.0
fine,hair drier,syn,hand blower,True,384136,0.7,0.0
fine,hair drier,syn,hand blower,True,384136,0.71,0.0
fine,hair drier,syn,hand blower,True,384136,0.72,0.0
fine,hair drier,syn,hand blower,True,384136,0.73,0.0
fine,hair drier,syn,hand blower,True,384136,0.74,0.0
fine,hair drier,syn,hand blower,True,384136,0.75,0.0
fine,hair drier,syn,hand blower,True,384136,0.76,0.0
fine,hair drier,syn,hand blower,True,384136,0.77,0.0
fine,hair drier,syn,hand blower,True,384136,0.78,0.0
fine,hair drier,syn,hand blower,True,384136,0.79,0.0
fine,hair drier,syn,hand blower,True,384136,0.8,0.0
fine,hair drier,hyper,dryer,False,384136,0.5,0.0
fine,hair drier,hyper,dryer,False,384136,0.51,0.0
fine,hair drier,hyper,dryer,False,384136,0.52,0.0
fine,hair drier,hyper,dryer,False,384136,0.53,0.0
fine,hair drier,hyper,dryer,False,384136,0.54,0.0
fine,hair drier,hyper,dryer,False,384136,0.55,0.0
fine,hair drier,hyper,dryer,False,384136,0.56,0.0
fine,hair drier,hyper,dryer,False,384136,0.57,0.0
fine,hair drier,hyper,dryer,False,384136,0.58,0.0
fine,hair drier,hyper,dryer,False,384136,0.59,0.0
fine,hair drier,hyper,dryer,False,384136,0.6,0.0
fine,hair drier,hyper,dryer,False,384136,0.61,0.0
fine,hair drier,hyper,dryer,False,384136,0.62,0.0
fine,hair drier,hyper,dryer,False,384136,0.63,0.0
fine,hair drier,hyper,dryer,False,384136,0.64,0.0
fine,hair drier,hyper,dryer,False,384136,0.65,0.0
fine,hair drier,hyper,dryer,False,384136,0.66,0.0
fine,hair drier,hyper,dryer,False,384136,0.67,0.0
fine,hair drier,hyper,dryer,False,384136,0.68,0.0
fine,hair drier,hyper,dryer,False,384136,0.69,0.0
fine,hair drier,hyper,dryer,False,384136,0.7,0.0
fine,hair drier,hyper,dryer,False,384136,0.71,0.0
fine,hair drier,hyper,dryer,False,384136,0.72,0.0
fine,hair drier,hyper,dryer,False,384136,0.73,0.0
fine,hair drier,hyper,dryer,False,384136,0.74,0.0
fine,hair drier,hyper,dryer,False,384136,0.75,0.0
fine,hair drier,hyper,dryer,False,384136,0.76,0.0
fine,hair drier,hyper,dryer,False,384136,0.77,0.0
fine,hair drier,hyper,dryer,False,384136,0.78,0.0
fine,hair drier,hyper,dryer,False,384136,0.79,0.0
fine,hair drier,hyper,dryer,False,384136,0.8,0.0
fine,hair drier,hyper,dryer,True,384136,0.5,0.0
fine,hair drier,hyper,dryer,True,384136,0.51,0.0
fine,hair drier,hyper,dryer,True,384136,0.52,0.0
fine,hair drier,hyper,dryer,True,384136,0.53,0.0
fine,hair drier,hyper,dryer,True,384136,0.54,0.0
fine,hair drier,hyper,dryer,True,384136,0.55,0.0
fine,hair drier,hyper,dryer,True,384136,0.56,0.0
fine,hair drier,hyper,dryer,True,384136,0.57,0.0
fine,hair drier,hyper,dryer,True,384136,0.58,0.0
fine,hair drier,hyper,dryer,True,384136,0.59,0.0
fine,hair drier,hyper,dryer,True,384136,0.6,0.0
fine,hair drier,hyper,dryer,True,384136,0.61,0.0
fine,hair drier,hyper,dryer,True,384136,0.62,0.0
fine,hair drier,hyper,dryer,True,384136,0.63,0.0
fine,hair drier,hyper,dryer,True,384136,0.64,0.0
fine,hair drier,hyper,dryer,True,384136,0.65,0.0
fine,hair drier,hyper,dryer,True,384136,0.66,0.0
fine,hair drier,hyper,dryer,True,384136,0.67,0.0
fine,hair drier,hyper,dryer,True,384136,0.68,0.0
fine,hair drier,hyper,dryer,True,384136,0.69,0.0
fine,hair drier,hyper,dryer,True,384136,0.7,0.0
fine,hair drier,hyper,dryer,True,384136,0.71,0.0
fine,hair drier,hyper,dryer,True,384136,0.72,0.0
fine,hair drier,hyper,dryer,True,384136,0.73,0.0
fine,hair drier,hyper,dryer,True,384136,0.74,0.0
fine,hair drier,hyper,dryer,True,384136,0.75,0.0
fine,hair drier,hyper,dryer,True,384136,0.76,0.0
fine,hair drier,hyper,dryer,True,384136,0.77,0.0
fine,hair drier,hyper,dryer,True,384136,0.78,0.0
fine,hair drier,hyper,dryer,True,384136,0.79,0.0
fine,hair drier,hyper,dryer,True,384136,0.8,0.0
fine,hair drier,orig,hair drier,False,178028,0.5,0.0
fine,hair drier,orig,hair drier,False,178028,0.51,0.0
fine,hair drier,orig,hair drier,False,178028,0.52,0.0
fine,hair drier,orig,hair drier,False,178028,0.53,0.0
fine,hair drier,orig,hair drier,False,178028,0.54,0.0
fine,hair drier,orig,hair drier,False,178028,0.55,0.0
fine,hair drier,orig,hair drier,False,178028,0.56,0.0
fine,hair drier,orig,hair drier,False,178028,0.57,0.0
fine,hair drier,orig,hair drier,False,178028,0.58,0.0
fine,hair drier,orig,hair drier,False,178028,0.59,0.0
fine,hair drier,orig,hair drier,False,178028,0.6,0.0
fine,hair drier,orig,hair drier,False,178028,0.61,0.0
fine,hair drier,orig,hair drier,False,178028,0.62,0.0
fine,hair drier,orig,hair drier,False,178028,0.63,0.0
fine,hair drier,orig,hair drier,False,178028,0.64,0.0
fine,hair drier,orig,hair drier,False,178028,0.65,0.0
fine,hair drier,orig,hair drier,False,178028,0.66,0.0
fine,hair drier,orig,hair drier,False,178028,0.67,0.0
fine,hair drier,orig,hair drier,False,178028,0.68,0.0
fine,hair drier,orig,hair drier,False,178028,0.69,0.0
fine,hair drier,orig,hair drier,False,178028,0.7,0.0
fine,hair drier,orig,hair drier,False,178028,0.71,0.0
fine,hair drier,orig,hair drier,False,178028,0.72,0.0
fine,hair drier,orig,hair drier,False,178028,0.73,0.0
fine,hair drier,orig,hair drier,False,178028,0.74,0.0
fine,hair drier,orig,hair drier,False,178028,0.75,0.0
fine,hair drier,orig,hair drier,False,178028,0.76,0.0
fine,hair drier,orig,hair drier,False,178028,0.77,0.0
fine,hair drier,orig,hair drier,False,178028,0.78,0.0
fine,hair drier,orig,hair drier,False,178028,0.79,0.0
fine,hair drier,orig,hair drier,False,178028,0.8,0.0
fine,hair drier,orig,hair drier,True,178028,0.5,0.0
fine,hair drier,orig,hair drier,True,178028,0.51,0.0
fine,hair drier,orig,hair drier,True,178028,0.52,0.0
fine,hair drier,orig,hair drier,True,178028,0.53,0.0
fine,hair drier,orig,hair drier,True,178028,0.54,0.0
fine,hair drier,orig,hair drier,True,178028,0.55,0.0
fine,hair drier,orig,hair drier,True,178028,0.56,0.0
fine,hair drier,orig,hair drier,True,178028,0.57,0.0
fine,hair drier,orig,hair drier,True,178028,0.58,0.0
fine,hair drier,orig,hair drier,True,178028,0.59,0.0
fine,hair drier,orig,hair drier,True,178028,0.6,0.0
fine,hair drier,orig,hair drier,True,178028,0.61,0.0
fine,hair drier,orig,hair drier,True,178028,0.62,0.0
fine,hair drier,orig,hair drier,True,178028,0.63,0.0
fine,hair drier,orig,hair drier,True,178028,0.64,0.0
fine,hair drier,orig,hair drier,True,178028,0.65,0.0
fine,hair drier,orig,hair drier,True,178028,0.66,0.0
fine,hair drier,orig,hair drier,True,178028,0.67,0.0
fine,hair drier,orig,hair drier,True,178028,0.68,0.0
fine,hair drier,orig,hair drier,True,178028,0.69,0.0
fine,hair drier,orig,hair drier,True,178028,0.7,0.0
fine,hair drier,orig,hair drier,True,178028,0.71,0.0
fine,hair drier,orig,hair drier,True,178028,0.72,0.0
fine,hair drier,orig,hair drier,True,178028,0.73,0.0
fine,hair drier,orig,hair drier,True,178028,0.74,0.0
fine,hair drier,orig,hair drier,True,178028,0.75,0.0
fine,hair drier,orig,hair drier,True,178028,0.76,0.0
fine,hair drier,orig,hair drier,True,178028,0.77,0.0
fine,hair drier,orig,hair drier,True,178028,0.78,0.0
fine,hair drier,orig,hair drier,True,178028,0.79,0.0
fine,hair drier,orig,hair drier,True,178028,0.8,0.0
fine,hair drier,syn,hand blower,False,178028,0.5,0.0
fine,hair drier,syn,hand blower,False,178028,0.51,0.0
fine,hair drier,syn,hand blower,False,178028,0.52,0.0
fine,hair drier,syn,hand blower,False,178028,0.53,0.0
fine,hair drier,syn,hand blower,False,178028,0.54,0.0
fine,hair drier,syn,hand blower,False,178028,0.55,0.0
fine,hair drier,syn,hand blower,False,178028,0.56,0.0
fine,hair drier,syn,hand blower,False,178028,0.57,0.0
fine,hair drier,syn,hand blower,False,178028,0.58,0.0
fine,hair drier,syn,hand blower,False,178028,0.59,0.0
fine,hair drier,syn,hand blower,False,178028,0.6,0.0
fine,hair drier,syn,hand blower,False,178028,0.61,0.0
fine,hair drier,syn,hand blower,False,178028,0.62,0.0
fine,hair drier,syn,hand blower,False,178028,0.63,0.0
fine,hair drier,syn,hand blower,False,178028,0.64,0.0
fine,hair drier,syn,hand blower,False,178028,0.65,0.0
fine,hair drier,syn,hand blower,False,178028,0.66,0.0
fine,hair drier,syn,hand blower,False,178028,0.67,0.0
fine,hair drier,syn,hand blower,False,178028,0.68,0.0
fine,hair drier,syn,hand blower,False,178028,0.69,0.0
fine,hair drier,syn,hand blower,False,178028,0.7,0.0
fine,hair drier,syn,hand blower,False,178028,0.71,0.0
fine,hair drier,syn,hand blower,False,178028,0.72,0.0
fine,hair drier,syn,hand blower,False,178028,0.73,0.0
fine,hair drier,syn,hand blower,False,178028,0.74,0.0
fine,hair drier,syn,hand blower,False,178028,0.75,0.0
fine,hair drier,syn,hand blower,False,178028,0.76,0.0
fine,hair drier,syn,hand blower,False,178028,0.77,0.0
fine,hair drier,syn,hand blower,False,178028,0.78,0.0
fine,hair drier,syn,hand blower,False,178028,0.79,0.0
fine,hair drier,syn,hand blower,False,178028,0.8,0.0
fine,hair drier,syn,hand blower,True,178028,0.5,0.0
fine,hair drier,syn,hand blower,True,178028,0.51,0.0
fine,hair drier,syn,hand blower,True,178028,0.52,0.0
fine,hair drier,syn,hand blower,True,178028,0.53,0.0
fine,hair drier,syn,hand blower,True,178028,0.54,0.0
fine,hair drier,syn,hand blower,True,178028,0.55,0.0
fine,hair drier,syn,hand blower,True,178028,0.56,0.0
fine,hair drier,syn,hand blower,True,178028,0.57,0.0
fine,hair drier,syn,hand blower,True,178028,0.58,0.0
fine,hair drier,syn,hand blower,True,178028,0.59,0.0
fine,hair drier,syn,hand blower,True,178028,0.6,0.0
fine,hair drier,syn,hand blower,True,178028,0.61,0.0
fine,hair drier,syn,hand blower,True,178028,0.62,0.0
fine,hair drier,syn,hand blower,True,178028,0.63,0.0
fine,hair drier,syn,hand blower,True,178028,0.64,0.0
fine,hair drier,syn,hand blower,True,178028,0.65,0.0
fine,hair drier,syn,hand blower,True,178028,0.66,0.0
fine,hair drier,syn,hand blower,True,178028,0.67,0.0
fine,hair drier,syn,hand blower,True,178028,0.68,0.0
fine,hair drier,syn,hand blower,True,178028,0.69,0.0
fine,hair drier,syn,hand blower,True,178028,0.7,0.0
fine,hair drier,syn,hand blower,True,178028,0.71,0.0
fine,hair drier,syn,hand blower,True,178028,0.72,0.0
fine,hair drier,syn,hand blower,True,178028,0.73,0.0
fine,hair drier,syn,hand blower,True,178028,0.74,0.0
fine,hair drier,syn,hand blower,True,178028,0.75,0.0
fine,hair drier,syn,hand blower,True,178028,0.76,0.0
fine,hair drier,syn,hand blower,True,178028,0.77,0.0
fine,hair drier,syn,hand blower,True,178028,0.78,0.0
fine,hair drier,syn,hand blower,True,178028,0.79,0.0
fine,hair drier,syn,hand blower,True,178028,0.8,0.0
fine,hair drier,hyper,dryer,False,178028,0.5,0.0
fine,hair drier,hyper,dryer,False,178028,0.51,0.0
fine,hair drier,hyper,dryer,False,178028,0.52,0.0
fine,hair drier,hyper,dryer,False,178028,0.53,0.0
fine,hair drier,hyper,dryer,False,178028,0.54,0.0
fine,hair drier,hyper,dryer,False,178028,0.55,0.0
fine,hair drier,hyper,dryer,False,178028,0.56,0.0
fine,hair drier,hyper,dryer,False,178028,0.57,0.0
fine,hair drier,hyper,dryer,False,178028,0.58,0.0
fine,hair drier,hyper,dryer,False,178028,0.59,0.0
fine,hair drier,hyper,dryer,False,178028,0.6,0.0
fine,hair drier,hyper,dryer,False,178028,0.61,0.0
fine,hair drier,hyper,dryer,False,178028,0.62,0.0
fine,hair drier,hyper,dryer,False,178028,0.63,0.0
fine,hair drier,hyper,dryer,False,178028,0.64,0.0
fine,hair drier,hyper,dryer,False,178028,0.65,0.0
fine,hair drier,hyper,dryer,False,178028,0.66,0.0
fine,hair drier,hyper,dryer,False,178028,0.67,0.0
fine,hair drier,hyper,dryer,False,178028,0.68,0.0
fine,hair drier,hyper,dryer,False,178028,0.69,0.0
fine,hair drier,hyper,dryer,False,178028,0.7,0.0
fine,hair drier,hyper,dryer,False,178028,0.71,0.0
fine,hair drier,hyper,dryer,False,178028,0.72,0.0
fine,hair drier,hyper,dryer,False,178028,0.73,0.0
fine,hair drier,hyper,dryer,False,178028,0.74,0.0
fine,hair drier,hyper,dryer,False,178028,0.75,0.0
fine,hair drier,hyper,dryer,False,178028,0.76,0.0
fine,hair drier,hyper,dryer,False,178028,0.77,0.0
fine,hair drier,hyper,dryer,False,178028,0.78,0.0
fine,hair drier,hyper,dryer,False,178028,0.79,0.0
fine,hair drier,hyper,dryer,False,178028,0.8,0.0
fine,hair drier,hyper,dryer,True,178028,0.5,0.0
fine,hair drier,hyper,dryer,True,178028,0.51,0.0
fine,hair drier,hyper,dryer,True,178028,0.52,0.0
fine,hair drier,hyper,dryer,True,178028,0.53,0.0
fine,hair drier,hyper,dryer,True,178028,0.54,0.0
fine,hair drier,hyper,dryer,True,178028,0.55,0.0
fine,hair drier,hyper,dryer,True,178028,0.56,0.0
fine,hair drier,hyper,dryer,True,178028,0.57,0.0
fine,hair drier,hyper,dryer,True,178028,0.58,0.0
fine,hair drier,hyper,dryer,True,178028,0.59,0.0
fine,hair drier,hyper,dryer,True,178028,0.6,0.0
fine,hair drier,hyper,dryer,True,178028,0.61,0.0
fine,hair drier,hyper,dryer,True,178028,0.62,0.0
fine,hair drier,hyper,dryer,True,178028,0.63,0.0
fine,hair drier,hyper,dryer,True,178028,0.64,0.0
fine,hair drier,hyper,dryer,True,178028,0.65,0.0
fine,hair drier,hyper,dryer,True,178028,0.66,0.0
fine,hair drier,hyper,dryer,True,178028,0.67,0.0
fine,hair drier,hyper,dryer,True,178028,0.68,0.0
fine,hair drier,hyper,dryer,True,178028,0.69,0.0
fine,hair drier,hyper,dryer,True,178028,0.7,0.0
fine,hair drier,hyper,dryer,True,178028,0.71,0.0
fine,hair drier,hyper,dryer,True,178028,0.72,0.0
fine,hair drier,hyper,dryer,True,178028,0.73,0.0
fine,hair drier,hyper,dryer,True,178028,0.74,0.0
fine,hair drier,hyper,dryer,True,178028,0.75,0.0
fine,hair drier,hyper,dryer,True,178028,0.76,0.0
fine,hair drier,hyper,dryer,True,178028,0.77,0.0
fine,hair drier,hyper,dryer,True,178028,0.78,0.0
fine,hair drier,hyper,dryer,True,178028,0.79,0.0
fine,hair drier,hyper,dryer,True,178028,0.8,0.0
fine,hair drier,orig,hair drier,False,569976,0.5,0.023544559919065577
fine,hair drier,orig,hair drier,False,569976,0.51,0.022007366482504603
fine,hair drier,orig,hair drier,False,569976,0.52,0.02084870848708487
fine,hair drier,orig,hair drier,False,569976,0.53,0.019305375946794753
fine,hair drier,orig,hair drier,False,569976,0.54,0.01768191075726717
fine,hair drier,orig,hair drier,False,569976,0.55,0.015949554896142432
fine,hair drier,orig,hair drier,False,569976,0.56,0.014220652476996004
fine,hair drier,orig,hair drier,False,569976,0.57,0.012486023108460679
fine,hair drier,orig,hair drier,False,569976,0.58,0.009616282326580152
fine,hair drier,orig,hair drier,False,569976,0.59,0.00673778775968557
fine,hair drier,orig,hair drier,False,569976,0.6,0.005344084005250328
fine,hair drier,orig,hair drier,False,569976,0.61,0.004037179607548587
fine,hair drier,orig,hair drier,False,569976,0.62,0.002349624060150376
fine,hair drier,orig,hair drier,False,569976,0.63,0.0014104372355430183
fine,hair drier,orig,hair drier,False,569976,0.64,0.0010349045065387147
fine,hair drier,orig,hair drier,False,569976,0.65,0.0010353915662650603
fine,hair drier,orig,hair drier,False,569976,0.66,0.0009413536665725312
fine,hair drier,orig,hair drier,False,569976,0.67,0.0009415309292910273
fine,hair drier,orig,hair drier,False,569976,0.68,0.0008476172537200979
fine,hair drier,orig,hair drier,False,569976,0.69,0.0006596306068601583
fine,hair drier,orig,hair drier,False,569976,0.7,0.0005656641840294145
fine,hair drier,orig,hair drier,False,569976,0.71,0.0004715201810637495
fine,hair drier,orig,hair drier,False,569976,0.72,0.0002831524303916942
fine,hair drier,orig,hair drier,False,569976,0.73,0.0002833128718481443
fine,hair drier,orig,hair drier,False,569976,0.74,0.00028347349522819614
fine,hair drier,orig,hair drier,False,569976,0.75,0.00018907165815844205
fine,hair drier,orig,hair drier,False,569976,0.76,0.00018919685933213508
fine,hair drier,orig,hair drier,False,569976,0.77,0.0001893043066729768
fine,hair drier,orig,hair drier,False,569976,0.78,9.46880030300161e-05
fine,hair drier,orig,hair drier,False,569976,0.79,9.479571523367143e-05
fine,hair drier,orig,hair drier,False,569976,0.8,0.0
fine,hair drier,orig,hair drier,True,569976,0.5,0.028064041221935957
fine,hair drier,orig,hair drier,True,569976,0.51,0.025227879569100452
fine,hair drier,orig,hair drier,True,569976,0.52,0.02257648359749355
fine,hair drier,orig,hair drier,True,569976,0.53,0.02113911197267608
fine,hair drier,orig,hair drier,True,569976,0.54,0.019964876605970978
fine,hair drier,orig,hair drier,True,569976,0.55,0.01888189559422436
fine,hair drier,orig,hair drier,True,569976,0.56,0.016971158304738942
fine,hair drier,orig,hair drier,True,569976,0.57,0.01477283285329369
fine,hair drier,orig,hair drier,True,569976,0.58,0.013688425365490269
fine,hair drier,orig,hair drier,True,569976,0.59,0.011480306141497107
fine,hair drier,orig,hair drier,True,569976,0.6,0.008793264733395697
fine,hair drier,orig,hair drier,True,569976,0.61,0.006374800787475391
fine,hair drier,orig,hair drier,True,569976,0.62,0.00507137490608565
fine,hair drier,orig,hair drier,True,569976,0.63,0.0037632891146862357
fine,hair drier,orig,hair drier,True,569976,0.64,0.0020719532868713505
fine,hair drier,orig,hair drier,True,569976,0.65,0.00103666006973895
fine,hair drier,orig,hair drier,True,569976,0.66,0.0007545746085644218
fine,hair drier,orig,hair drier,True,569976,0.67,0.0006604396641192565
fine,hair drier,orig,hair drier,True,569976,0.68,0.0004717871296471032
fine,hair drier,orig,hair drier,True,569976,0.69,0.00028312570781426955
fine,hair drier,orig,hair drier,True,569976,0.7,0.00028323262839879157
fine,hair drier,orig,hair drier,True,569976,0.71,0.00028336639274582036
fine,hair drier,orig,hair drier,True,569976,0.72,0.0001890537858020607
fine,hair drier,orig,hair drier,True,569976,0.73,0.00018912529550827424
fine,hair drier,orig,hair drier,True,569976,0.74,0.0001892863903085368
fine,hair drier,orig,hair drier,True,569976,0.75,9.46521533364884e-05
fine,hair drier,orig,hair drier,True,569976,0.76,9.47597839476926e-05
fine,hair drier,orig,hair drier,True,569976,0.77,0.0
fine,hair drier,orig,hair drier,True,569976,0.78,0.0
fine,hair drier,orig,hair drier,True,569976,0.79,0.0
fine,hair drier,orig,hair drier,True,569976,0.8,0.0
fine,hair drier,syn,hand blower,False,569976,0.5,0.0017604002594274067
fine,hair drier,syn,hand blower,False,569976,0.51,0.0017612161661104931
fine,hair drier,syn,hand blower,False,569976,0.52,0.0018556318426424198
fine,hair drier,syn,hand blower,False,569976,0.53,0.001764159702878366
fine,hair drier,syn,hand blower,False,569976,0.54,0.0017648151588333643
fine,hair drier,syn,hand blower,False,569976,0.55,0.0017661275329986987
fine,hair drier,syn,hand blower,False,569976,0.56,0.0016742628592689053
fine,hair drier,syn,hand blower,False,569976,0.57,0.0016758216180988734
fine,hair drier,syn,hand blower,False,569976,0.58,0.0013042668157257314
fine,hair drier,syn,hand blower,False,569976,0.59,0.0013056047747831763
fine,hair drier,syn,hand blower,False,569976,0.6,0.001307433694434068
fine,hair drier,syn,hand blower,False,569976,0.61,0.0011216001495466866
fine,hair drier,syn,hand blower,False,569976,0.62,0.0011229646266142617
fine,hair drier,syn,hand blower,False,569976,0.63,0.0011238059561715678
fine,hair drier,syn,hand blower,False,569976,0.64,0.001030541502716882
fine,hair drier,syn,hand blower,False,569976,0.65,0.001031604614086092
fine,hair drier,syn,hand blower,False,569976,0.66,0.0009394081728511038
fine,hair drier,syn,hand blower,False,569976,0.67,0.000846262341325811
fine,hair drier,syn,hand blower,False,569976,0.68,0.000847457627118644
fine,hair drier,syn,hand blower,False,569976,0.69,0.0006600660066006601
fine,hair drier,syn,hand blower,False,569976,0.7,0.00037775049579752575
fine,hair drier,syn,hand blower,False,569976,0.71,0.00037803610244778376
fine,hair drier,syn,hand blower,False,569976,0.72,0.0003784295175023652
fine,hair drier,syn,hand blower,False,569976,0.73,0.0003787520121200644
fine,hair drier,syn,hand blower,False,569976,0.74,0.00028414472437961733
fine,hair drier,syn,hand blower,False,569976,0.75,0.00018948365703458077
fine,hair drier,syn,hand blower,False,569976,0.76,0.00018946570670708602
fine,hair drier,syn,hand blower,False,569976,0.77,9.47597839476926e-05
fine,hair drier,syn,hand blower,False,569976,0.78,9.474182851729038e-05
fine,hair drier,syn,hand blower,False,569976,0.79,9.477774618519572e-05
fine,hair drier,syn,hand blower,False,569976,0.8,0.0
fine,hair drier,syn,hand blower,True,569976,0.5,0.0017608897126969417
fine,hair drier,syn,hand blower,True,569976,0.51,0.001762196253014283
fine,hair drier,syn,hand blower,True,569976,0.52,0.0017635047336179693
fine,hair drier,syn,hand blower,True,569976,0.53,0.0016717748676511562
fine,hair drier,syn,hand blower,True,569976,0.54,0.001672085462145843
fine,hair drier,syn,hand blower,True,569976,0.55,0.0016733289950729758
fine,hair drier,syn,hand blower,True,569976,0.56,0.0015818367916627897
fine,hair drier,syn,hand blower,True,569976,0.57,0.0014897579143389199
fine,hair drier,syn,hand blower,True,569976,0.58,0.0013045098770033544
fine,hair drier,syn,hand blower,True,569976,0.59,0.0013063357282821686
fine,hair drier,syn,hand blower,True,569976,0.6,0.0012144992526158444
fine,hair drier,syn,hand blower,True,569976,0.61,0.0011220196353436186
fine,hair drier,syn,hand blower,True,569976,0.62,0.0011231748408835642
fine,hair drier,syn,hand blower,True,569976,0.63,0.0011238059561715678
fine,hair drier,syn,hand blower,True,569976,0.64,0.0010313144571535721
fine,hair drier,syn,hand blower,True,569976,0.65,0.0010324760653275765
fine,hair drier,syn,hand blower,True,569976,0.66,0.0008458646616541353
fine,hair drier,syn,hand blower,True,569976,0.67,0.0008465807543975167
fine,hair drier,syn,hand blower,True,569976,0.68,0.0007537925186092529
fine,hair drier,syn,hand blower,True,569976,0.69,0.0003773228940665975
fine,hair drier,syn,hand blower,True,569976,0.7,0.0003779289493575208
fine,hair drier,syn,hand blower,True,569976,0.71,0.0003783221413033198
fine,hair drier,syn,hand blower,True,569976,0.72,0.00037868029915743634
fine,hair drier,syn,hand blower,True,569976,0.73,0.00028422548555187115
fine,hair drier,syn,hand blower,True,569976,0.74,0.0002844141069397042
fine,hair drier,syn,hand blower,True,569976,0.75,0.00018964536317087047
fine,hair drier,syn,hand blower,True,569976,0.76,0.00018971732119142478
fine,hair drier,syn,hand blower,True,569976,0.77,9.484966328369534e-05
fine,hair drier,syn,hand blower,True,569976,0.78,9.485866059571239e-05
fine,hair drier,syn,hand blower,True,569976,0.79,0.0
fine,hair drier,syn,hand blower,True,569976,0.8,0.0
fine,hair drier,hyper,dryer,False,569976,0.5,0.0
fine,hair drier,hyper,dryer,False,569976,0.51,0.0
fine,hair drier,hyper,dryer,False,569976,0.52,0.0
fine,hair drier,hyper,dryer,False,569976,0.53,0.0
fine,hair drier,hyper,dryer,False,569976,0.54,0.0
fine,hair drier,hyper,dryer,False,569976,0.55,0.0
fine,hair drier,hyper,dryer,False,569976,0.56,0.0
fine,hair drier,hyper,dryer,False,569976,0.57,0.0
fine,hair drier,hyper,dryer,False,569976,0.58,0.0
fine,hair drier,hyper,dryer,False,569976,0.59,0.0
fine,hair drier,hyper,dryer,False,569976,0.6,0.0
fine,hair drier,hyper,dryer,False,569976,0.61,0.0
fine,hair drier,hyper,dryer,False,569976,0.62,0.0
fine,hair drier,hyper,dryer,False,569976,0.63,0.0
fine,hair drier,hyper,dryer,False,569976,0.64,0.0
fine,hair drier,hyper,dryer,False,569976,0.65,0.0
fine,hair drier,hyper,dryer,False,569976,0.66,0.0
fine,hair drier,hyper,dryer,False,569976,0.67,0.0
fine,hair drier,hyper,dryer,False,569976,0.68,0.0
fine,hair drier,hyper,dryer,False,569976,0.69,0.0
fine,hair drier,hyper,dryer,False,569976,0.7,0.0
fine,hair drier,hyper,dryer,False,569976,0.71,0.0
fine,hair drier,hyper,dryer,False,569976,0.72,0.0
fine,hair drier,hyper,dryer,False,569976,0.73,0.0
fine,hair drier,hyper,dryer,False,569976,0.74,0.0
fine,hair drier,hyper,dryer,False,569976,0.75,0.0
fine,hair drier,hyper,dryer,False,569976,0.76,0.0
fine,hair drier,hyper,dryer,False,569976,0.77,0.0
fine,hair drier,hyper,dryer,False,569976,0.78,0.0
fine,hair drier,hyper,dryer,False,569976,0.79,0.0
fine,hair drier,hyper,dryer,False,569976,0.8,0.0
fine,hair drier,hyper,dryer,True,569976,0.5,0.0
fine,hair drier,hyper,dryer,True,569976,0.51,0.0
fine,hair drier,hyper,dryer,True,569976,0.52,0.0
fine,hair drier,hyper,dryer,True,569976,0.53,0.0
fine,hair drier,hyper,dryer,True,569976,0.54,0.0
fine,hair drier,hyper,dryer,True,569976,0.55,0.0
fine,hair drier,hyper,dryer,True,569976,0.56,0.0
fine,hair drier,hyper,dryer,True,569976,0.57,0.0
fine,hair drier,hyper,dryer,True,569976,0.58,0.0
fine,hair drier,hyper,dryer,True,569976,0.59,0.0
fine,hair drier,hyper,dryer,True,569976,0.6,0.0
fine,hair drier,hyper,dryer,True,569976,0.61,0.0
fine,hair drier,hyper,dryer,True,569976,0.62,0.0
fine,hair drier,hyper,dryer,True,569976,0.63,0.0
fine,hair drier,hyper,dryer,True,569976,0.64,0.0
fine,hair drier,hyper,dryer,True,569976,0.65,0.0
fine,hair drier,hyper,dryer,True,569976,0.66,0.0
fine,hair drier,hyper,dryer,True,569976,0.67,0.0
fine,hair drier,hyper,dryer,True,569976,0.68,0.0
fine,hair drier,hyper,dryer,True,569976,0.69,0.0
fine,hair drier,hyper,dryer,True,569976,0.7,0.0
fine,hair drier,hyper,dryer,True,569976,0.71,0.0
fine,hair drier,hyper,dryer,True,569976,0.72,0.0
fine,hair drier,hyper,dryer,True,569976,0.73,0.0
fine,hair drier,hyper,dryer,True,569976,0.74,0.0
fine,hair drier,hyper,dryer,True,569976,0.75,0.0
fine,hair drier,hyper,dryer,True,569976,0.76,0.0
fine,hair drier,hyper,dryer,True,569976,0.77,0.0
fine,hair drier,hyper,dryer,True,569976,0.78,0.0
fine,hair drier,hyper,dryer,True,569976,0.79,0.0
fine,hair drier,hyper,dryer,True,569976,0.8,0.0
fine,pizza,orig,pizza,False,309678,0.5,0.9012839378587556
fine,pizza,orig,pizza,False,309678,0.51,0.9013415127410004
fine,pizza,orig,pizza,False,309678,0.52,0.9012978257205461
fine,pizza,orig,pizza,False,309678,0.53,0.9013464002337657
fine,pizza,orig,pizza,False,309678,0.54,0.9012566315978779
fine,pizza,orig,pizza,False,309678,0.55,0.9012241594442384
fine,pizza,orig,pizza,False,309678,0.56,0.901106189716033
fine,pizza,orig,pizza,False,309678,0.57,0.9010972949879702
fine,pizza,orig,pizza,False,309678,0.58,0.901074930286948
fine,pizza,orig,pizza,False,309678,0.59,0.900978297537389
fine,pizza,orig,pizza,False,309678,0.6,0.9009885401320302
fine,pizza,orig,pizza,False,309678,0.61,0.9009987852611688
fine,pizza,orig,pizza,False,309678,0.62,0.9009404247660188
fine,pizza,orig,pizza,False,309678,0.63,0.900967596759676
fine,pizza,orig,pizza,False,309678,0.64,0.9008821477597497
fine,pizza,orig,pizza,False,309678,0.65,0.9009115462525321
fine,pizza,orig,pizza,False,309678,0.66,0.900912764065683
fine,pizza,orig,pizza,False,309678,0.67,0.9009274683715276
fine,pizza,orig,pizza,False,309678,0.68,0.9009670265341274
fine,pizza,orig,pizza,False,309678,0.69,0.9009479633424151
fine,pizza,orig,pizza,False,309678,0.7,0.9008737164474869
fine,pizza,orig,pizza,False,309678,0.71,0.9008298895357348
fine,pizza,orig,pizza,False,309678,0.72,0.9007600923371432
fine,pizza,orig,pizza,False,309678,0.73,0.9006621770760602
fine,pizza,orig,pizza,False,309678,0.74,0.9006757517738484
fine,pizza,orig,pizza,False,309678,0.75,0.9006882103152701
fine,pizza,orig,pizza,False,309678,0.76,0.9007029085092482
fine,pizza,orig,pizza,False,309678,0.77,0.9007491691545091
fine,pizza,orig,pizza,False,309678,0.78,0.9006815749450797
fine,pizza,orig,pizza,False,309678,0.79,0.9006985128436232
fine,pizza,orig,pizza,False,309678,0.8,0.9007368681974897
fine,pizza,orig,pizza,True,309678,0.5,0.9012839378587556
fine,pizza,orig,pizza,True,309678,0.51,0.9013415127410004
fine,pizza,orig,pizza,True,309678,0.52,0.9012978257205461
fine,pizza,orig,pizza,True,309678,0.53,0.9013464002337657
fine,pizza,orig,pizza,True,309678,0.54,0.9012566315978779
fine,pizza,orig,pizza,True,309678,0.55,0.9012241594442384
fine,pizza,orig,pizza,True,309678,0.56,0.901106189716033
fine,pizza,orig,pizza,True,309678,0.57,0.9010972949879702
fine,pizza,orig,pizza,True,309678,0.58,0.901074930286948
fine,pizza,orig,pizza,True,309678,0.59,0.900978297537389
fine,pizza,orig,pizza,True,309678,0.6,0.9009885401320302
fine,pizza,orig,pizza,True,309678,0.61,0.9009987852611688
fine,pizza,orig,pizza,True,309678,0.62,0.9009404247660188
fine,pizza,orig,pizza,True,309678,0.63,0.900967596759676
fine,pizza,orig,pizza,True,309678,0.64,0.9008821477597497
fine,pizza,orig,pizza,True,309678,0.65,0.9009115462525321
fine,pizza,orig,pizza,True,309678,0.66,0.900912764065683
fine,pizza,orig,pizza,True,309678,0.67,0.9009274683715276
fine,pizza,orig,pizza,True,309678,0.68,0.9009670265341274
fine,pizza,orig,pizza,True,309678,0.69,0.9009479633424151
fine,pizza,orig,pizza,True,309678,0.7,0.9008737164474869
fine,pizza,orig,pizza,True,309678,0.71,0.9008298895357348
fine,pizza,orig,pizza,True,309678,0.72,0.9007600923371432
fine,pizza,orig,pizza,True,309678,0.73,0.9006621770760602
fine,pizza,orig,pizza,True,309678,0.74,0.9006757517738484
fine,pizza,orig,pizza,True,309678,0.75,0.9006882103152701
fine,pizza,orig,pizza,True,309678,0.76,0.9007029085092482
fine,pizza,orig,pizza,True,309678,0.77,0.9007491691545091
fine,pizza,orig,pizza,True,309678,0.78,0.9006815749450797
fine,pizza,orig,pizza,True,309678,0.79,0.9006985128436232
fine,pizza,orig,pizza,True,309678,0.8,0.9007368681974897
fine,pizza,syn,pizza pie,False,309678,0.5,0.9012839378587556
fine,pizza,syn,pizza pie,False,309678,0.51,0.901360200379643
fine,pizza,syn,pizza pie,False,309678,0.52,0.9012768537963098
fine,pizza,syn,pizza pie,False,309678,0.53,0.9012811443841862
fine,pizza,syn,pizza pie,False,309678,0.54,0.9012753154609547
fine,pizza,syn,pizza pie,False,309678,0.55,0.9013852094652238
fine,pizza,syn,pizza pie,False,309678,0.56,0.9013826850126821
fine,pizza,syn,pizza pie,False,309678,0.57,0.9013352782764812
fine,pizza,syn,pizza pie,False,309678,0.58,0.9013035381750466
fine,pizza,syn,pizza pie,False,309678,0.59,0.9014289880431613
fine,pizza,syn,pizza pie,False,309678,0.6,0.9013490630572034
fine,pizza,syn,pizza pie,False,309678,0.61,0.9014386149826761
fine,pizza,syn,pizza pie,False,309678,0.62,0.9013677130044843
fine,pizza,syn,pizza pie,False,309678,0.63,0.9013101121832588
fine,pizza,syn,pizza pie,False,309678,0.64,0.9012044143185256
fine,pizza,syn,pizza pie,False,309678,0.65,0.9011336141231293
fine,pizza,syn,pizza pie,False,309678,0.66,0.901171516251148
fine,pizza,syn,pizza pie,False,309678,0.67,0.9011185882721786
fine,pizza,syn,pizza pie,False,309678,0.68,0.9010366522624992
fine,pizza,syn,pizza pie,False,309678,0.69,0.901010711527484
fine,pizza,syn,pizza pie,False,309678,0.7,0.9009130989414319
fine,pizza,syn,pizza pie,False,309678,0.71,0.9009230769230769
fine,pizza,syn,pizza pie,False,309678,0.72,0.9009565363315992
fine,pizza,syn,pizza pie,False,309678,0.73,0.9009877730918529
fine,pizza,syn,pizza pie,False,309678,0.74,0.9010413753761144
fine,pizza,syn,pizza pie,False,309678,0.75,0.9009326355340848
fine,pizza,syn,pizza pie,False,309678,0.76,0.9009526791305126
fine,pizza,syn,pizza pie,False,309678,0.77,0.9009894348482308
fine,pizza,syn,pizza pie,False,309678,0.78,0.9009759314947514
fine,pizza,syn,pizza pie,False,309678,0.79,0.900955680992567
fine,pizza,syn,pizza pie,False,309678,0.8,0.9009455049398721
fine,pizza,syn,pizza pie,True,309678,0.5,0.9012839378587556
fine,pizza,syn,pizza pie,True,309678,0.51,0.901360200379643
fine,pizza,syn,pizza pie,True,309678,0.52,0.9012768537963098
fine,pizza,syn,pizza pie,True,309678,0.53,0.9012811443841862
fine,pizza,syn,pizza pie,True,309678,0.54,0.9012753154609547
fine,pizza,syn,pizza pie,True,309678,0.55,0.9013852094652238
fine,pizza,syn,pizza pie,True,309678,0.56,0.9013826850126821
fine,pizza,syn,pizza pie,True,309678,0.57,0.9013352782764812
fine,pizza,syn,pizza pie,True,309678,0.58,0.9013035381750466
fine,pizza,syn,pizza pie,True,309678,0.59,0.9014289880431613
fine,pizza,syn,pizza pie,True,309678,0.6,0.9013490630572034
fine,pizza,syn,pizza pie,True,309678,0.61,0.9014386149826761
fine,pizza,syn,pizza pie,True,309678,0.62,0.9013677130044843
fine,pizza,syn,pizza pie,True,309678,0.63,0.9013101121832588
fine,pizza,syn,pizza pie,True,309678,0.64,0.9012044143185256
fine,pizza,syn,pizza pie,True,309678,0.65,0.9011336141231293
fine,pizza,syn,pizza pie,True,309678,0.66,0.901171516251148
fine,pizza,syn,pizza pie,True,309678,0.67,0.9011185882721786
fine,pizza,syn,pizza pie,True,309678,0.68,0.9010366522624992
fine,pizza,syn,pizza pie,True,309678,0.69,0.901010711527484
fine,pizza,syn,pizza pie,True,309678,0.7,0.9009130989414319
fine,pizza,syn,pizza pie,True,309678,0.71,0.9009230769230769
fine,pizza,syn,pizza pie,True,309678,0.72,0.9009565363315992
fine,pizza,syn,pizza pie,True,309678,0.73,0.9009877730918529
fine,pizza,syn,pizza pie,True,309678,0.74,0.9010413753761144
fine,pizza,syn,pizza pie,True,309678,0.75,0.9009326355340848
fine,pizza,syn,pizza pie,True,309678,0.76,0.9009526791305126
fine,pizza,syn,pizza pie,True,309678,0.77,0.9009894348482308
fine,pizza,syn,pizza pie,True,309678,0.78,0.9009759314947514
fine,pizza,syn,pizza pie,True,309678,0.79,0.900955680992567
fine,pizza,syn,pizza pie,True,309678,0.8,0.9009455049398721
fine,pizza,hypo,anchovy pizza,False,309678,0.5,0.04391804777420943
fine,pizza,hypo,anchovy pizza,False,309678,0.51,0.06719566797158864
fine,pizza,hypo,anchovy pizza,False,309678,0.52,0.08223063489644988
fine,pizza,hypo,anchovy pizza,False,309678,0.53,0.14139887021540914
fine,pizza,hypo,anchovy pizza,False,309678,0.54,0.20570899588699187
fine,pizza,hypo,anchovy pizza,False,309678,0.55,0.25095186213521714
fine,pizza,hypo,anchovy pizza,False,309678,0.56,0.3091528838495057
fine,pizza,hypo,anchovy pizza,False,309678,0.57,0.38300114762161275
fine,pizza,hypo,anchovy pizza,False,309678,0.58,0.4422608736364062
fine,pizza,hypo,anchovy pizza,False,309678,0.59,0.5231940675587162
fine,pizza,hypo,anchovy pizza,False,309678,0.6,0.5684899485741001
fine,pizza,hypo,anchovy pizza,False,309678,0.61,0.59914966185042
fine,pizza,hypo,anchovy pizza,False,309678,0.62,0.6338613468430084
fine,pizza,hypo,anchovy pizza,False,309678,0.63,0.6703018568629281
fine,pizza,hypo,anchovy pizza,False,309678,0.64,0.6947520574452708
fine,pizza,hypo,anchovy pizza,False,309678,0.65,0.7213957010543485
fine,pizza,hypo,anchovy pizza,False,309678,0.66,0.7521862154892348
fine,pizza,hypo,anchovy pizza,False,309678,0.67,0.7843716902736234
fine,pizza,hypo,anchovy pizza,False,309678,0.68,0.8007514861044868
fine,pizza,hypo,anchovy pizza,False,309678,0.69,0.8149577916792633
fine,pizza,hypo,anchovy pizza,False,309678,0.7,0.8329731362706823
fine,pizza,hypo,anchovy pizza,False,309678,0.71,0.8461207997584934
fine,pizza,hypo,anchovy pizza,False,309678,0.72,0.8535178911217339
fine,pizza,hypo,anchovy pizza,False,309678,0.73,0.859331896052113
fine,pizza,hypo,anchovy pizza,False,309678,0.74,0.8650786298260648
fine,pizza,hypo,anchovy pizza,False,309678,0.75,0.8701068850638534
fine,pizza,hypo,anchovy pizza,False,309678,0.76,0.8739096780156429
fine,pizza,hypo,anchovy pizza,False,309678,0.77,0.8778225201629187
fine,pizza,hypo,anchovy pizza,False,309678,0.78,0.8810025929127052
fine,pizza,hypo,anchovy pizza,False,309678,0.79,0.8838269317096191
fine,pizza,hypo,anchovy pizza,False,309678,0.8,0.8867807368566303
fine,pizza,hypo,anchovy pizza,True,309678,0.5,0.044035256335122716
fine,pizza,hypo,anchovy pizza,True,309678,0.51,0.0672191096837713
fine,pizza,hypo,anchovy pizza,True,309678,0.52,0.08224235534042029
fine,pizza,hypo,anchovy pizza,True,309678,0.53,0.1413653677116906
fine,pizza,hypo,anchovy pizza,True,309678,0.54,0.20565040602772472
fine,pizza,hypo,anchovy pizza,True,309678,0.55,0.25065898147822724
fine,pizza,hypo,anchovy pizza,True,309678,0.56,0.30910603008011994
fine,pizza,hypo,anchovy pizza,True,309678,0.57,0.3828606225261728
fine,pizza,hypo,anchovy pizza,True,309678,0.58,0.4422725783042277
fine,pizza,hypo,anchovy pizza,True,309678,0.59,0.5232057640123514
fine,pizza,hypo,anchovy pizza,True,309678,0.6,0.5685016362786349
fine,pizza,hypo,anchovy pizza,True,309678,0.61,0.5991029399740694
fine,pizza,hypo,anchovy pizza,True,309678,0.62,0.6338306018583368
fine,pizza,hypo,anchovy pizza,True,309678,0.63,0.670336847998507
fine,pizza,hypo,anchovy pizza,True,309678,0.64,0.6947753712727018
fine,pizza,hypo,anchovy pizza,True,309678,0.65,0.7214423020912215
fine,pizza,hypo,anchovy pizza,True,309678,0.66,0.7526519870981264
fine,pizza,hypo,anchovy pizza,True,309678,0.67,0.7842644320297951
fine,pizza,hypo,anchovy pizza,True,309678,0.68,0.8007282202808185
fine,pizza,hypo,anchovy pizza,True,309678,0.69,0.8149810469523965
fine,pizza,hypo,anchovy pizza,True,309678,0.7,0.8329034207101692
fine,pizza,hypo,anchovy pizza,True,309678,0.71,0.8460627452801709
fine,pizza,hypo,anchovy pizza,True,309678,0.72,0.8534796834752744
fine,pizza,hypo,anchovy pizza,True,309678,0.73,0.8593070833285037
fine,pizza,hypo,anchovy pizza,True,309678,0.74,0.8650307458918625
fine,pizza,hypo,anchovy pizza,True,309678,0.75,0.8700259115306311
fine,pizza,hypo,anchovy pizza,True,309678,0.76,0.8737724993645879
fine,pizza,hypo,anchovy pizza,True,309678,0.77,0.8776956005030634
fine,pizza,hypo,anchovy pizza,True,309678,0.78,0.88092055223915
fine,pizza,hypo,anchovy pizza,True,309678,0.79,0.8837653667295916
fine,pizza,hypo,anchovy pizza,True,309678,0.8,0.8866861387732573
fine,pizza,hyper,dish,False,309678,0.5,0.04800862655008322
fine,pizza,hyper,dish,False,309678,0.51,0.05922479166422485
fine,pizza,hyper,dish,False,309678,0.52,0.07001875293014534
fine,pizza,hyper,dish,False,309678,0.53,0.07961417655056022
fine,pizza,hyper,dish,False,309678,0.54,0.09656061405050682
fine,pizza,hyper,dish,False,309678,0.55,0.1155035853212729
fine,pizza,hyper,dish,False,309678,0.56,0.13819928533770723
fine,pizza,hyper,dish,False,309678,0.57,0.1677072473614544
fine,pizza,hyper,dish,False,309678,0.58,0.20197678912297548
fine,pizza,hyper,dish,False,309678,0.59,0.21695351832338133
fine,pizza,hyper,dish,False,309678,0.6,0.24376368127172907
fine,pizza,hyper,dish,False,309678,0.61,0.2850072541770019
fine,pizza,hyper,dish,False,309678,0.62,0.3127360752166337
fine,pizza,hyper,dish,False,309678,0.63,0.35244541076354796
fine,pizza,hyper,dish,False,309678,0.64,0.40514894064577955
fine,pizza,hyper,dish,False,309678,0.65,0.45227386890646354
fine,pizza,hyper,dish,False,309678,0.66,0.4959473979258152
fine,pizza,hyper,dish,False,309678,0.67,0.5243203492511878
fine,pizza,hyper,dish,False,309678,0.68,0.5515921634520017
fine,pizza,hyper,dish,False,309678,0.69,0.5809198325032368
fine,pizza,hyper,dish,False,309678,0.7,0.6112238235156943
fine,pizza,hyper,dish,False,309678,0.71,0.65587988436072
fine,pizza,hyper,dish,False,309678,0.72,0.6965919021264201
fine,pizza,hyper,dish,False,309678,0.73,0.7362966240844037
fine,pizza,hyper,dish,False,309678,0.74,0.7642471366048981
fine,pizza,hyper,dish,False,309678,0.75,0.7920993569244008
fine,pizza,hyper,dish,False,309678,0.76,0.8126496362241696
fine,pizza,hyper,dish,False,309678,0.77,0.8335618029739778
fine,pizza,hyper,dish,False,309678,0.78,0.8494126932540972
fine,pizza,hyper,dish,False,309678,0.79,0.8591655457117677
fine,pizza,hyper,dish,False,309678,0.8,0.8688834068772222
fine,pizza,hyper,dish,True,309678,0.5,0.04833681052064043
fine,pizza,hyper,dish,True,309678,0.51,0.059330278132655095
fine,pizza,hyper,dish,True,309678,0.52,0.07007735583684951
fine,pizza,hyper,dish,True,309678,0.53,0.07970793680558812
fine,pizza,hyper,dish,True,309678,0.54,0.09697076228979903
fine,pizza,hyper,dish,True,309678,0.55,0.11605427192201341
fine,pizza,hyper,dish,True,309678,0.56,0.13869134789994728
fine,pizza,hyper,dish,True,309678,0.57,0.16818554527351529
fine,pizza,hyper,dish,True,309678,0.58,0.20215245166352425
fine,pizza,hyper,dish,True,309678,0.59,0.21711743355578972
fine,pizza,hyper,dish,True,309678,0.6,0.24386617970688768
fine,pizza,hyper,dish,True,309678,0.61,0.28544852519627
fine,pizza,hyper,dish,True,309678,0.62,0.31315340178216433
fine,pizza,hyper,dish,True,309678,0.63,0.3531660218120609
fine,pizza,hyper,dish,True,309678,0.64,0.4056163887298267
fine,pizza,hyper,dish,True,309678,0.65,0.4531563945610018
fine,pizza,hyper,dish,True,309678,0.66,0.4964672358017915
fine,pizza,hyper,dish,True,309678,0.67,0.5258021967760386
fine,pizza,hyper,dish,True,309678,0.68,0.5529082317251035
fine,pizza,hyper,dish,True,309678,0.69,0.5817995194438612
fine,pizza,hyper,dish,True,309678,0.7,0.612588032274614
fine,pizza,hyper,dish,True,309678,0.71,0.6569137155246777
fine,pizza,hyper,dish,True,309678,0.72,0.6980553904948327
fine,pizza,hyper,dish,True,309678,0.73,0.7385269286754003
fine,pizza,hyper,dish,True,309678,0.74,0.7651714425382341
fine,pizza,hyper,dish,True,309678,0.75,0.7930577359148788
fine,pizza,hyper,dish,True,309678,0.76,0.8133629305936497
fine,pizza,hyper,dish,True,309678,0.77,0.8347505866499384
fine,pizza,hyper,dish,True,309678,0.78,0.8498938009958333
fine,pizza,hyper,dish,True,309678,0.79,0.8595846330461403
fine,pizza,hyper,dish,True,309678,0.8,0.8692585643805156
fine,pizza,orig,pizza,False,312552,0.5,0.6886409736308317
fine,pizza,orig,pizza,False,312552,0.51,0.6886409736308317
fine,pizza,orig,pizza,False,312552,0.52,0.6886409736308317
fine,pizza,orig,pizza,False,312552,0.53,0.6876267748478702
fine,pizza,orig,pizza,False,312552,0.54,0.6876267748478702
fine,pizza,orig,pizza,False,312552,0.55,0.6883248730964467
fine,pizza,orig,pizza,False,312552,0.56,0.6883248730964467
fine,pizza,orig,pizza,False,312552,0.57,0.6890243902439024
fine,pizza,orig,pizza,False,312552,0.58,0.6869918699186992
fine,pizza,orig,pizza,False,312552,0.59,0.6873727087576375
fine,pizza,orig,pizza,False,312552,0.6,0.6873727087576375
fine,pizza,orig,pizza,False,312552,0.61,0.6880733944954128
fine,pizza,orig,pizza,False,312552,0.62,0.6880733944954128
fine,pizza,orig,pizza,False,312552,0.63,0.6887755102040817
fine,pizza,orig,pizza,False,312552,0.64,0.6877551020408164
fine,pizza,orig,pizza,False,312552,0.65,0.6877551020408164
fine,pizza,orig,pizza,False,312552,0.66,0.6884576098059244
fine,pizza,orig,pizza,False,312552,0.67,0.6884576098059244
fine,pizza,orig,pizza,False,312552,0.68,0.686414708886619
fine,pizza,orig,pizza,False,312552,0.69,0.686414708886619
fine,pizza,orig,pizza,False,312552,0.7,0.6871165644171779
fine,pizza,orig,pizza,False,312552,0.71,0.6878198567041965
fine,pizza,orig,pizza,False,312552,0.72,0.6857727737973388
fine,pizza,orig,pizza,False,312552,0.73,0.6837256908904811
fine,pizza,orig,pizza,False,312552,0.74,0.6837256908904811
fine,pizza,orig,pizza,False,312552,0.75,0.6837256908904811
fine,pizza,orig,pizza,False,312552,0.76,0.6837256908904811
fine,pizza,orig,pizza,False,312552,0.77,0.6827021494370522
fine,pizza,orig,pizza,False,312552,0.78,0.6834016393442623
fine,pizza,orig,pizza,False,312552,0.79,0.6841025641025641
fine,pizza,orig,pizza,False,312552,0.8,0.6841025641025641
fine,pizza,orig,pizza,True,312552,0.5,0.6886409736308317
fine,pizza,orig,pizza,True,312552,0.51,0.6886409736308317
fine,pizza,orig,pizza,True,312552,0.52,0.6886409736308317
fine,pizza,orig,pizza,True,312552,0.53,0.6876267748478702
fine,pizza,orig,pizza,True,312552,0.54,0.6876267748478702
fine,pizza,orig,pizza,True,312552,0.55,0.6883248730964467
fine,pizza,orig,pizza,True,312552,0.56,0.6883248730964467
fine,pizza,orig,pizza,True,312552,0.57,0.6890243902439024
fine,pizza,orig,pizza,True,312552,0.58,0.6869918699186992
fine,pizza,orig,pizza,True,312552,0.59,0.6873727087576375
fine,pizza,orig,pizza,True,312552,0.6,0.6873727087576375
fine,pizza,orig,pizza,True,312552,0.61,0.6880733944954128
fine,pizza,orig,pizza,True,312552,0.62,0.6880733944954128
fine,pizza,orig,pizza,True,312552,0.63,0.6887755102040817
fine,pizza,orig,pizza,True,312552,0.64,0.6877551020408164
fine,pizza,orig,pizza,True,312552,0.65,0.6877551020408164
fine,pizza,orig,pizza,True,312552,0.66,0.6884576098059244
fine,pizza,orig,pizza,True,312552,0.67,0.6884576098059244
fine,pizza,orig,pizza,True,312552,0.68,0.686414708886619
fine,pizza,orig,pizza,True,312552,0.69,0.686414708886619
fine,pizza,orig,pizza,True,312552,0.7,0.6871165644171779
fine,pizza,orig,pizza,True,312552,0.71,0.6878198567041965
fine,pizza,orig,pizza,True,312552,0.72,0.6857727737973388
fine,pizza,orig,pizza,True,312552,0.73,0.6837256908904811
fine,pizza,orig,pizza,True,312552,0.74,0.6837256908904811
fine,pizza,orig,pizza,True,312552,0.75,0.6837256908904811
fine,pizza,orig,pizza,True,312552,0.76,0.6837256908904811
fine,pizza,orig,pizza,True,312552,0.77,0.6827021494370522
fine,pizza,orig,pizza,True,312552,0.78,0.6834016393442623
fine,pizza,orig,pizza,True,312552,0.79,0.6841025641025641
fine,pizza,orig,pizza,True,312552,0.8,0.6841025641025641
fine,pizza,syn,pizza pie,False,312552,0.5,0.6886409736308317
fine,pizza,syn,pizza pie,False,312552,0.51,0.6879432624113475
fine,pizza,syn,pizza pie,False,312552,0.52,0.6879432624113475
fine,pizza,syn,pizza pie,False,312552,0.53,0.6879432624113475
fine,pizza,syn,pizza pie,False,312552,0.54,0.6879432624113475
fine,pizza,syn,pizza pie,False,312552,0.55,0.6879432624113475
fine,pizza,syn,pizza pie,False,312552,0.56,0.6879432624113475
fine,pizza,syn,pizza pie,False,312552,0.57,0.6879432624113475
fine,pizza,syn,pizza pie,False,312552,0.58,0.6879432624113475
fine,pizza,syn,pizza pie,False,312552,0.59,0.687246963562753
fine,pizza,syn,pizza pie,False,312552,0.6,0.6882591093117408
fine,pizza,syn,pizza pie,False,312552,0.61,0.6892712550607287
fine,pizza,syn,pizza pie,False,312552,0.62,0.6892712550607287
fine,pizza,syn,pizza pie,False,312552,0.63,0.6892712550607287
fine,pizza,syn,pizza pie,False,312552,0.64,0.6892712550607287
fine,pizza,syn,pizza pie,False,312552,0.65,0.6892712550607287
fine,pizza,syn,pizza pie,False,312552,0.66,0.6892712550607287
fine,pizza,syn,pizza pie,False,312552,0.67,0.6878787878787879
fine,pizza,syn,pizza pie,False,312552,0.68,0.6888888888888889
fine,pizza,syn,pizza pie,False,312552,0.69,0.6888888888888889
fine,pizza,syn,pizza pie,False,312552,0.7,0.6898989898989899
fine,pizza,syn,pizza pie,False,312552,0.71,0.6902119071644803
fine,pizza,syn,pizza pie,False,312552,0.72,0.6912209889001009
fine,pizza,syn,pizza pie,False,312552,0.73,0.6912209889001009
fine,pizza,syn,pizza pie,False,312552,0.74,0.6912209889001009
fine,pizza,syn,pizza pie,False,312552,0.75,0.693239152371342
fine,pizza,syn,pizza pie,False,312552,0.76,0.693239152371342
fine,pizza,syn,pizza pie,False,312552,0.77,0.6925403225806451
fine,pizza,syn,pizza pie,False,312552,0.78,0.6928499496475328
fine,pizza,syn,pizza pie,False,312552,0.79,0.6928499496475328
fine,pizza,syn,pizza pie,False,312552,0.8,0.6921529175050302
fine,pizza,syn,pizza pie,True,312552,0.5,0.6886409736308317
fine,pizza,syn,pizza pie,True,312552,0.51,0.6879432624113475
fine,pizza,syn,pizza pie,True,312552,0.52,0.6879432624113475
fine,pizza,syn,pizza pie,True,312552,0.53,0.6879432624113475
fine,pizza,syn,pizza pie,True,312552,0.54,0.6879432624113475
fine,pizza,syn,pizza pie,True,312552,0.55,0.6879432624113475
fine,pizza,syn,pizza pie,True,312552,0.56,0.6879432624113475
fine,pizza,syn,pizza pie,True,312552,0.57,0.6879432624113475
fine,pizza,syn,pizza pie,True,312552,0.58,0.6879432624113475
fine,pizza,syn,pizza pie,True,312552,0.59,0.687246963562753
fine,pizza,syn,pizza pie,True,312552,0.6,0.6882591093117408
fine,pizza,syn,pizza pie,True,312552,0.61,0.6892712550607287
fine,pizza,syn,pizza pie,True,312552,0.62,0.6892712550607287
fine,pizza,syn,pizza pie,True,312552,0.63,0.6892712550607287
fine,pizza,syn,pizza pie,True,312552,0.64,0.6892712550607287
fine,pizza,syn,pizza pie,True,312552,0.65,0.6892712550607287
fine,pizza,syn,pizza pie,True,312552,0.66,0.6892712550607287
fine,pizza,syn,pizza pie,True,312552,0.67,0.6878787878787879
fine,pizza,syn,pizza pie,True,312552,0.68,0.6888888888888889
fine,pizza,syn,pizza pie,True,312552,0.69,0.6888888888888889
fine,pizza,syn,pizza pie,True,312552,0.7,0.6898989898989899
fine,pizza,syn,pizza pie,True,312552,0.71,0.6902119071644803
fine,pizza,syn,pizza pie,True,312552,0.72,0.6912209889001009
fine,pizza,syn,pizza pie,True,312552,0.73,0.6912209889001009
fine,pizza,syn,pizza pie,True,312552,0.74,0.6912209889001009
fine,pizza,syn,pizza pie,True,312552,0.75,0.693239152371342
fine,pizza,syn,pizza pie,True,312552,0.76,0.693239152371342
fine,pizza,syn,pizza pie,True,312552,0.77,0.6925403225806451
fine,pizza,syn,pizza pie,True,312552,0.78,0.6928499496475328
fine,pizza,syn,pizza pie,True,312552,0.79,0.6928499496475328
fine,pizza,syn,pizza pie,True,312552,0.8,0.6921529175050302
fine,pizza,hypo,anchovy pizza,False,312552,0.5,0.7002032520325203
fine,pizza,hypo,anchovy pizza,False,312552,0.51,0.6991869918699187
fine,pizza,hypo,anchovy pizza,False,312552,0.52,0.6991869918699187
fine,pizza,hypo,anchovy pizza,False,312552,0.53,0.698170731707317
fine,pizza,hypo,anchovy pizza,False,312552,0.54,0.698170731707317
fine,pizza,hypo,anchovy pizza,False,312552,0.55,0.698170731707317
fine,pizza,hypo,anchovy pizza,False,312552,0.56,0.6961382113821138
fine,pizza,hypo,anchovy pizza,False,312552,0.57,0.6961382113821138
fine,pizza,hypo,anchovy pizza,False,312552,0.58,0.6961382113821138
fine,pizza,hypo,anchovy pizza,False,312552,0.59,0.6961382113821138
fine,pizza,hypo,anchovy pizza,False,312552,0.6,0.6951219512195121
fine,pizza,hypo,anchovy pizza,False,312552,0.61,0.6951219512195121
fine,pizza,hypo,anchovy pizza,False,312552,0.62,0.6944162436548224
fine,pizza,hypo,anchovy pizza,False,312552,0.63,0.6937119675456389
fine,pizza,hypo,anchovy pizza,False,312552,0.64,0.6937119675456389
fine,pizza,hypo,anchovy pizza,False,312552,0.65,0.6937119675456389
fine,pizza,hypo,anchovy pizza,False,312552,0.66,0.6937119675456389
fine,pizza,hypo,anchovy pizza,False,312552,0.67,0.6937119675456389
fine,pizza,hypo,anchovy pizza,False,312552,0.68,0.6937119675456389
fine,pizza,hypo,anchovy pizza,False,312552,0.69,0.6937119675456389
fine,pizza,hypo,anchovy pizza,False,312552,0.7,0.6937119675456389
fine,pizza,hypo,anchovy pizza,False,312552,0.71,0.6937119675456389
fine,pizza,hypo,anchovy pizza,False,312552,0.72,0.6937119675456389
fine,pizza,hypo,anchovy pizza,False,312552,0.73,0.6930091185410334
fine,pizza,hypo,anchovy pizza,False,312552,0.74,0.6930091185410334
fine,pizza,hypo,anchovy pizza,False,312552,0.75,0.6937119675456389
fine,pizza,hypo,anchovy pizza,False,312552,0.76,0.6937119675456389
fine,pizza,hypo,anchovy pizza,False,312552,0.77,0.6937119675456389
fine,pizza,hypo,anchovy pizza,False,312552,0.78,0.6937119675456389
fine,pizza,hypo,anchovy pizza,False,312552,0.79,0.6937119675456389
fine,pizza,hypo,anchovy pizza,False,312552,0.8,0.6937119675456389
fine,pizza,hypo,anchovy pizza,True,312552,0.5,0.6991869918699187
fine,pizza,hypo,anchovy pizza,True,312552,0.51,0.6991869918699187
fine,pizza,hypo,anchovy pizza,True,312552,0.52,0.6991869918699187
fine,pizza,hypo,anchovy pizza,True,312552,0.53,0.698170731707317
fine,pizza,hypo,anchovy pizza,True,312552,0.54,0.698170731707317
fine,pizza,hypo,anchovy pizza,True,312552,0.55,0.698170731707317
fine,pizza,hypo,anchovy pizza,True,312552,0.56,0.6961382113821138
fine,pizza,hypo,anchovy pizza,True,312552,0.57,0.6961382113821138
fine,pizza,hypo,anchovy pizza,True,312552,0.58,0.6961382113821138
fine,pizza,hypo,anchovy pizza,True,312552,0.59,0.6961382113821138
fine,pizza,hypo,anchovy pizza,True,312552,0.6,0.6951219512195121
fine,pizza,hypo,anchovy pizza,True,312552,0.61,0.6951219512195121
fine,pizza,hypo,anchovy pizza,True,312552,0.62,0.6944162436548224
fine,pizza,hypo,anchovy pizza,True,312552,0.63,0.6926977687626775
fine,pizza,hypo,anchovy pizza,True,312552,0.64,0.6937119675456389
fine,pizza,hypo,anchovy pizza,True,312552,0.65,0.6937119675456389
fine,pizza,hypo,anchovy pizza,True,312552,0.66,0.6937119675456389
fine,pizza,hypo,anchovy pizza,True,312552,0.67,0.6937119675456389
fine,pizza,hypo,anchovy pizza,True,312552,0.68,0.6937119675456389
fine,pizza,hypo,anchovy pizza,True,312552,0.69,0.6937119675456389
fine,pizza,hypo,anchovy pizza,True,312552,0.7,0.6937119675456389
fine,pizza,hypo,anchovy pizza,True,312552,0.71,0.6937119675456389
fine,pizza,hypo,anchovy pizza,True,312552,0.72,0.6937119675456389
fine,pizza,hypo,anchovy pizza,True,312552,0.73,0.6937119675456389
fine,pizza,hypo,anchovy pizza,True,312552,0.74,0.6930091185410334
fine,pizza,hypo,anchovy pizza,True,312552,0.75,0.6937119675456389
fine,pizza,hypo,anchovy pizza,True,312552,0.76,0.6937119675456389
fine,pizza,hypo,anchovy pizza,True,312552,0.77,0.6937119675456389
fine,pizza,hypo,anchovy pizza,True,312552,0.78,0.6937119675456389
fine,pizza,hypo,anchovy pizza,True,312552,0.79,0.6937119675456389
fine,pizza,hypo,anchovy pizza,True,312552,0.8,0.6937119675456389
fine,pizza,hyper,dish,False,312552,0.5,0.29809725158562367
fine,pizza,hyper,dish,False,312552,0.51,0.305591677503251
fine,pizza,hyper,dish,False,312552,0.52,0.3145268769435806
fine,pizza,hyper,dish,False,312552,0.53,0.3268787459658829
fine,pizza,hyper,dish,False,312552,0.54,0.35642570281124497
fine,pizza,hyper,dish,False,312552,0.55,0.4102712060011541
fine,pizza,hyper,dish,False,312552,0.56,0.4721115537848606
fine,pizza,hyper,dish,False,312552,0.57,0.5239498894620487
fine,pizza,hyper,dish,False,312552,0.58,0.5638382236320381
fine,pizza,hyper,dish,False,312552,0.59,0.5978169605373636
fine,pizza,hyper,dish,False,312552,0.6,0.6212914485165794
fine,pizza,hyper,dish,False,312552,0.61,0.6340160284951024
fine,pizza,hyper,dish,False,312552,0.62,0.6496350364963503
fine,pizza,hyper,dish,False,312552,0.63,0.6748815165876777
fine,pizza,hyper,dish,False,312552,0.64,0.6932814021421616
fine,pizza,hyper,dish,False,312552,0.65,0.7007874015748031
fine,pizza,hyper,dish,False,312552,0.66,0.7021696252465484
fine,pizza,hyper,dish,False,312552,0.67,0.7018756169792695
fine,pizza,hyper,dish,False,312552,0.68,0.7018756169792695
fine,pizza,hyper,dish,False,312552,0.69,0.7025691699604744
fine,pizza,hyper,dish,False,312552,0.7,0.7039603960396039
fine,pizza,hyper,dish,False,312552,0.71,0.7053571428571429
fine,pizza,hyper,dish,False,312552,0.72,0.7063492063492064
fine,pizza,hyper,dish,False,312552,0.73,0.7077534791252486
fine,pizza,hyper,dish,False,312552,0.74,0.7077534791252486
fine,pizza,hyper,dish,False,312552,0.75,0.7067594433399602
fine,pizza,hyper,dish,False,312552,0.76,0.7040714995034757
fine,pizza,hyper,dish,False,312552,0.77,0.7040714995034757
fine,pizza,hyper,dish,False,312552,0.78,0.7037773359840954
fine,pizza,hyper,dish,False,312552,0.79,0.7034825870646766
fine,pizza,hyper,dish,False,312552,0.8,0.7017892644135189
fine,pizza,hyper,dish,True,312552,0.5,0.29797125950972103
fine,pizza,hyper,dish,True,312552,0.51,0.305591677503251
fine,pizza,hyper,dish,True,312552,0.52,0.3145268769435806
fine,pizza,hyper,dish,True,312552,0.53,0.3267372296364473
fine,pizza,hyper,dish,True,312552,0.54,0.3558897243107769
fine,pizza,hyper,dish,True,312552,0.55,0.4100346020761246
fine,pizza,hyper,dish,True,312552,0.56,0.47148541114058357
fine,pizza,hyper,dish,True,312552,0.57,0.5227941176470589
fine,pizza,hyper,dish,True,312552,0.58,0.5637371338083927
fine,pizza,hyper,dish,True,312552,0.59,0.59581589958159
fine,pizza,hyper,dish,True,312552,0.6,0.6202090592334495
fine,pizza,hyper,dish,True,312552,0.61,0.6340160284951024
fine,pizza,hyper,dish,True,312552,0.62,0.6487716105550501
fine,pizza,hyper,dish,True,312552,0.63,0.6751893939393939
fine,pizza,hyper,dish,True,312552,0.64,0.6942551119766309
fine,pizza,hyper,dish,True,312552,0.65,0.7007874015748031
fine,pizza,hyper,dish,True,312552,0.66,0.7021696252465484
fine,pizza,hyper,dish,True,312552,0.67,0.7021696252465484
fine,pizza,hyper,dish,True,312552,0.68,0.7018756169792695
fine,pizza,hyper,dish,True,312552,0.69,0.7025691699604744
fine,pizza,hyper,dish,True,312552,0.7,0.7039603960396039
fine,pizza,hyper,dish,True,312552,0.71,0.7039603960396039
fine,pizza,hyper,dish,True,312552,0.72,0.7063492063492064
fine,pizza,hyper,dish,True,312552,0.73,0.7063492063492064
fine,pizza,hyper,dish,True,312552,0.74,0.7077534791252486
fine,pizza,hyper,dish,True,312552,0.75,0.7067594433399602
fine,pizza,hyper,dish,True,312552,0.76,0.7043650793650794
fine,pizza,hyper,dish,True,312552,0.77,0.7040714995034757
fine,pizza,hyper,dish,True,312552,0.78,0.7037773359840954
fine,pizza,hyper,dish,True,312552,0.79,0.7027833001988072
fine,pizza,hyper,dish,True,312552,0.8,0.7017892644135189
fine,pizza,orig,pizza,False,342186,0.5,0.9723905950985929
fine,pizza,orig,pizza,False,342186,0.51,0.9723594577277173
fine,pizza,orig,pizza,False,342186,0.52,0.972344596446112
fine,pizza,orig,pizza,False,342186,0.53,0.9723341821677319
fine,pizza,orig,pizza,False,342186,0.54,0.9723071344545965
fine,pizza,orig,pizza,False,342186,0.55,0.9722797326642912
fine,pizza,orig,pizza,False,342186,0.56,0.972276927099367
fine,pizza,orig,pizza,False,342186,0.57,0.9722368659668597
fine,pizza,orig,pizza,False,342186,0.58,0.9721669225448349
fine,pizza,orig,pizza,False,342186,0.59,0.9722214019649614
fine,pizza,orig,pizza,False,342186,0.6,0.9722474190268455
fine,pizza,orig,pizza,False,342186,0.61,0.9722399206734319
fine,pizza,orig,pizza,False,342186,0.62,0.9722524666818593
fine,pizza,orig,pizza,False,342186,0.63,0.9722484847461633
fine,pizza,orig,pizza,False,342186,0.64,0.9722238638378347
fine,pizza,orig,pizza,False,342186,0.65,0.9721577236458817
fine,pizza,orig,pizza,False,342186,0.66,0.972149504298333
fine,pizza,orig,pizza,False,342186,0.67,0.9721124286341678
fine,pizza,orig,pizza,False,342186,0.68,0.9719996790310115
fine,pizza,orig,pizza,False,342186,0.69,0.9719296170838225
fine,pizza,orig,pizza,False,342186,0.7,0.9718794750159464
fine,pizza,orig,pizza,False,342186,0.71,0.9717716043124134
fine,pizza,orig,pizza,False,342186,0.72,0.971684362179907
fine,pizza,orig,pizza,False,342186,0.73,0.9715555705786911
fine,pizza,orig,pizza,False,342186,0.74,0.9714509074774451
fine,pizza,orig,pizza,False,342186,0.75,0.9713505677904142
fine,pizza,orig,pizza,False,342186,0.76,0.9712033475632952
fine,pizza,orig,pizza,False,342186,0.77,0.9711185231216682
fine,pizza,orig,pizza,False,342186,0.78,0.9710503395147856
fine,pizza,orig,pizza,False,342186,0.79,0.9709945744334448
fine,pizza,orig,pizza,False,342186,0.8,0.9707831618303241
fine,pizza,orig,pizza,True,342186,0.5,0.9723905950985929
fine,pizza,orig,pizza,True,342186,0.51,0.9723594577277173
fine,pizza,orig,pizza,True,342186,0.52,0.972344596446112
fine,pizza,orig,pizza,True,342186,0.53,0.9723341821677319
fine,pizza,orig,pizza,True,342186,0.54,0.9723071344545965
fine,pizza,orig,pizza,True,342186,0.55,0.9722797326642912
fine,pizza,orig,pizza,True,342186,0.56,0.972276927099367
fine,pizza,orig,pizza,True,342186,0.57,0.9722368659668597
fine,pizza,orig,pizza,True,342186,0.58,0.9721669225448349
fine,pizza,orig,pizza,True,342186,0.59,0.9722214019649614
fine,pizza,orig,pizza,True,342186,0.6,0.9722474190268455
fine,pizza,orig,pizza,True,342186,0.61,0.9722399206734319
fine,pizza,orig,pizza,True,342186,0.62,0.9722524666818593
fine,pizza,orig,pizza,True,342186,0.63,0.9722484847461633
fine,pizza,orig,pizza,True,342186,0.64,0.9722238638378347
fine,pizza,orig,pizza,True,342186,0.65,0.9721577236458817
fine,pizza,orig,pizza,True,342186,0.66,0.972149504298333
fine,pizza,orig,pizza,True,342186,0.67,0.9721124286341678
fine,pizza,orig,pizza,True,342186,0.68,0.9719996790310115
fine,pizza,orig,pizza,True,342186,0.69,0.9719296170838225
fine,pizza,orig,pizza,True,342186,0.7,0.9718794750159464
fine,pizza,orig,pizza,True,342186,0.71,0.9717716043124134
fine,pizza,orig,pizza,True,342186,0.72,0.971684362179907
fine,pizza,orig,pizza,True,342186,0.73,0.9715555705786911
fine,pizza,orig,pizza,True,342186,0.74,0.9714509074774451
fine,pizza,orig,pizza,True,342186,0.75,0.9713505677904142
fine,pizza,orig,pizza,True,342186,0.76,0.9712033475632952
fine,pizza,orig,pizza,True,342186,0.77,0.9711185231216682
fine,pizza,orig,pizza,True,342186,0.78,0.9710503395147856
fine,pizza,orig,pizza,True,342186,0.79,0.9709945744334448
fine,pizza,orig,pizza,True,342186,0.8,0.9707831618303241
fine,pizza,syn,pizza pie,False,342186,0.5,0.9723905950985929
fine,pizza,syn,pizza pie,False,342186,0.51,0.9724170488265443
fine,pizza,syn,pizza pie,False,342186,0.52,0.9724523943994403
fine,pizza,syn,pizza pie,False,342186,0.53,0.9725125594254695
fine,pizza,syn,pizza pie,False,342186,0.54,0.9725399300434068
fine,pizza,syn,pizza pie,False,342186,0.55,0.9724876955231931
fine,pizza,syn,pizza pie,False,342186,0.56,0.9724447103534577
fine,pizza,syn,pizza pie,False,342186,0.57,0.972488234823238
fine,pizza,syn,pizza pie,False,342186,0.58,0.9724862241544917
fine,pizza,syn,pizza pie,False,342186,0.59,0.972496503614336
fine,pizza,syn,pizza pie,False,342186,0.6,0.9724485068025778
fine,pizza,syn,pizza pie,False,342186,0.61,0.9724500153734053
fine,pizza,syn,pizza pie,False,342186,0.62,0.9724889652616328
fine,pizza,syn,pizza pie,False,342186,0.63,0.9724863758496669
fine,pizza,syn,pizza pie,False,342186,0.64,0.972487997978607
fine,pizza,syn,pizza pie,False,342186,0.65,0.972456511944214
fine,pizza,syn,pizza pie,False,342186,0.66,0.9724865675161274
fine,pizza,syn,pizza pie,False,342186,0.67,0.9724545048800411
fine,pizza,syn,pizza pie,False,342186,0.68,0.9724516862447897
fine,pizza,syn,pizza pie,False,342186,0.69,0.9724319112836338
fine,pizza,syn,pizza pie,False,342186,0.7,0.9724827806874252
fine,pizza,syn,pizza pie,False,342186,0.71,0.9724848658342524
fine,pizza,syn,pizza pie,False,342186,0.72,0.9724777207612617
fine,pizza,syn,pizza pie,False,342186,0.73,0.9724956011483318
fine,pizza,syn,pizza pie,False,342186,0.74,0.9724638962197837
fine,pizza,syn,pizza pie,False,342186,0.75,0.9724898457394195
fine,pizza,syn,pizza pie,False,342186,0.76,0.9725244430601911
fine,pizza,syn,pizza pie,False,342186,0.77,0.9725215063719466
fine,pizza,syn,pizza pie,False,342186,0.78,0.9725557533595108
fine,pizza,syn,pizza pie,False,342186,0.79,0.9725653251633918
fine,pizza,syn,pizza pie,False,342186,0.8,0.9725657869818999
fine,pizza,syn,pizza pie,True,342186,0.5,0.9723905950985929
fine,pizza,syn,pizza pie,True,342186,0.51,0.9724170488265443
fine,pizza,syn,pizza pie,True,342186,0.52,0.9724523943994403
fine,pizza,syn,pizza pie,True,342186,0.53,0.9725125594254695
fine,pizza,syn,pizza pie,True,342186,0.54,0.9725399300434068
fine,pizza,syn,pizza pie,True,342186,0.55,0.9724876955231931
fine,pizza,syn,pizza pie,True,342186,0.56,0.9724447103534577
fine,pizza,syn,pizza pie,True,342186,0.57,0.972488234823238
fine,pizza,syn,pizza pie,True,342186,0.58,0.9724862241544917
fine,pizza,syn,pizza pie,True,342186,0.59,0.972496503614336
fine,pizza,syn,pizza pie,True,342186,0.6,0.9724485068025778
fine,pizza,syn,pizza pie,True,342186,0.61,0.9724500153734053
fine,pizza,syn,pizza pie,True,342186,0.62,0.9724889652616328
fine,pizza,syn,pizza pie,True,342186,0.63,0.9724863758496669
fine,pizza,syn,pizza pie,True,342186,0.64,0.972487997978607
fine,pizza,syn,pizza pie,True,342186,0.65,0.972456511944214
fine,pizza,syn,pizza pie,True,342186,0.66,0.9724865675161274
fine,pizza,syn,pizza pie,True,342186,0.67,0.9724545048800411
fine,pizza,syn,pizza pie,True,342186,0.68,0.9724516862447897
fine,pizza,syn,pizza pie,True,342186,0.69,0.9724319112836338
fine,pizza,syn,pizza pie,True,342186,0.7,0.9724827806874252
fine,pizza,syn,pizza pie,True,342186,0.71,0.9724848658342524
fine,pizza,syn,pizza pie,True,342186,0.72,0.9724777207612617
fine,pizza,syn,pizza pie,True,342186,0.73,0.9724956011483318
fine,pizza,syn,pizza pie,True,342186,0.74,0.9724638962197837
fine,pizza,syn,pizza pie,True,342186,0.75,0.9724898457394195
fine,pizza,syn,pizza pie,True,342186,0.76,0.9725244430601911
fine,pizza,syn,pizza pie,True,342186,0.77,0.9725215063719466
fine,pizza,syn,pizza pie,True,342186,0.78,0.9725557533595108
fine,pizza,syn,pizza pie,True,342186,0.79,0.9725653251633918
fine,pizza,syn,pizza pie,True,342186,0.8,0.9725657869818999
fine,pizza,hypo,anchovy pizza,False,342186,0.5,0.9640787850788147
fine,pizza,hypo,anchovy pizza,False,342186,0.51,0.9645802782039654
fine,pizza,hypo,anchovy pizza,False,342186,0.52,0.9650095359186268
fine,pizza,hypo,anchovy pizza,False,342186,0.53,0.9654406685567294
fine,pizza,hypo,anchovy pizza,False,342186,0.54,0.9657443111996271
fine,pizza,hypo,anchovy pizza,False,342186,0.55,0.9660909946020151
fine,pizza,hypo,anchovy pizza,False,342186,0.56,0.9664366121399308
fine,pizza,hypo,anchovy pizza,False,342186,0.57,0.9667313427777401
fine,pizza,hypo,anchovy pizza,False,342186,0.58,0.9670477699316725
fine,pizza,hypo,anchovy pizza,False,342186,0.59,0.9673559459871576
fine,pizza,hypo,anchovy pizza,False,342186,0.6,0.9676726693659049
fine,pizza,hypo,anchovy pizza,False,342186,0.61,0.967921436103312
fine,pizza,hypo,anchovy pizza,False,342186,0.62,0.9682713764878746
fine,pizza,hypo,anchovy pizza,False,342186,0.63,0.9685662146084114
fine,pizza,hypo,anchovy pizza,False,342186,0.64,0.9688440679257745
fine,pizza,hypo,anchovy pizza,False,342186,0.65,0.9690561053870315
fine,pizza,hypo,anchovy pizza,False,342186,0.66,0.9692172904612962
fine,pizza,hypo,anchovy pizza,False,342186,0.67,0.969487164295327
fine,pizza,hypo,anchovy pizza,False,342186,0.68,0.9696690165280164
fine,pizza,hypo,anchovy pizza,False,342186,0.69,0.969935055319329
fine,pizza,hypo,anchovy pizza,False,342186,0.7,0.9701421820996925
fine,pizza,hypo,anchovy pizza,False,342186,0.71,0.9703315807506355
fine,pizza,hypo,anchovy pizza,False,342186,0.72,0.9704588707972087
fine,pizza,hypo,anchovy pizza,False,342186,0.73,0.9706015435035416
fine,pizza,hypo,anchovy pizza,False,342186,0.74,0.9708365927398043
fine,pizza,hypo,anchovy pizza,False,342186,0.75,0.9709841624176623
fine,pizza,hypo,anchovy pizza,False,342186,0.76,0.9711059631204715
fine,pizza,hypo,anchovy pizza,False,342186,0.77,0.9712238730266077
fine,pizza,hypo,anchovy pizza,False,342186,0.78,0.9713405408146877
fine,pizza,hypo,anchovy pizza,False,342186,0.79,0.9714624993661151
fine,pizza,hypo,anchovy pizza,False,342186,0.8,0.9715631800223945
fine,pizza,hypo,anchovy pizza,True,342186,0.5,0.9640021870801209
fine,pizza,hypo,anchovy pizza,True,342186,0.51,0.9644911227806952
fine,pizza,hypo,anchovy pizza,True,342186,0.52,0.9649458145616213
fine,pizza,hypo,anchovy pizza,True,342186,0.53,0.9653635072998115
fine,pizza,hypo,anchovy pizza,True,342186,0.54,0.9657137772052342
fine,pizza,hypo,anchovy pizza,True,342186,0.55,0.9660477610928443
fine,pizza,hypo,anchovy pizza,True,342186,0.56,0.9663640176759438
fine,pizza,hypo,anchovy pizza,True,342186,0.57,0.9666669491022785
fine,pizza,hypo,anchovy pizza,True,342186,0.58,0.9669715210383405
fine,pizza,hypo,anchovy pizza,True,342186,0.59,0.9673212303990919
fine,pizza,hypo,anchovy pizza,True,342186,0.6,0.9675962984139085
fine,pizza,hypo,anchovy pizza,True,342186,0.61,0.9678702103872344
fine,pizza,hypo,anchovy pizza,True,342186,0.62,0.9681987177858516
fine,pizza,hypo,anchovy pizza,True,342186,0.63,0.9685189732993471
fine,pizza,hypo,anchovy pizza,True,342186,0.64,0.9687801656251588
fine,pizza,hypo,anchovy pizza,True,342186,0.65,0.9689915589308543
fine,pizza,hypo,anchovy pizza,True,342186,0.66,0.9692244528250775
fine,pizza,hypo,anchovy pizza,True,342186,0.67,0.969444068255688
fine,pizza,hypo,anchovy pizza,True,342186,0.68,0.9696672196079759
fine,pizza,hypo,anchovy pizza,True,342186,0.69,0.9698833922859512
fine,pizza,hypo,anchovy pizza,True,342186,0.7,0.9700951422056577
fine,pizza,hypo,anchovy pizza,True,342186,0.71,0.970271985110613
fine,pizza,hypo,anchovy pizza,True,342186,0.72,0.9704074943432933
fine,pizza,hypo,anchovy pizza,True,342186,0.73,0.9705924641603586
fine,pizza,hypo,anchovy pizza,True,342186,0.74,0.9707770241699508
fine,pizza,hypo,anchovy pizza,True,342186,0.75,0.9709410237655326
fine,pizza,hypo,anchovy pizza,True,342186,0.76,0.9710793763528138
fine,pizza,hypo,anchovy pizza,True,342186,0.77,0.971185100959933
fine,pizza,hypo,anchovy pizza,True,342186,0.78,0.9713186813186813
fine,pizza,hypo,anchovy pizza,True,342186,0.79,0.9714407664253627
fine,pizza,hypo,anchovy pizza,True,342186,0.8,0.9715418126196321
fine,pizza,hyper,dish,False,342186,0.5,0.9718362193819169
fine,pizza,hyper,dish,False,342186,0.51,0.9718803436846883
fine,pizza,hyper,dish,False,342186,0.52,0.9719093534169777
fine,pizza,hyper,dish,False,342186,0.53,0.9720035291088156
fine,pizza,hyper,dish,False,342186,0.54,0.9721572633409595
fine,pizza,hyper,dish,False,342186,0.55,0.9722471962281513
fine,pizza,hyper,dish,False,342186,0.56,0.9723366537227757
fine,pizza,hyper,dish,False,342186,0.57,0.9723550539604023
fine,pizza,hyper,dish,False,342186,0.58,0.9724369903945169
fine,pizza,hyper,dish,False,342186,0.59,0.9725014559542198
fine,pizza,hyper,dish,False,342186,0.6,0.9725587499314285
fine,pizza,hyper,dish,False,342186,0.61,0.9725949367088608
fine,pizza,hyper,dish,False,342186,0.62,0.9726093285235111
fine,pizza,hyper,dish,False,342186,0.63,0.9725985208685783
fine,pizza,hyper,dish,False,342186,0.64,0.9726585076717333
fine,pizza,hyper,dish,False,342186,0.65,0.972660468412527
fine,pizza,hyper,dish,False,342186,0.66,0.9726831737461509
fine,pizza,hyper,dish,False,342186,0.67,0.9727013130533446
fine,pizza,hyper,dish,False,342186,0.68,0.9726738619732685
fine,pizza,hyper,dish,False,342186,0.69,0.9726669253348629
fine,pizza,hyper,dish,False,342186,0.7,0.9726353787568897
fine,pizza,hyper,dish,False,342186,0.71,0.9726579630941538
fine,pizza,hyper,dish,False,342186,0.72,0.9726387249114522
fine,pizza,hyper,dish,False,342186,0.73,0.9726401092877742
fine,pizza,hyper,dish,False,342186,0.74,0.9725997942560332
fine,pizza,hyper,dish,False,342186,0.75,0.9726091502386213
fine,pizza,hyper,dish,False,342186,0.76,0.9725110971533114
fine,pizza,hyper,dish,False,342186,0.77,0.9725199914006416
fine,pizza,hyper,dish,False,342186,0.78,0.9725328690843025
fine,pizza,hyper,dish,False,342186,0.79,0.9725293485362615
fine,pizza,hyper,dish,False,342186,0.8,0.9725300432893134
fine,pizza,hyper,dish,True,342186,0.5,0.9718537034378509
fine,pizza,hyper,dish,True,342186,0.51,0.9718857528867872
fine,pizza,hyper,dish,True,342186,0.52,0.9719311724825018
fine,pizza,hyper,dish,True,342186,0.53,0.9720129171151776
fine,pizza,hyper,dish,True,342186,0.54,0.9722081518252119
fine,pizza,hyper,dish,True,342186,0.55,0.9722687692314186
fine,pizza,hyper,dish,True,342186,0.56,0.9723626786422765
fine,pizza,hyper,dish,True,342186,0.57,0.9723768564904891
fine,pizza,hyper,dish,True,342186,0.58,0.9724586732389968
fine,pizza,hyper,dish,True,342186,0.59,0.9725112883487361
fine,pizza,hyper,dish,True,342186,0.6,0.9725641274489534
fine,pizza,hyper,dish,True,342186,0.61,0.9726043002767839
fine,pizza,hyper,dish,True,342186,0.62,0.9726018150137329
fine,pizza,hyper,dish,True,342186,0.63,0.9726329644739007
fine,pizza,hyper,dish,True,342186,0.64,0.9726802927714147
fine,pizza,hyper,dish,True,342186,0.65,0.9726740458272871
fine,pizza,hyper,dish,True,342186,0.66,0.9726551460880789
fine,pizza,hyper,dish,True,342186,0.67,0.9726609784181158
fine,pizza,hyper,dish,True,342186,0.68,0.9726621314427664
fine,pizza,hyper,dish,True,342186,0.69,0.9726349171540989
fine,pizza,hyper,dish,True,342186,0.7,0.9726368788584151
fine,pizza,hyper,dish,True,342186,0.71,0.9726343929599973
fine,pizza,hyper,dish,True,342186,0.72,0.9726192584347357
fine,pizza,hyper,dish,True,342186,0.73,0.9726245135612586
fine,pizza,hyper,dish,True,342186,0.74,0.9725885328836424
fine,pizza,hyper,dish,True,342186,0.75,0.9725318269960375
fine,pizza,hyper,dish,True,342186,0.76,0.9725242067724162
fine,pizza,hyper,dish,True,342186,0.77,0.9725331006487348
fine,pizza,hyper,dish,True,342186,0.78,0.97255054039016
fine,pizza,hyper,dish,True,342186,0.79,0.972551234604328
fine,pizza,hyper,dish,True,342186,0.8,0.9725601274626338
fine,pizza,orig,pizza,False,402720,0.5,0.16901408450704225
fine,pizza,orig,pizza,False,402720,0.51,0.16905737704918034
fine,pizza,orig,pizza,False,402720,0.52,0.16910069177555725
fine,pizza,orig,pizza,False,402720,0.53,0.16905737704918034
fine,pizza,orig,pizza,False,402720,0.54,0.16914402870322912
fine,pizza,orig,pizza,False,402720,0.55,0.16918738784926943
fine,pizza,orig,pizza,False,402720,0.56,0.16923076923076924
fine,pizza,orig,pizza,False,402720,0.57,0.16936104695919937
fine,pizza,orig,pizza,False,402720,0.58,0.16936104695919937
fine,pizza,orig,pizza,False,402720,0.59,0.16944801026957637
fine,pizza,orig,pizza,False,402720,0.6,0.16944801026957637
fine,pizza,orig,pizza,False,402720,0.61,0.16944801026957637
fine,pizza,orig,pizza,False,402720,0.62,0.16953506293347034
fine,pizza,orig,pizza,False,402720,0.63,0.16966580976863754
fine,pizza,orig,pizza,False,402720,0.64,0.16988416988416988
fine,pizza,orig,pizza,False,402720,0.65,0.17005926307652666
fine,pizza,orig,pizza,False,402720,0.66,0.17041053446940357
fine,pizza,orig,pizza,False,402720,0.67,0.17054263565891473
fine,pizza,orig,pizza,False,402720,0.68,0.17076326002587322
fine,pizza,orig,pizza,False,402720,0.69,0.17098445595854922
fine,pizza,orig,pizza,False,402720,0.7,0.17102876392847888
fine,pizza,orig,pizza,False,402720,0.71,0.17125064867669954
fine,pizza,orig,pizza,False,402720,0.72,0.17147310989867498
fine,pizza,orig,pizza,False,402720,0.73,0.1717855283706403
fine,pizza,orig,pizza,False,402720,0.74,0.17200938232994528
fine,pizza,orig,pizza,False,402720,0.75,0.17192799373858597
fine,pizza,orig,pizza,False,402720,0.76,0.17219754376796445
fine,pizza,orig,pizza,False,402720,0.77,0.1723326359832636
fine,pizza,orig,pizza,False,402720,0.78,0.17255826132495417
fine,pizza,orig,pizza,False,402720,0.79,0.17269392033542977
fine,pizza,orig,pizza,False,402720,0.8,0.17282979281405716
fine,pizza,orig,pizza,True,402720,0.5,0.16901408450704225
fine,pizza,orig,pizza,True,402720,0.51,0.16905737704918034
fine,pizza,orig,pizza,True,402720,0.52,0.16910069177555725
fine,pizza,orig,pizza,True,402720,0.53,0.16905737704918034
fine,pizza,orig,pizza,True,402720,0.54,0.16914402870322912
fine,pizza,orig,pizza,True,402720,0.55,0.16918738784926943
fine,pizza,orig,pizza,True,402720,0.56,0.16923076923076924
fine,pizza,orig,pizza,True,402720,0.57,0.16936104695919937
fine,pizza,orig,pizza,True,402720,0.58,0.16936104695919937
fine,pizza,orig,pizza,True,402720,0.59,0.16944801026957637
fine,pizza,orig,pizza,True,402720,0.6,0.16944801026957637
fine,pizza,orig,pizza,True,402720,0.61,0.16944801026957637
fine,pizza,orig,pizza,True,402720,0.62,0.16953506293347034
fine,pizza,orig,pizza,True,402720,0.63,0.16966580976863754
fine,pizza,orig,pizza,True,402720,0.64,0.16988416988416988
fine,pizza,orig,pizza,True,402720,0.65,0.17005926307652666
fine,pizza,orig,pizza,True,402720,0.66,0.17041053446940357
fine,pizza,orig,pizza,True,402720,0.67,0.17054263565891473
fine,pizza,orig,pizza,True,402720,0.68,0.17076326002587322
fine,pizza,orig,pizza,True,402720,0.69,0.17098445595854922
fine,pizza,orig,pizza,True,402720,0.7,0.17102876392847888
fine,pizza,orig,pizza,True,402720,0.71,0.17125064867669954
fine,pizza,orig,pizza,True,402720,0.72,0.17147310989867498
fine,pizza,orig,pizza,True,402720,0.73,0.1717855283706403
fine,pizza,orig,pizza,True,402720,0.74,0.17200938232994528
fine,pizza,orig,pizza,True,402720,0.75,0.17192799373858597
fine,pizza,orig,pizza,True,402720,0.76,0.17219754376796445
fine,pizza,orig,pizza,True,402720,0.77,0.1723326359832636
fine,pizza,orig,pizza,True,402720,0.78,0.17255826132495417
fine,pizza,orig,pizza,True,402720,0.79,0.17269392033542977
fine,pizza,orig,pizza,True,402720,0.8,0.17282979281405716
fine,pizza,syn,pizza pie,False,402720,0.5,0.16901408450704225
fine,pizza,syn,pizza pie,False,402720,0.51,0.16892756590734578
fine,pizza,syn,pizza pie,False,402720,0.52,0.16875479417028894
fine,pizza,syn,pizza pie,False,402720,0.53,0.16875479417028894
fine,pizza,syn,pizza pie,False,402720,0.54,0.16875479417028894
fine,pizza,syn,pizza pie,False,402720,0.55,0.1687116564417178
fine,pizza,syn,pizza pie,False,402720,0.56,0.1687116564417178
fine,pizza,syn,pizza pie,False,402720,0.57,0.168668540761564
fine,pizza,syn,pizza pie,False,402720,0.58,0.1687116564417178
fine,pizza,syn,pizza pie,False,402720,0.59,0.168668540761564
fine,pizza,syn,pizza pie,False,402720,0.6,0.1685823754789272
fine,pizza,syn,pizza pie,False,402720,0.61,0.16862544711292796
fine,pizza,syn,pizza pie,False,402720,0.62,0.1685823754789272
fine,pizza,syn,pizza pie,False,402720,0.63,0.16853932584269662
fine,pizza,syn,pizza pie,False,402720,0.64,0.1685823754789272
fine,pizza,syn,pizza pie,False,402720,0.65,0.1685823754789272
fine,pizza,syn,pizza pie,False,402720,0.66,0.1685823754789272
fine,pizza,syn,pizza pie,False,402720,0.67,0.168668540761564
fine,pizza,syn,pizza pie,False,402720,0.68,0.168668540761564
fine,pizza,syn,pizza pie,False,402720,0.69,0.168668540761564
fine,pizza,syn,pizza pie,False,402720,0.7,0.168668540761564
fine,pizza,syn,pizza pie,False,402720,0.71,0.16879795396419436
fine,pizza,syn,pizza pie,False,402720,0.72,0.168668540761564
fine,pizza,syn,pizza pie,False,402720,0.73,0.16862544711292796
fine,pizza,syn,pizza pie,False,402720,0.74,0.16862544711292796
fine,pizza,syn,pizza pie,False,402720,0.75,0.168668540761564
fine,pizza,syn,pizza pie,False,402720,0.76,0.168668540761564
fine,pizza,syn,pizza pie,False,402720,0.77,0.16862544711292796
fine,pizza,syn,pizza pie,False,402720,0.78,0.1685823754789272
fine,pizza,syn,pizza pie,False,402720,0.79,0.1687116564417178
fine,pizza,syn,pizza pie,False,402720,0.8,0.16875479417028894
fine,pizza,syn,pizza pie,True,402720,0.5,0.16901408450704225
fine,pizza,syn,pizza pie,True,402720,0.51,0.16892756590734578
fine,pizza,syn,pizza pie,True,402720,0.52,0.16875479417028894
fine,pizza,syn,pizza pie,True,402720,0.53,0.16875479417028894
fine,pizza,syn,pizza pie,True,402720,0.54,0.16875479417028894
fine,pizza,syn,pizza pie,True,402720,0.55,0.1687116564417178
fine,pizza,syn,pizza pie,True,402720,0.56,0.1687116564417178
fine,pizza,syn,pizza pie,True,402720,0.57,0.168668540761564
fine,pizza,syn,pizza pie,True,402720,0.58,0.1687116564417178
fine,pizza,syn,pizza pie,True,402720,0.59,0.168668540761564
fine,pizza,syn,pizza pie,True,402720,0.6,0.1685823754789272
fine,pizza,syn,pizza pie,True,402720,0.61,0.16862544711292796
fine,pizza,syn,pizza pie,True,402720,0.62,0.1685823754789272
fine,pizza,syn,pizza pie,True,402720,0.63,0.16853932584269662
fine,pizza,syn,pizza pie,True,402720,0.64,0.1685823754789272
fine,pizza,syn,pizza pie,True,402720,0.65,0.1685823754789272
fine,pizza,syn,pizza pie,True,402720,0.66,0.1685823754789272
fine,pizza,syn,pizza pie,True,402720,0.67,0.168668540761564
fine,pizza,syn,pizza pie,True,402720,0.68,0.168668540761564
fine,pizza,syn,pizza pie,True,402720,0.69,0.168668540761564
fine,pizza,syn,pizza pie,True,402720,0.7,0.168668540761564
fine,pizza,syn,pizza pie,True,402720,0.71,0.16879795396419436
fine,pizza,syn,pizza pie,True,402720,0.72,0.168668540761564
fine,pizza,syn,pizza pie,True,402720,0.73,0.16862544711292796
fine,pizza,syn,pizza pie,True,402720,0.74,0.16862544711292796
fine,pizza,syn,pizza pie,True,402720,0.75,0.168668540761564
fine,pizza,syn,pizza pie,True,402720,0.76,0.168668540761564
fine,pizza,syn,pizza pie,True,402720,0.77,0.16862544711292796
fine,pizza,syn,pizza pie,True,402720,0.78,0.1685823754789272
fine,pizza,syn,pizza pie,True,402720,0.79,0.1687116564417178
fine,pizza,syn,pizza pie,True,402720,0.8,0.16875479417028894
fine,pizza,hypo,anchovy pizza,False,402720,0.5,0.17386666666666667
fine,pizza,hypo,anchovy pizza,False,402720,0.51,0.1736351531291611
fine,pizza,hypo,anchovy pizza,False,402720,0.52,0.1734856535600425
fine,pizza,hypo,anchovy pizza,False,402720,0.53,0.1730718261330506
fine,pizza,hypo,anchovy pizza,False,402720,0.54,0.1729343220338983
fine,pizza,hypo,anchovy pizza,False,402720,0.55,0.17229551451187336
fine,pizza,hypo,anchovy pizza,False,402720,0.56,0.17210526315789473
fine,pizza,hypo,anchovy pizza,False,402720,0.57,0.17187090002623984
fine,pizza,hypo,anchovy pizza,False,402720,0.58,0.17164570230607967
fine,pizza,hypo,anchovy pizza,False,402720,0.59,0.1716828055482858
fine,pizza,hypo,anchovy pizza,False,402720,0.6,0.17141363992683564
fine,pizza,hypo,anchovy pizza,False,402720,0.61,0.17136150234741784
fine,pizza,hypo,anchovy pizza,False,402720,0.62,0.17118290776446066
fine,pizza,hypo,anchovy pizza,False,402720,0.63,0.17104237067845074
fine,pizza,hypo,anchovy pizza,False,402720,0.64,0.17107995846313603
fine,pizza,hypo,anchovy pizza,False,402720,0.65,0.1708581799325901
fine,pizza,hypo,anchovy pizza,False,402720,0.66,0.17059280352057987
fine,pizza,hypo,anchovy pizza,False,402720,0.67,0.1705045278137128
fine,pizza,hypo,anchovy pizza,False,402720,0.68,0.17046042421107088
fine,pizza,hypo,anchovy pizza,False,402720,0.69,0.17024024799793336
fine,pizza,hypo,anchovy pizza,False,402720,0.7,0.17045454545454544
fine,pizza,hypo,anchovy pizza,False,402720,0.71,0.17023471756512767
fine,pizza,hypo,anchovy pizza,False,402720,0.72,0.17005926307652666
fine,pizza,hypo,anchovy pizza,False,402720,0.73,0.16997167138810199
fine,pizza,hypo,anchovy pizza,False,402720,0.74,0.16988416988416988
fine,pizza,hypo,anchovy pizza,False,402720,0.75,0.16979675842552097
fine,pizza,hypo,anchovy pizza,False,402720,0.76,0.1697094368732322
fine,pizza,hypo,anchovy pizza,False,402720,0.77,0.16953506293347034
fine,pizza,hypo,anchovy pizza,False,402720,0.78,0.1694915254237288
fine,pizza,hypo,anchovy pizza,False,402720,0.79,0.16940451745379878
fine,pizza,hypo,anchovy pizza,False,402720,0.8,0.16931759876859928
fine,pizza,hypo,anchovy pizza,True,402720,0.5,0.17386666666666667
fine,pizza,hypo,anchovy pizza,True,402720,0.51,0.17358892438764642
fine,pizza,hypo,anchovy pizza,True,402720,0.52,0.1733935209771641
fine,pizza,hypo,anchovy pizza,True,402720,0.53,0.1730718261330506
fine,pizza,hypo,anchovy pizza,True,402720,0.54,0.17288853587503308
fine,pizza,hypo,anchovy pizza,True,402720,0.55,0.17220464135021096
fine,pizza,hypo,anchovy pizza,True,402720,0.56,0.17201472908995266
fine,pizza,hypo,anchovy pizza,True,402720,0.57,0.17187090002623984
fine,pizza,hypo,anchovy pizza,True,402720,0.58,0.17164570230607967
fine,pizza,hypo,anchovy pizza,True,402720,0.59,0.1716828055482858
fine,pizza,hypo,anchovy pizza,True,402720,0.6,0.17141363992683564
fine,pizza,hypo,anchovy pizza,True,402720,0.61,0.17136150234741784
fine,pizza,hypo,anchovy pizza,True,402720,0.62,0.17118290776446066
fine,pizza,hypo,anchovy pizza,True,402720,0.63,0.17108684347373895
fine,pizza,hypo,anchovy pizza,True,402720,0.64,0.17107995846313603
fine,pizza,hypo,anchovy pizza,True,402720,0.65,0.17081389320891655
fine,pizza,hypo,anchovy pizza,True,402720,0.66,0.17059280352057987
fine,pizza,hypo,anchovy pizza,True,402720,0.67,0.1705045278137128
fine,pizza,hypo,anchovy pizza,True,402720,0.68,0.1704163434186708
fine,pizza,hypo,anchovy pizza,True,402720,0.69,0.17024024799793336
fine,pizza,hypo,anchovy pizza,True,402720,0.7,0.17041053446940357
fine,pizza,hypo,anchovy pizza,True,402720,0.71,0.17023471756512767
fine,pizza,hypo,anchovy pizza,True,402720,0.72,0.17010309278350516
fine,pizza,hypo,anchovy pizza,True,402720,0.73,0.16997167138810199
fine,pizza,hypo,anchovy pizza,True,402720,0.74,0.16992790937178168
fine,pizza,hypo,anchovy pizza,True,402720,0.75,0.16979675842552097
fine,pizza,hypo,anchovy pizza,True,402720,0.76,0.16966580976863754
fine,pizza,hypo,anchovy pizza,True,402720,0.77,0.1695786228160329
fine,pizza,hypo,anchovy pizza,True,402720,0.78,0.16944801026957637
fine,pizza,hypo,anchovy pizza,True,402720,0.79,0.16940451745379878
fine,pizza,hypo,anchovy pizza,True,402720,0.8,0.16931759876859928
fine,pizza,hyper,dish,False,402720,0.5,0.17442563482466747
fine,pizza,hyper,dish,False,402720,0.51,0.17527620185129889
fine,pizza,hyper,dish,False,402720,0.52,0.17890716803760282
fine,pizza,hyper,dish,False,402720,0.53,0.17858176555716354
fine,pizza,hyper,dish,False,402720,0.54,0.1779806046776954
fine,pizza,hyper,dish,False,402720,0.55,0.1774600504625736
fine,pizza,hyper,dish,False,402720,0.56,0.1772012144631521
fine,pizza,hyper,dish,False,402720,0.57,0.17611777535441658
fine,pizza,hyper,dish,False,402720,0.58,0.17485898468976632
fine,pizza,hyper,dish,False,402720,0.59,0.17367021276595745
fine,pizza,hyper,dish,False,402720,0.6,0.1733509234828496
fine,pizza,hyper,dish,False,402720,0.61,0.17261280167890872
fine,pizza,hyper,dish,False,402720,0.62,0.17195629552549427
fine,pizza,hyper,dish,False,402720,0.63,0.1712364200724263
fine,pizza,hyper,dish,False,402720,0.64,0.17013621177075303
fine,pizza,hyper,dish,False,402720,0.65,0.16943946762221654
fine,pizza,hyper,dish,False,402720,0.66,0.1690033137904665
fine,pizza,hyper,dish,False,402720,0.67,0.16916433832867667
fine,pizza,hyper,dish,False,402720,0.68,0.1688212927756654
fine,pizza,hyper,dish,False,402720,0.69,0.16847963571970656
fine,pizza,hyper,dish,False,402720,0.7,0.16834931852599697
fine,pizza,hyper,dish,False,402720,0.71,0.16821959204230671
fine,pizza,hyper,dish,False,402720,0.72,0.16792357968828556
fine,pizza,hyper,dish,False,402720,0.73,0.1678391959798995
fine,pizza,hyper,dish,False,402720,0.74,0.16788137723045993
fine,pizza,hyper,dish,False,402720,0.75,0.16758655293527347
fine,pizza,hyper,dish,False,402720,0.76,0.16779703592062295
fine,pizza,hyper,dish,False,402720,0.77,0.1682595573440644
fine,pizza,hyper,dish,False,402720,0.78,0.16800602712204923
fine,pizza,hyper,dish,False,402720,0.79,0.16779703592062295
fine,pizza,hyper,dish,False,402720,0.8,0.16779703592062295
fine,pizza,hyper,dish,True,402720,0.5,0.17437292233303112
fine,pizza,hyper,dish,True,402720,0.51,0.17547000895255147
fine,pizza,hyper,dish,True,402720,0.52,0.17864476386036962
fine,pizza,hyper,dish,True,402720,0.53,0.17861271676300577
fine,pizza,hyper,dish,True,402720,0.54,0.17777777777777778
fine,pizza,hyper,dish,True,402720,0.55,0.17711247901510913
fine,pizza,hyper,dish,True,402720,0.56,0.1771523178807947
fine,pizza,hyper,dish,True,402720,0.57,0.17619825708061002
fine,pizza,hyper,dish,True,402720,0.58,0.17481203007518797
fine,pizza,hyper,dish,True,402720,0.59,0.1734856535600425
fine,pizza,hyper,dish,True,402720,0.6,0.1731681602530311
fine,pizza,hyper,dish,True,402720,0.61,0.17243186582809225
fine,pizza,hyper,dish,True,402720,0.62,0.17195629552549427
fine,pizza,hyper,dish,True,402720,0.63,0.17114788004136505
fine,pizza,hyper,dish,True,402720,0.64,0.17009249743062693
fine,pizza,hyper,dish,True,402720,0.65,0.16922290388548059
fine,pizza,hyper,dish,True,402720,0.66,0.16887417218543047
fine,pizza,hyper,dish,True,402720,0.67,0.16903553299492385
fine,pizza,hyper,dish,True,402720,0.68,0.16877850988342624
fine,pizza,hyper,dish,True,402720,0.69,0.16835187057633974
fine,pizza,hyper,dish,True,402720,0.7,0.16847414880201766
fine,pizza,hyper,dish,True,402720,0.71,0.16821959204230671
fine,pizza,hyper,dish,True,402720,0.72,0.16788137723045993
fine,pizza,hyper,dish,True,402720,0.73,0.1678391959798995
fine,pizza,hyper,dish,True,402720,0.74,0.16779703592062295
fine,pizza,hyper,dish,True,402720,0.75,0.16783743100852985
fine,pizza,hyper,dish,True,402720,0.76,0.1680482290881688
fine,pizza,hyper,dish,True,402720,0.77,0.16813269665745162
fine,pizza,hyper,dish,True,402720,0.78,0.16792168674698796
fine,pizza,hyper,dish,True,402720,0.79,0.16800602712204923
fine,pizza,hyper,dish,True,402720,0.8,0.167754897036665
fine,pizza,orig,pizza,False,127394,0.5,0.21192513741042232
fine,pizza,orig,pizza,False,127394,0.51,0.21217609361939258
fine,pizza,orig,pizza,False,127394,0.52,0.21223949257684532
fine,pizza,orig,pizza,False,127394,0.53,0.21241716079525635
fine,pizza,orig,pizza,False,127394,0.54,0.21252530894365707
fine,pizza,orig,pizza,False,127394,0.55,0.21273324481095815
fine,pizza,orig,pizza,False,127394,0.56,0.21300118955986286
fine,pizza,orig,pizza,False,127394,0.57,0.21319974777552023
fine,pizza,orig,pizza,False,127394,0.58,0.21341377858846639
fine,pizza,orig,pizza,False,127394,0.59,0.21335767961233232
fine,pizza,orig,pizza,False,127394,0.6,0.21371790362293352
fine,pizza,orig,pizza,False,127394,0.61,0.21383293421608676
fine,pizza,orig,pizza,False,127394,0.62,0.21400366661965872
fine,pizza,orig,pizza,False,127394,0.63,0.21410419313850063
fine,pizza,orig,pizza,False,127394,0.64,0.21445237926889626
fine,pizza,orig,pizza,False,127394,0.65,0.21466487366409512
fine,pizza,orig,pizza,False,127394,0.66,0.21506062539885132
fine,pizza,orig,pizza,False,127394,0.67,0.21544253445091632
fine,pizza,orig,pizza,False,127394,0.68,0.21560122306762428
fine,pizza,orig,pizza,False,127394,0.69,0.21598518307451203
fine,pizza,orig,pizza,False,127394,0.7,0.21625285388127855
fine,pizza,orig,pizza,False,127394,0.71,0.21671671671671672
fine,pizza,orig,pizza,False,127394,0.72,0.21698653680893726
fine,pizza,orig,pizza,False,127394,0.73,0.2173351510368085
fine,pizza,orig,pizza,False,127394,0.74,0.21742565723315616
fine,pizza,orig,pizza,False,127394,0.75,0.21772279364166008
fine,pizza,orig,pizza,False,127394,0.76,0.21802723539159882
fine,pizza,orig,pizza,False,127394,0.77,0.2180217877498016
fine,pizza,orig,pizza,False,127394,0.78,0.21813849375406166
fine,pizza,orig,pizza,False,127394,0.79,0.21838166172535975
fine,pizza,orig,pizza,False,127394,0.8,0.218761318362912
fine,pizza,orig,pizza,True,127394,0.5,0.21192513741042232
fine,pizza,orig,pizza,True,127394,0.51,0.21217609361939258
fine,pizza,orig,pizza,True,127394,0.52,0.21223949257684532
fine,pizza,orig,pizza,True,127394,0.53,0.21241716079525635
fine,pizza,orig,pizza,True,127394,0.54,0.21252530894365707
fine,pizza,orig,pizza,True,127394,0.55,0.21273324481095815
fine,pizza,orig,pizza,True,127394,0.56,0.21300118955986286
fine,pizza,orig,pizza,True,127394,0.57,0.21319974777552023
fine,pizza,orig,pizza,True,127394,0.58,0.21341377858846639
fine,pizza,orig,pizza,True,127394,0.59,0.21335767961233232
fine,pizza,orig,pizza,True,127394,0.6,0.21371790362293352
fine,pizza,orig,pizza,True,127394,0.61,0.21383293421608676
fine,pizza,orig,pizza,True,127394,0.62,0.21400366661965872
fine,pizza,orig,pizza,True,127394,0.63,0.21410419313850063
fine,pizza,orig,pizza,True,127394,0.64,0.21445237926889626
fine,pizza,orig,pizza,True,127394,0.65,0.21466487366409512
fine,pizza,orig,pizza,True,127394,0.66,0.21506062539885132
fine,pizza,orig,pizza,True,127394,0.67,0.21544253445091632
fine,pizza,orig,pizza,True,127394,0.68,0.21560122306762428
fine,pizza,orig,pizza,True,127394,0.69,0.21598518307451203
fine,pizza,orig,pizza,True,127394,0.7,0.21625285388127855
fine,pizza,orig,pizza,True,127394,0.71,0.21671671671671672
fine,pizza,orig,pizza,True,127394,0.72,0.21698653680893726
fine,pizza,orig,pizza,True,127394,0.73,0.2173351510368085
fine,pizza,orig,pizza,True,127394,0.74,0.21742565723315616
fine,pizza,orig,pizza,True,127394,0.75,0.21772279364166008
fine,pizza,orig,pizza,True,127394,0.76,0.21802723539159882
fine,pizza,orig,pizza,True,127394,0.77,0.2180217877498016
fine,pizza,orig,pizza,True,127394,0.78,0.21813849375406166
fine,pizza,orig,pizza,True,127394,0.79,0.21838166172535975
fine,pizza,orig,pizza,True,127394,0.8,0.218761318362912
fine,pizza,syn,pizza pie,False,127394,0.5,0.21192513741042232
fine,pizza,syn,pizza pie,False,127394,0.51,0.21174834897462635
fine,pizza,syn,pizza pie,False,127394,0.52,0.21142500173526757
fine,pizza,syn,pizza pie,False,127394,0.53,0.2113477145037109
fine,pizza,syn,pizza pie,False,127394,0.54,0.2111280487804878
fine,pizza,syn,pizza pie,False,127394,0.55,0.21096725057121096
fine,pizza,syn,pizza pie,False,127394,0.56,0.2107921134555517
fine,pizza,syn,pizza pie,False,127394,0.57,0.210573600552868
fine,pizza,syn,pizza pie,False,127394,0.58,0.21039911614417897
fine,pizza,syn,pizza pie,False,127394,0.59,0.21025393320452662
fine,pizza,syn,pizza pie,False,127394,0.6,0.21005101337377638
fine,pizza,syn,pizza pie,False,127394,0.61,0.20990631027831358
fine,pizza,syn,pizza pie,False,127394,0.62,0.20970406056434962
fine,pizza,syn,pizza pie,False,127394,0.63,0.20951660592725022
fine,pizza,syn,pizza pie,False,127394,0.64,0.20940141571026047
fine,pizza,syn,pizza pie,False,127394,0.65,0.20949241019300777
fine,pizza,syn,pizza pie,False,127394,0.66,0.20937735978581726
fine,pizza,syn,pizza pie,False,127394,0.67,0.20949375771710796
fine,pizza,syn,pizza pie,False,127394,0.68,0.2093071071208279
fine,pizza,syn,pizza pie,False,127394,0.69,0.20928958005069534
fine,pizza,syn,pizza pie,False,127394,0.7,0.2092434097911674
fine,pizza,syn,pizza pie,False,127394,0.71,0.2091686623332193
fine,pizza,syn,pizza pie,False,127394,0.72,0.20901134965130588
fine,pizza,syn,pizza pie,False,127394,0.73,0.2088512498292583
fine,pizza,syn,pizza pie,False,127394,0.74,0.20868022382967108
fine,pizza,syn,pizza pie,False,127394,0.75,0.20856344173996044
fine,pizza,syn,pizza pie,False,127394,0.76,0.208475269110233
fine,pizza,syn,pizza pie,False,127394,0.77,0.20844399046646236
fine,pizza,syn,pizza pie,False,127394,0.78,0.20824545887475338
fine,pizza,syn,pizza pie,False,127394,0.79,0.20823985315113197
fine,pizza,syn,pizza pie,False,127394,0.8,0.2083050156313715
fine,pizza,syn,pizza pie,True,127394,0.5,0.21192513741042232
fine,pizza,syn,pizza pie,True,127394,0.51,0.21174834897462635
fine,pizza,syn,pizza pie,True,127394,0.52,0.21142500173526757
fine,pizza,syn,pizza pie,True,127394,0.53,0.2113477145037109
fine,pizza,syn,pizza pie,True,127394,0.54,0.2111280487804878
fine,pizza,syn,pizza pie,True,127394,0.55,0.21096725057121096
fine,pizza,syn,pizza pie,True,127394,0.56,0.2107921134555517
fine,pizza,syn,pizza pie,True,127394,0.57,0.210573600552868
fine,pizza,syn,pizza pie,True,127394,0.58,0.21039911614417897
fine,pizza,syn,pizza pie,True,127394,0.59,0.21025393320452662
fine,pizza,syn,pizza pie,True,127394,0.6,0.21005101337377638
fine,pizza,syn,pizza pie,True,127394,0.61,0.20990631027831358
fine,pizza,syn,pizza pie,True,127394,0.62,0.20970406056434962
fine,pizza,syn,pizza pie,True,127394,0.63,0.20951660592725022
fine,pizza,syn,pizza pie,True,127394,0.64,0.20940141571026047
fine,pizza,syn,pizza pie,True,127394,0.65,0.20949241019300777
fine,pizza,syn,pizza pie,True,127394,0.66,0.20937735978581726
fine,pizza,syn,pizza pie,True,127394,0.67,0.20949375771710796
fine,pizza,syn,pizza pie,True,127394,0.68,0.2093071071208279
fine,pizza,syn,pizza pie,True,127394,0.69,0.20928958005069534
fine,pizza,syn,pizza pie,True,127394,0.7,0.2092434097911674
fine,pizza,syn,pizza pie,True,127394,0.71,0.2091686623332193
fine,pizza,syn,pizza pie,True,127394,0.72,0.20901134965130588
fine,pizza,syn,pizza pie,True,127394,0.73,0.2088512498292583
fine,pizza,syn,pizza pie,True,127394,0.74,0.20868022382967108
fine,pizza,syn,pizza pie,True,127394,0.75,0.20856344173996044
fine,pizza,syn,pizza pie,True,127394,0.76,0.208475269110233
fine,pizza,syn,pizza pie,True,127394,0.77,0.20844399046646236
fine,pizza,syn,pizza pie,True,127394,0.78,0.20824545887475338
fine,pizza,syn,pizza pie,True,127394,0.79,0.20823985315113197
fine,pizza,syn,pizza pie,True,127394,0.8,0.2083050156313715
fine,pizza,hypo,anchovy pizza,False,127394,0.5,0.18952471901858517
fine,pizza,hypo,anchovy pizza,False,127394,0.51,0.19045874248864136
fine,pizza,hypo,anchovy pizza,False,127394,0.52,0.19127565982404693
fine,pizza,hypo,anchovy pizza,False,127394,0.53,0.19229074889867842
fine,pizza,hypo,anchovy pizza,False,127394,0.54,0.19398584905660377
fine,pizza,hypo,anchovy pizza,False,127394,0.55,0.19657168299198574
fine,pizza,hypo,anchovy pizza,False,127394,0.56,0.19934200687901898
fine,pizza,hypo,anchovy pizza,False,127394,0.57,0.20259270425082906
fine,pizza,hypo,anchovy pizza,False,127394,0.58,0.2056834587037459
fine,pizza,hypo,anchovy pizza,False,127394,0.59,0.20943930237894898
fine,pizza,hypo,anchovy pizza,False,127394,0.6,0.2118884878273558
fine,pizza,hypo,anchovy pizza,False,127394,0.61,0.21563779649231243
fine,pizza,hypo,anchovy pizza,False,127394,0.62,0.2202783609361636
fine,pizza,hypo,anchovy pizza,False,127394,0.63,0.22408000625048832
fine,pizza,hypo,anchovy pizza,False,127394,0.64,0.22567546462595658
fine,pizza,hypo,anchovy pizza,False,127394,0.65,0.22691107644305772
fine,pizza,hypo,anchovy pizza,False,127394,0.66,0.22697956329163105
fine,pizza,hypo,anchovy pizza,False,127394,0.67,0.2272797646694535
fine,pizza,hypo,anchovy pizza,False,127394,0.68,0.227602718566574
fine,pizza,hypo,anchovy pizza,False,127394,0.69,0.22723076923076924
fine,pizza,hypo,anchovy pizza,False,127394,0.7,0.22649310872894335
fine,pizza,hypo,anchovy pizza,False,127394,0.71,0.22578678655795167
fine,pizza,hypo,anchovy pizza,False,127394,0.72,0.22592648845686514
fine,pizza,hypo,anchovy pizza,False,127394,0.73,0.22545536996447738
fine,pizza,hypo,anchovy pizza,False,127394,0.74,0.2251281278263491
fine,pizza,hypo,anchovy pizza,False,127394,0.75,0.22474102987539407
fine,pizza,hypo,anchovy pizza,False,127394,0.76,0.22442416990726893
fine,pizza,hypo,anchovy pizza,False,127394,0.77,0.22402742584587867
fine,pizza,hypo,anchovy pizza,False,127394,0.78,0.22336871798678642
fine,pizza,hypo,anchovy pizza,False,127394,0.79,0.2227397057736379
fine,pizza,hypo,anchovy pizza,False,127394,0.8,0.2220748600058945
fine,pizza,hypo,anchovy pizza,True,127394,0.5,0.18948915839764793
fine,pizza,hypo,anchovy pizza,True,127394,0.51,0.19051110948155753
fine,pizza,hypo,anchovy pizza,True,127394,0.52,0.19127565982404693
fine,pizza,hypo,anchovy pizza,True,127394,0.53,0.19221446933529196
fine,pizza,hypo,anchovy pizza,True,127394,0.54,0.193952802359882
fine,pizza,hypo,anchovy pizza,True,127394,0.55,0.1964802851414569
fine,pizza,hypo,anchovy pizza,True,127394,0.56,0.19941656070012717
fine,pizza,hypo,anchovy pizza,True,127394,0.57,0.20259465982802835
fine,pizza,hypo,anchovy pizza,True,127394,0.58,0.20561174055204928
fine,pizza,hypo,anchovy pizza,True,127394,0.59,0.20939843869585184
fine,pizza,hypo,anchovy pizza,True,127394,0.6,0.21192561856462272
fine,pizza,hypo,anchovy pizza,True,127394,0.61,0.2153953164850452
fine,pizza,hypo,anchovy pizza,True,127394,0.62,0.22016492920491676
fine,pizza,hypo,anchovy pizza,True,127394,0.63,0.2239937475576397
fine,pizza,hypo,anchovy pizza,True,127394,0.64,0.22573081131780523
fine,pizza,hypo,anchovy pizza,True,127394,0.65,0.2267301240539908
fine,pizza,hypo,anchovy pizza,True,127394,0.66,0.22715607745547867
fine,pizza,hypo,anchovy pizza,True,127394,0.67,0.22724808302997443
fine,pizza,hypo,anchovy pizza,True,127394,0.68,0.22763096893834028
fine,pizza,hypo,anchovy pizza,True,127394,0.69,0.22733569339695245
fine,pizza,hypo,anchovy pizza,True,127394,0.7,0.22661457136290508
fine,pizza,hypo,anchovy pizza,True,127394,0.71,0.22594174165014488
fine,pizza,hypo,anchovy pizza,True,127394,0.72,0.22587752621182192
fine,pizza,hypo,anchovy pizza,True,127394,0.73,0.22544794738035837
fine,pizza,hypo,anchovy pizza,True,127394,0.74,0.2251790425932906
fine,pizza,hypo,anchovy pizza,True,127394,0.75,0.2248929617666942
fine,pizza,hypo,anchovy pizza,True,127394,0.76,0.22452491396079605
fine,pizza,hypo,anchovy pizza,True,127394,0.77,0.22398628503279666
fine,pizza,hypo,anchovy pizza,True,127394,0.78,0.22341847341847343
fine,pizza,hypo,anchovy pizza,True,127394,0.79,0.2227891156462585
fine,pizza,hypo,anchovy pizza,True,127394,0.8,0.22212395902424645
fine,pizza,hyper,dish,False,127394,0.5,0.22674285714285713
fine,pizza,hyper,dish,False,127394,0.51,0.22540952668528724
fine,pizza,hyper,dish,False,127394,0.52,0.22386831275720165
fine,pizza,hyper,dish,False,127394,0.53,0.22274212715389186
fine,pizza,hyper,dish,False,127394,0.54,0.2216887050306567
fine,pizza,hyper,dish,False,127394,0.55,0.220597957834423
fine,pizza,hyper,dish,False,127394,0.56,0.21968866476649856
fine,pizza,hyper,dish,False,127394,0.57,0.21890004364906154
fine,pizza,hyper,dish,False,127394,0.58,0.21845997679814386
fine,pizza,hyper,dish,False,127394,0.59,0.217790302767541
fine,pizza,hyper,dish,False,127394,0.6,0.21706263498920086
fine,pizza,hyper,dish,False,127394,0.61,0.2164489737333142
fine,pizza,hyper,dish,False,127394,0.62,0.21596849266022197
fine,pizza,hyper,dish,False,127394,0.63,0.21554063705184973
fine,pizza,hyper,dish,False,127394,0.64,0.2152015956688987
fine,pizza,hyper,dish,False,127394,0.65,0.21493598862019914
fine,pizza,hyper,dish,False,127394,0.66,0.2144631324959194
fine,pizza,hyper,dish,False,127394,0.67,0.21412381357132737
fine,pizza,hyper,dish,False,127394,0.68,0.2139673105497771
fine,pizza,hyper,dish,False,127394,0.69,0.21387160633484162
fine,pizza,hyper,dish,False,127394,0.7,0.21347918136908964
fine,pizza,hyper,dish,False,127394,0.71,0.21322337351096074
fine,pizza,hyper,dish,False,127394,0.72,0.21310320535399788
fine,pizza,hyper,dish,False,127394,0.73,0.21303858068149817
fine,pizza,hyper,dish,False,127394,0.74,0.21288870128042775
fine,pizza,hyper,dish,False,127394,0.75,0.21298902336054037
fine,pizza,hyper,dish,False,127394,0.76,0.21287964004499438
fine,pizza,hyper,dish,False,127394,0.77,0.2127704411351503
fine,pizza,hyper,dish,False,127394,0.78,0.21275101811543323
fine,pizza,hyper,dish,False,127394,0.79,0.21254208754208753
fine,pizza,hyper,dish,False,127394,0.8,0.21271222113091062
fine,pizza,hyper,dish,True,127394,0.5,0.22668798051305472
fine,pizza,hyper,dish,True,127394,0.51,0.22523949611525987
fine,pizza,hyper,dish,True,127394,0.52,0.22382482624616995
fine,pizza,hyper,dish,True,127394,0.53,0.22256029684601114
fine,pizza,hyper,dish,True,127394,0.54,0.2214596708729983
fine,pizza,hyper,dish,True,127394,0.55,0.22052562032007048
fine,pizza,hyper,dish,True,127394,0.56,0.219617294770669
fine,pizza,hyper,dish,True,127394,0.57,0.2187568157033806
fine,pizza,hyper,dish,True,127394,0.58,0.21825425570445492
fine,pizza,hyper,dish,True,127394,0.59,0.21760161721175367
fine,pizza,hyper,dish,True,127394,0.6,0.21693768887609727
fine,pizza,hyper,dish,True,127394,0.61,0.2163092591264434
fine,pizza,hyper,dish,True,127394,0.62,0.2158139534883721
fine,pizza,hyper,dish,True,127394,0.63,0.2153714408049668
fine,pizza,hyper,dish,True,127394,0.64,0.21509433962264152
fine,pizza,hyper,dish,True,127394,0.65,0.21476796247601448
fine,pizza,hyper,dish,True,127394,0.66,0.2142502658631691
fine,pizza,hyper,dish,True,127394,0.67,0.21406316385781052
fine,pizza,hyper,dish,True,127394,0.68,0.21384626264054876
fine,pizza,hyper,dish,True,127394,0.69,0.2137809187279152
fine,pizza,hyper,dish,True,127394,0.7,0.21335872478487797
fine,pizza,hyper,dish,True,127394,0.71,0.21308819385742464
fine,pizza,hyper,dish,True,127394,0.72,0.2130281690140845
fine,pizza,hyper,dish,True,127394,0.73,0.21293364295264233
fine,pizza,hyper,dish,True,127394,0.74,0.21281384063576905
fine,pizza,hyper,dish,True,127394,0.75,0.21285422966036144
fine,pizza,hyper,dish,True,127394,0.76,0.21286015460295152
fine,pizza,hyper,dish,True,127394,0.77,0.21282123297289707
fine,pizza,hyper,dish,True,127394,0.78,0.21268682899445654
fine,pizza,hyper,dish,True,127394,0.79,0.21255259467040674
fine,pizza,hyper,dish,True,127394,0.8,0.21258849092310927
fine,refrigerator,orig,refrigerator,False,491216,0.5,0.36780902223845313
fine,refrigerator,orig,refrigerator,False,491216,0.51,0.3690926911767532
fine,refrigerator,orig,refrigerator,False,491216,0.52,0.37049848187862716
fine,refrigerator,orig,refrigerator,False,491216,0.53,0.3719687944352638
fine,refrigerator,orig,refrigerator,False,491216,0.54,0.37347499471651713
fine,refrigerator,orig,refrigerator,False,491216,0.55,0.37477186713541966
fine,refrigerator,orig,refrigerator,False,491216,0.56,0.3760925104208686
fine,refrigerator,orig,refrigerator,False,491216,0.57,0.377266093101859
fine,refrigerator,orig,refrigerator,False,491216,0.58,0.3783960217345391
fine,refrigerator,orig,refrigerator,False,491216,0.59,0.37964793734282914
fine,refrigerator,orig,refrigerator,False,491216,0.6,0.38120370014969485
fine,refrigerator,orig,refrigerator,False,491216,0.61,0.382808902532617
fine,refrigerator,orig,refrigerator,False,491216,0.62,0.38456078423849444
fine,refrigerator,orig,refrigerator,False,491216,0.63,0.38595347231545235
fine,refrigerator,orig,refrigerator,False,491216,0.64,0.3881879194630872
fine,refrigerator,orig,refrigerator,False,491216,0.65,0.3907708824600755
fine,refrigerator,orig,refrigerator,False,491216,0.66,0.3930460783562064
fine,refrigerator,orig,refrigerator,False,491216,0.67,0.39542771730798715
fine,refrigerator,orig,refrigerator,False,491216,0.68,0.3986090355213243
fine,refrigerator,orig,refrigerator,False,491216,0.69,0.4014556598352806
fine,refrigerator,orig,refrigerator,False,491216,0.7,0.40376404817062667
fine,refrigerator,orig,refrigerator,False,491216,0.71,0.4061005013586437
fine,refrigerator,orig,refrigerator,False,491216,0.72,0.40875088484570204
fine,refrigerator,orig,refrigerator,False,491216,0.73,0.41102440517175426
fine,refrigerator,orig,refrigerator,False,491216,0.74,0.4133843212237094
fine,refrigerator,orig,refrigerator,False,491216,0.75,0.4153334480188084
fine,refrigerator,orig,refrigerator,False,491216,0.76,0.4173098968284295
fine,refrigerator,orig,refrigerator,False,491216,0.77,0.4192482524160587
fine,refrigerator,orig,refrigerator,False,491216,0.78,0.421286750668194
fine,refrigerator,orig,refrigerator,False,491216,0.79,0.42343511450381677
fine,refrigerator,orig,refrigerator,False,491216,0.8,0.4260365190513442
fine,refrigerator,orig,refrigerator,True,491216,0.5,0.36780902223845313
fine,refrigerator,orig,refrigerator,True,491216,0.51,0.3690926911767532
fine,refrigerator,orig,refrigerator,True,491216,0.52,0.37049848187862716
fine,refrigerator,orig,refrigerator,True,491216,0.53,0.3719687944352638
fine,refrigerator,orig,refrigerator,True,491216,0.54,0.37347499471651713
fine,refrigerator,orig,refrigerator,True,491216,0.55,0.37477186713541966
fine,refrigerator,orig,refrigerator,True,491216,0.56,0.3760925104208686
fine,refrigerator,orig,refrigerator,True,491216,0.57,0.377266093101859
fine,refrigerator,orig,refrigerator,True,491216,0.58,0.3783960217345391
fine,refrigerator,orig,refrigerator,True,491216,0.59,0.37964793734282914
fine,refrigerator,orig,refrigerator,True,491216,0.6,0.38120370014969485
fine,refrigerator,orig,refrigerator,True,491216,0.61,0.382808902532617
fine,refrigerator,orig,refrigerator,True,491216,0.62,0.38456078423849444
fine,refrigerator,orig,refrigerator,True,491216,0.63,0.38595347231545235
fine,refrigerator,orig,refrigerator,True,491216,0.64,0.3881879194630872
fine,refrigerator,orig,refrigerator,True,491216,0.65,0.3907708824600755
fine,refrigerator,orig,refrigerator,True,491216,0.66,0.3930460783562064
fine,refrigerator,orig,refrigerator,True,491216,0.67,0.39542771730798715
fine,refrigerator,orig,refrigerator,True,491216,0.68,0.3986090355213243
fine,refrigerator,orig,refrigerator,True,491216,0.69,0.4014556598352806
fine,refrigerator,orig,refrigerator,True,491216,0.7,0.40376404817062667
fine,refrigerator,orig,refrigerator,True,491216,0.71,0.4061005013586437
fine,refrigerator,orig,refrigerator,True,491216,0.72,0.40875088484570204
fine,refrigerator,orig,refrigerator,True,491216,0.73,0.41102440517175426
fine,refrigerator,orig,refrigerator,True,491216,0.74,0.4133843212237094
fine,refrigerator,orig,refrigerator,True,491216,0.75,0.4153334480188084
fine,refrigerator,orig,refrigerator,True,491216,0.76,0.4173098968284295
fine,refrigerator,orig,refrigerator,True,491216,0.77,0.4192482524160587
fine,refrigerator,orig,refrigerator,True,491216,0.78,0.421286750668194
fine,refrigerator,orig,refrigerator,True,491216,0.79,0.42343511450381677
fine,refrigerator,orig,refrigerator,True,491216,0.8,0.4260365190513442
fine,refrigerator,syn,icebox,False,491216,0.5,0.36780902223845313
fine,refrigerator,syn,icebox,False,491216,0.51,0.3668428640076886
fine,refrigerator,syn,icebox,False,491216,0.52,0.36601822305947485
fine,refrigerator,syn,icebox,False,491216,0.53,0.3651498548551435
fine,refrigerator,syn,icebox,False,491216,0.54,0.3643634406121429
fine,refrigerator,syn,icebox,False,491216,0.55,0.3633322438621114
fine,refrigerator,syn,icebox,False,491216,0.56,0.3619880792155355
fine,refrigerator,syn,icebox,False,491216,0.57,0.3603676357483464
fine,refrigerator,syn,icebox,False,491216,0.58,0.35811252547782946
fine,refrigerator,syn,icebox,False,491216,0.59,0.3556910178258947
fine,refrigerator,syn,icebox,False,491216,0.6,0.35342987365141637
fine,refrigerator,syn,icebox,False,491216,0.61,0.3513799403788826
fine,refrigerator,syn,icebox,False,491216,0.62,0.34949607631943375
fine,refrigerator,syn,icebox,False,491216,0.63,0.34783779624499844
fine,refrigerator,syn,icebox,False,491216,0.64,0.3463706496854499
fine,refrigerator,syn,icebox,False,491216,0.65,0.3450186631777427
fine,refrigerator,syn,icebox,False,491216,0.66,0.3440001539408867
fine,refrigerator,syn,icebox,False,491216,0.67,0.3432761142329305
fine,refrigerator,syn,icebox,False,491216,0.68,0.34275155901147125
fine,refrigerator,syn,icebox,False,491216,0.69,0.3423357523725192
fine,refrigerator,syn,icebox,False,491216,0.7,0.3416695545030996
fine,refrigerator,syn,icebox,False,491216,0.71,0.3411699014171288
fine,refrigerator,syn,icebox,False,491216,0.72,0.3407283301557956
fine,refrigerator,syn,icebox,False,491216,0.73,0.3400939943757464
fine,refrigerator,syn,icebox,False,491216,0.74,0.33980002697131406
fine,refrigerator,syn,icebox,False,491216,0.75,0.3395117627791372
fine,refrigerator,syn,icebox,False,491216,0.76,0.3392299687825182
fine,refrigerator,syn,icebox,False,491216,0.77,0.3387998150003854
fine,refrigerator,syn,icebox,False,491216,0.78,0.3385492946889694
fine,refrigerator,syn,icebox,False,491216,0.79,0.33835658675711094
fine,refrigerator,syn,icebox,False,491216,0.8,0.3379904416865798
fine,refrigerator,syn,icebox,True,491216,0.5,0.36780902223845313
fine,refrigerator,syn,icebox,True,491216,0.51,0.3668428640076886
fine,refrigerator,syn,icebox,True,491216,0.52,0.36601822305947485
fine,refrigerator,syn,icebox,True,491216,0.53,0.3651498548551435
fine,refrigerator,syn,icebox,True,491216,0.54,0.3643634406121429
fine,refrigerator,syn,icebox,True,491216,0.55,0.3633322438621114
fine,refrigerator,syn,icebox,True,491216,0.56,0.3619880792155355
fine,refrigerator,syn,icebox,True,491216,0.57,0.3603676357483464
fine,refrigerator,syn,icebox,True,491216,0.58,0.35811252547782946
fine,refrigerator,syn,icebox,True,491216,0.59,0.3556910178258947
fine,refrigerator,syn,icebox,True,491216,0.6,0.35342987365141637
fine,refrigerator,syn,icebox,True,491216,0.61,0.3513799403788826
fine,refrigerator,syn,icebox,True,491216,0.62,0.34949607631943375
fine,refrigerator,syn,icebox,True,491216,0.63,0.34783779624499844
fine,refrigerator,syn,icebox,True,491216,0.64,0.3463706496854499
fine,refrigerator,syn,icebox,True,491216,0.65,0.3450186631777427
fine,refrigerator,syn,icebox,True,491216,0.66,0.3440001539408867
fine,refrigerator,syn,icebox,True,491216,0.67,0.3432761142329305
fine,refrigerator,syn,icebox,True,491216,0.68,0.34275155901147125
fine,refrigerator,syn,icebox,True,491216,0.69,0.3423357523725192
fine,refrigerator,syn,icebox,True,491216,0.7,0.3416695545030996
fine,refrigerator,syn,icebox,True,491216,0.71,0.3411699014171288
fine,refrigerator,syn,icebox,True,491216,0.72,0.3407283301557956
fine,refrigerator,syn,icebox,True,491216,0.73,0.3400939943757464
fine,refrigerator,syn,icebox,True,491216,0.74,0.33980002697131406
fine,refrigerator,syn,icebox,True,491216,0.75,0.3395117627791372
fine,refrigerator,syn,icebox,True,491216,0.76,0.3392299687825182
fine,refrigerator,syn,icebox,True,491216,0.77,0.3387998150003854
fine,refrigerator,syn,icebox,True,491216,0.78,0.3385492946889694
fine,refrigerator,syn,icebox,True,491216,0.79,0.33835658675711094
fine,refrigerator,syn,icebox,True,491216,0.8,0.3379904416865798
fine,refrigerator,hypo,electric refrigerator,False,491216,0.5,0.3505146705146705
fine,refrigerator,hypo,electric refrigerator,False,491216,0.51,0.35050792673541636
fine,refrigerator,hypo,electric refrigerator,False,491216,0.52,0.3506108706108706
fine,refrigerator,hypo,electric refrigerator,False,491216,0.53,0.35068108357703554
fine,refrigerator,hypo,electric refrigerator,False,491216,0.54,0.3506925740669488
fine,refrigerator,hypo,electric refrigerator,False,491216,0.55,0.3507108093030414
fine,refrigerator,hypo,electric refrigerator,False,491216,0.56,0.35078675027892126
fine,refrigerator,hypo,electric refrigerator,False,491216,0.57,0.3508751683015965
fine,refrigerator,hypo,electric refrigerator,False,491216,0.58,0.35096357271992923
fine,refrigerator,hypo,electric refrigerator,False,491216,0.59,0.35107692307692306
fine,refrigerator,hypo,electric refrigerator,False,491216,0.6,0.3509490567126291
fine,refrigerator,hypo,electric refrigerator,False,491216,0.61,0.35111435878699304
fine,refrigerator,hypo,electric refrigerator,False,491216,0.62,0.35120947582971196
fine,refrigerator,hypo,electric refrigerator,False,491216,0.63,0.35136226422349975
fine,refrigerator,hypo,electric refrigerator,False,491216,0.64,0.3513430367820954
fine,refrigerator,hypo,electric refrigerator,False,491216,0.65,0.3515082767769596
fine,refrigerator,hypo,electric refrigerator,False,491216,0.66,0.35163039298623394
fine,refrigerator,hypo,electric refrigerator,False,491216,0.67,0.35205229260790155
fine,refrigerator,hypo,electric refrigerator,False,491216,0.68,0.35223777299292525
fine,refrigerator,hypo,electric refrigerator,False,491216,0.69,0.3525385931522387
fine,refrigerator,hypo,electric refrigerator,False,491216,0.7,0.35250581518291396
fine,refrigerator,hypo,electric refrigerator,False,491216,0.71,0.3524413687043445
fine,refrigerator,hypo,electric refrigerator,False,491216,0.72,0.3525951557093426
fine,refrigerator,hypo,electric refrigerator,False,491216,0.73,0.3528959458680148
fine,refrigerator,hypo,electric refrigerator,False,491216,0.74,0.35316506795332653
fine,refrigerator,hypo,electric refrigerator,False,491216,0.75,0.35346468044209517
fine,refrigerator,hypo,electric refrigerator,False,491216,0.76,0.3537009629615392
fine,refrigerator,hypo,electric refrigerator,False,491216,0.77,0.35399727043807544
fine,refrigerator,hypo,electric refrigerator,False,491216,0.78,0.354454227382829
fine,refrigerator,hypo,electric refrigerator,False,491216,0.79,0.35479344085814796
fine,refrigerator,hypo,electric refrigerator,False,491216,0.8,0.35520396785728015
fine,refrigerator,hypo,electric refrigerator,True,491216,0.5,0.34973445197044334
fine,refrigerator,hypo,electric refrigerator,True,491216,0.51,0.34970942539352656
fine,refrigerator,hypo,electric refrigerator,True,491216,0.52,0.34973445197044334
fine,refrigerator,hypo,electric refrigerator,True,491216,0.53,0.34983739680951376
fine,refrigerator,hypo,electric refrigerator,True,491216,0.54,0.34988839285714285
fine,refrigerator,hypo,electric refrigerator,True,491216,0.55,0.3499268780788177
fine,refrigerator,hypo,electric refrigerator,True,491216,0.56,0.34991341158360595
fine,refrigerator,hypo,electric refrigerator,True,491216,0.57,0.34995766951435386
fine,refrigerator,hypo,electric refrigerator,True,491216,0.58,0.350021164428368
fine,refrigerator,hypo,electric refrigerator,True,491216,0.59,0.3500009619639456
fine,refrigerator,hypo,electric refrigerator,True,491216,0.6,0.3500894557626825
fine,refrigerator,hypo,electric refrigerator,True,491216,0.61,0.3499913439898436
fine,refrigerator,hypo,electric refrigerator,True,491216,0.62,0.34995768579781505
fine,refrigerator,hypo,electric refrigerator,True,491216,0.63,0.34982977823084765
fine,refrigerator,hypo,electric refrigerator,True,491216,0.64,0.34986056351572264
fine,refrigerator,hypo,electric refrigerator,True,491216,0.65,0.34999519184536976
fine,refrigerator,hypo,electric refrigerator,True,491216,0.66,0.3501990422892748
fine,refrigerator,hypo,electric refrigerator,True,491216,0.67,0.3504423076923077
fine,refrigerator,hypo,electric refrigerator,True,491216,0.68,0.3505124901444203
fine,refrigerator,hypo,electric refrigerator,True,491216,0.69,0.35076147988616263
fine,refrigerator,hypo,electric refrigerator,True,491216,0.7,0.35084413336922665
fine,refrigerator,hypo,electric refrigerator,True,491216,0.71,0.3510873536254735
fine,refrigerator,hypo,electric refrigerator,True,491216,0.72,0.35111333307695264
fine,refrigerator,hypo,electric refrigerator,True,491216,0.73,0.3512921089063221
fine,refrigerator,hypo,electric refrigerator,True,491216,0.74,0.3514391739891173
fine,refrigerator,hypo,electric refrigerator,True,491216,0.75,0.3517026554117715
fine,refrigerator,hypo,electric refrigerator,True,491216,0.76,0.35195477010057497
fine,refrigerator,hypo,electric refrigerator,True,491216,0.77,0.35217876235529405
fine,refrigerator,hypo,electric refrigerator,True,491216,0.78,0.3526595130956502
fine,refrigerator,hypo,electric refrigerator,True,491216,0.79,0.3529536189523883
fine,refrigerator,hypo,electric refrigerator,True,491216,0.8,0.3531707879860016
fine,refrigerator,hyper,white goods,False,491216,0.5,0.378723486086806
fine,refrigerator,hyper,white goods,False,491216,0.51,0.3786678460177672
fine,refrigerator,hyper,white goods,False,491216,0.52,0.37840072292399685
fine,refrigerator,hyper,white goods,False,491216,0.53,0.37809778324649607
fine,refrigerator,hyper,white goods,False,491216,0.54,0.37812896527857887
fine,refrigerator,hyper,white goods,False,491216,0.55,0.3780832452177257
fine,refrigerator,hyper,white goods,False,491216,0.56,0.378003767926487
fine,refrigerator,hyper,white goods,False,491216,0.57,0.3782464099655895
fine,refrigerator,hyper,white goods,False,491216,0.58,0.37879661668589004
fine,refrigerator,hyper,white goods,False,491216,0.59,0.37889738956595287
fine,refrigerator,hyper,white goods,False,491216,0.6,0.3789093285662111
fine,refrigerator,hyper,white goods,False,491216,0.61,0.3789404890050746
fine,refrigerator,hyper,white goods,False,491216,0.62,0.37929112366893475
fine,refrigerator,hyper,white goods,False,491216,0.63,0.379533703653872
fine,refrigerator,hyper,white goods,False,491216,0.64,0.3795429647710019
fine,refrigerator,hyper,white goods,False,491216,0.65,0.3794057731483261
fine,refrigerator,hyper,white goods,False,491216,0.66,0.3797059671375036
fine,refrigerator,hyper,white goods,False,491216,0.67,0.37966023522176956
fine,refrigerator,hyper,white goods,False,491216,0.68,0.37982589311451465
fine,refrigerator,hyper,white goods,False,491216,0.69,0.3794919097582536
fine,refrigerator,hyper,white goods,False,491216,0.7,0.37935739267458396
fine,refrigerator,hyper,white goods,False,491216,0.71,0.3795111264844921
fine,refrigerator,hyper,white goods,False,491216,0.72,0.37978016065183134
fine,refrigerator,hyper,white goods,False,491216,0.73,0.3796959972328446
fine,refrigerator,hyper,white goods,False,491216,0.74,0.37934281322059954
fine,refrigerator,hyper,white goods,False,491216,0.75,0.3787471176018447
fine,refrigerator,hyper,white goods,False,491216,0.76,0.3778055342044581
fine,refrigerator,hyper,white goods,False,491216,0.77,0.37676063104091007
fine,refrigerator,hyper,white goods,False,491216,0.78,0.37544675454440646
fine,refrigerator,hyper,white goods,False,491216,0.79,0.3742746243418777
fine,refrigerator,hyper,white goods,False,491216,0.8,0.37300641789324007
fine,refrigerator,hyper,white goods,True,491216,0.5,0.37860810369031367
fine,refrigerator,hyper,white goods,True,491216,0.51,0.37861744063070857
fine,refrigerator,hyper,white goods,True,491216,0.52,0.37825418188809845
fine,refrigerator,hyper,white goods,True,491216,0.53,0.3780016534327956
fine,refrigerator,hyper,white goods,True,491216,0.54,0.37802087939553575
fine,refrigerator,hyper,white goods,True,491216,0.55,0.37800634432375274
fine,refrigerator,hyper,white goods,True,491216,0.56,0.3779460955822984
fine,refrigerator,hyper,white goods,True,491216,0.57,0.3782079624752494
fine,refrigerator,hyper,white goods,True,491216,0.58,0.37873894655901574
fine,refrigerator,hyper,white goods,True,491216,0.59,0.37888545010668767
fine,refrigerator,hyper,white goods,True,491216,0.6,0.3788324394979144
fine,refrigerator,hyper,white goods,True,491216,0.61,0.3788828233123174
fine,refrigerator,hyper,white goods,True,491216,0.62,0.37924803936644624
fine,refrigerator,hyper,white goods,True,491216,0.63,0.379437599707844
fine,refrigerator,hyper,white goods,True,491216,0.64,0.37944952717767355
fine,refrigerator,hyper,white goods,True,491216,0.65,0.3793626998769988
fine,refrigerator,hyper,white goods,True,491216,0.66,0.3795595187761848
fine,refrigerator,hyper,white goods,True,491216,0.67,0.37962180029210546
fine,refrigerator,hyper,white goods,True,491216,0.68,0.3796913734458174
fine,refrigerator,hyper,white goods,True,491216,0.69,0.379395826127061
fine,refrigerator,hyper,white goods,True,491216,0.7,0.37922287559091433
fine,refrigerator,hyper,white goods,True,491216,0.71,0.3792805257696299
fine,refrigerator,hyper,white goods,True,491216,0.72,0.3796264268419232
fine,refrigerator,hyper,white goods,True,491216,0.73,0.3794534763057765
fine,refrigerator,hyper,white goods,True,491216,0.74,0.37906185745306403
fine,refrigerator,hyper,white goods,True,491216,0.75,0.37848536674417266
fine,refrigerator,hyper,white goods,True,491216,0.76,0.37765906339476163
fine,refrigerator,hyper,white goods,True,491216,0.77,0.3765564950038432
fine,refrigerator,hyper,white goods,True,491216,0.78,0.3750768639508071
fine,refrigerator,hyper,white goods,True,491216,0.79,0.3740199846272098
fine,refrigerator,hyper,white goods,True,491216,0.8,0.37279732508311075
fine,refrigerator,orig,refrigerator,False,292060,0.5,0.6345016891891891
fine,refrigerator,orig,refrigerator,False,292060,0.51,0.6326616731722755
fine,refrigerator,orig,refrigerator,False,292060,0.52,0.6307465204555041
fine,refrigerator,orig,refrigerator,False,292060,0.53,0.6290832455216017
fine,refrigerator,orig,refrigerator,False,292060,0.54,0.6267509215376514
fine,refrigerator,orig,refrigerator,False,292060,0.55,0.6251840942562592
fine,refrigerator,orig,refrigerator,False,292060,0.56,0.6237904922170804
fine,refrigerator,orig,refrigerator,False,292060,0.57,0.6222011983601388
fine,refrigerator,orig,refrigerator,False,292060,0.58,0.6202185792349727
fine,refrigerator,orig,refrigerator,False,292060,0.59,0.618512292498424
fine,refrigerator,orig,refrigerator,False,292060,0.6,0.6167910055689818
fine,refrigerator,orig,refrigerator,False,292060,0.61,0.6156351791530945
fine,refrigerator,orig,refrigerator,False,292060,0.62,0.6131371518654756
fine,refrigerator,orig,refrigerator,False,292060,0.63,0.6113973294080538
fine,refrigerator,orig,refrigerator,False,292060,0.64,0.609743265993266
fine,refrigerator,orig,refrigerator,False,292060,0.65,0.6084940457371694
fine,refrigerator,orig,refrigerator,False,292060,0.66,0.6071767810026385
fine,refrigerator,orig,refrigerator,False,292060,0.67,0.6057753331922996
fine,refrigerator,orig,refrigerator,False,292060,0.68,0.6039394260298634
fine,refrigerator,orig,refrigerator,False,292060,0.69,0.6031425841384436
fine,refrigerator,orig,refrigerator,False,292060,0.7,0.601574970735341
fine,refrigerator,orig,refrigerator,False,292060,0.71,0.6001066666666667
fine,refrigerator,orig,refrigerator,False,292060,0.72,0.598716577540107
fine,refrigerator,orig,refrigerator,False,292060,0.73,0.5972967174426089
fine,refrigerator,orig,refrigerator,False,292060,0.74,0.5956989247311828
fine,refrigerator,orig,refrigerator,False,292060,0.75,0.5942295223687054
fine,refrigerator,orig,refrigerator,False,292060,0.76,0.5940314704286489
fine,refrigerator,orig,refrigerator,False,292060,0.77,0.5932795112371809
fine,refrigerator,orig,refrigerator,False,292060,0.78,0.5927591881513988
fine,refrigerator,orig,refrigerator,False,292060,0.79,0.5909391534391535
fine,refrigerator,orig,refrigerator,False,292060,0.8,0.5890820507142066
fine,refrigerator,orig,refrigerator,True,292060,0.5,0.6345016891891891
fine,refrigerator,orig,refrigerator,True,292060,0.51,0.6326616731722755
fine,refrigerator,orig,refrigerator,True,292060,0.52,0.6307465204555041
fine,refrigerator,orig,refrigerator,True,292060,0.53,0.6290832455216017
fine,refrigerator,orig,refrigerator,True,292060,0.54,0.6267509215376514
fine,refrigerator,orig,refrigerator,True,292060,0.55,0.6251840942562592
fine,refrigerator,orig,refrigerator,True,292060,0.56,0.6237904922170804
fine,refrigerator,orig,refrigerator,True,292060,0.57,0.6222011983601388
fine,refrigerator,orig,refrigerator,True,292060,0.58,0.6202185792349727
fine,refrigerator,orig,refrigerator,True,292060,0.59,0.618512292498424
fine,refrigerator,orig,refrigerator,True,292060,0.6,0.6167910055689818
fine,refrigerator,orig,refrigerator,True,292060,0.61,0.6156351791530945
fine,refrigerator,orig,refrigerator,True,292060,0.62,0.6131371518654756
fine,refrigerator,orig,refrigerator,True,292060,0.63,0.6113973294080538
fine,refrigerator,orig,refrigerator,True,292060,0.64,0.609743265993266
fine,refrigerator,orig,refrigerator,True,292060,0.65,0.6084940457371694
fine,refrigerator,orig,refrigerator,True,292060,0.66,0.6071767810026385
fine,refrigerator,orig,refrigerator,True,292060,0.67,0.6057753331922996
fine,refrigerator,orig,refrigerator,True,292060,0.68,0.6039394260298634
fine,refrigerator,orig,refrigerator,True,292060,0.69,0.6031425841384436
fine,refrigerator,orig,refrigerator,True,292060,0.7,0.601574970735341
fine,refrigerator,orig,refrigerator,True,292060,0.71,0.6001066666666667
fine,refrigerator,orig,refrigerator,True,292060,0.72,0.598716577540107
fine,refrigerator,orig,refrigerator,True,292060,0.73,0.5972967174426089
fine,refrigerator,orig,refrigerator,True,292060,0.74,0.5956989247311828
fine,refrigerator,orig,refrigerator,True,292060,0.75,0.5942295223687054
fine,refrigerator,orig,refrigerator,True,292060,0.76,0.5940314704286489
fine,refrigerator,orig,refrigerator,True,292060,0.77,0.5932795112371809
fine,refrigerator,orig,refrigerator,True,292060,0.78,0.5927591881513988
fine,refrigerator,orig,refrigerator,True,292060,0.79,0.5909391534391535
fine,refrigerator,orig,refrigerator,True,292060,0.8,0.5890820507142066
fine,refrigerator,syn,icebox,False,292060,0.5,0.6345016891891891
fine,refrigerator,syn,icebox,False,292060,0.51,0.6369016168234175
fine,refrigerator,syn,icebox,False,292060,0.52,0.6387567396130669
fine,refrigerator,syn,icebox,False,292060,0.53,0.6407109606432501
fine,refrigerator,syn,icebox,False,292060,0.54,0.6420707177641329
fine,refrigerator,syn,icebox,False,292060,0.55,0.642842016094875
fine,refrigerator,syn,icebox,False,292060,0.56,0.6442419747854645
fine,refrigerator,syn,icebox,False,292060,0.57,0.64525702172761
fine,refrigerator,syn,icebox,False,292060,0.58,0.645824501907588
fine,refrigerator,syn,icebox,False,292060,0.59,0.6476574093703625
fine,refrigerator,syn,icebox,False,292060,0.6,0.649215769393811
fine,refrigerator,syn,icebox,False,292060,0.61,0.6511923688394277
fine,refrigerator,syn,icebox,False,292060,0.62,0.6519711742263671
fine,refrigerator,syn,icebox,False,292060,0.63,0.6526806526806527
fine,refrigerator,syn,icebox,False,292060,0.64,0.6542372881355932
fine,refrigerator,syn,icebox,False,292060,0.65,0.6554826418289585
fine,refrigerator,syn,icebox,False,292060,0.66,0.6565143824027073
fine,refrigerator,syn,icebox,False,292060,0.67,0.6571609632446135
fine,refrigerator,syn,icebox,False,292060,0.68,0.6585031141137971
fine,refrigerator,syn,icebox,False,292060,0.69,0.6593139841688654
fine,refrigerator,syn,icebox,False,292060,0.7,0.6602320675105485
fine,refrigerator,syn,icebox,False,292060,0.71,0.6604111755403268
fine,refrigerator,syn,icebox,False,292060,0.72,0.6621336706725701
fine,refrigerator,syn,icebox,False,292060,0.73,0.6628728000843082
fine,refrigerator,syn,icebox,False,292060,0.74,0.6631556772698547
fine,refrigerator,syn,icebox,False,292060,0.75,0.6636133922931143
fine,refrigerator,syn,icebox,False,292060,0.76,0.663372582001682
fine,refrigerator,syn,icebox,False,292060,0.77,0.6636201281647232
fine,refrigerator,syn,icebox,False,292060,0.78,0.6628895184135978
fine,refrigerator,syn,icebox,False,292060,0.79,0.6629955947136564
fine,refrigerator,syn,icebox,False,292060,0.8,0.6626859417557092
fine,refrigerator,syn,icebox,True,292060,0.5,0.6345016891891891
fine,refrigerator,syn,icebox,True,292060,0.51,0.6369016168234175
fine,refrigerator,syn,icebox,True,292060,0.52,0.6387567396130669
fine,refrigerator,syn,icebox,True,292060,0.53,0.6407109606432501
fine,refrigerator,syn,icebox,True,292060,0.54,0.6420707177641329
fine,refrigerator,syn,icebox,True,292060,0.55,0.642842016094875
fine,refrigerator,syn,icebox,True,292060,0.56,0.6442419747854645
fine,refrigerator,syn,icebox,True,292060,0.57,0.64525702172761
fine,refrigerator,syn,icebox,True,292060,0.58,0.645824501907588
fine,refrigerator,syn,icebox,True,292060,0.59,0.6476574093703625
fine,refrigerator,syn,icebox,True,292060,0.6,0.649215769393811
fine,refrigerator,syn,icebox,True,292060,0.61,0.6511923688394277
fine,refrigerator,syn,icebox,True,292060,0.62,0.6519711742263671
fine,refrigerator,syn,icebox,True,292060,0.63,0.6526806526806527
fine,refrigerator,syn,icebox,True,292060,0.64,0.6542372881355932
fine,refrigerator,syn,icebox,True,292060,0.65,0.6554826418289585
fine,refrigerator,syn,icebox,True,292060,0.66,0.6565143824027073
fine,refrigerator,syn,icebox,True,292060,0.67,0.6571609632446135
fine,refrigerator,syn,icebox,True,292060,0.68,0.6585031141137971
fine,refrigerator,syn,icebox,True,292060,0.69,0.6593139841688654
fine,refrigerator,syn,icebox,True,292060,0.7,0.6602320675105485
fine,refrigerator,syn,icebox,True,292060,0.71,0.6604111755403268
fine,refrigerator,syn,icebox,True,292060,0.72,0.6621336706725701
fine,refrigerator,syn,icebox,True,292060,0.73,0.6628728000843082
fine,refrigerator,syn,icebox,True,292060,0.74,0.6631556772698547
fine,refrigerator,syn,icebox,True,292060,0.75,0.6636133922931143
fine,refrigerator,syn,icebox,True,292060,0.76,0.663372582001682
fine,refrigerator,syn,icebox,True,292060,0.77,0.6636201281647232
fine,refrigerator,syn,icebox,True,292060,0.78,0.6628895184135978
fine,refrigerator,syn,icebox,True,292060,0.79,0.6629955947136564
fine,refrigerator,syn,icebox,True,292060,0.8,0.6626859417557092
fine,refrigerator,hypo,electric refrigerator,False,292060,0.5,0.6337100649639583
fine,refrigerator,hypo,electric refrigerator,False,292060,0.51,0.633829161841988
fine,refrigerator,hypo,electric refrigerator,False,292060,0.52,0.6337048595630852
fine,refrigerator,hypo,electric refrigerator,False,292060,0.53,0.6338392857142857
fine,refrigerator,hypo,electric refrigerator,False,292060,0.54,0.634364384051493
fine,refrigerator,hypo,electric refrigerator,False,292060,0.55,0.6344846098783107
fine,refrigerator,hypo,electric refrigerator,False,292060,0.56,0.6346946086333513
fine,refrigerator,hypo,electric refrigerator,False,292060,0.57,0.6348878923766816
fine,refrigerator,hypo,electric refrigerator,False,292060,0.58,0.6348949919224556
fine,refrigerator,hypo,electric refrigerator,False,292060,0.59,0.6348365073661516
fine,refrigerator,hypo,electric refrigerator,False,292060,0.6,0.634247191011236
fine,refrigerator,hypo,electric refrigerator,False,292060,0.61,0.6344163441634416
fine,refrigerator,hypo,electric refrigerator,False,292060,0.62,0.6341529316400972
fine,refrigerator,hypo,electric refrigerator,False,292060,0.63,0.63391327864419
fine,refrigerator,hypo,electric refrigerator,False,292060,0.64,0.6337545126353791
fine,refrigerator,hypo,electric refrigerator,False,292060,0.65,0.633233938736785
fine,refrigerator,hypo,electric refrigerator,False,292060,0.66,0.6333031674208145
fine,refrigerator,hypo,electric refrigerator,False,292060,0.67,0.6328953330312641
fine,refrigerator,hypo,electric refrigerator,False,292060,0.68,0.633209192478881
fine,refrigerator,hypo,electric refrigerator,False,292060,0.69,0.6330967976710334
fine,refrigerator,hypo,electric refrigerator,False,292060,0.7,0.6328744643996718
fine,refrigerator,hypo,electric refrigerator,False,292060,0.71,0.6325785244704164
fine,refrigerator,hypo,electric refrigerator,False,292060,0.72,0.6319399981706759
fine,refrigerator,hypo,electric refrigerator,False,292060,0.73,0.6313186813186813
fine,refrigerator,hypo,electric refrigerator,False,292060,0.74,0.6315547800532647
fine,refrigerator,hypo,electric refrigerator,False,292060,0.75,0.6305726629285779
fine,refrigerator,hypo,electric refrigerator,False,292060,0.76,0.6295205668537774
fine,refrigerator,hypo,electric refrigerator,False,292060,0.77,0.6283740211883925
fine,refrigerator,hypo,electric refrigerator,False,292060,0.78,0.6273550055411895
fine,refrigerator,hypo,electric refrigerator,False,292060,0.79,0.6271673620769588
fine,refrigerator,hypo,electric refrigerator,False,292060,0.8,0.6276170093979715
fine,refrigerator,hypo,electric refrigerator,True,292060,0.5,0.635309852875613
fine,refrigerator,hypo,electric refrigerator,True,292060,0.51,0.6350410567654409
fine,refrigerator,hypo,electric refrigerator,True,292060,0.52,0.6352184400964889
fine,refrigerator,hypo,electric refrigerator,True,292060,0.53,0.6351037195994278
fine,refrigerator,hypo,electric refrigerator,True,292060,0.54,0.6356394880515529
fine,refrigerator,hypo,electric refrigerator,True,292060,0.55,0.6363880918220947
fine,refrigerator,hypo,electric refrigerator,True,292060,0.56,0.6361352830357944
fine,refrigerator,hypo,electric refrigerator,True,292060,0.57,0.6358656609195402
fine,refrigerator,hypo,electric refrigerator,True,292060,0.58,0.636077655941039
fine,refrigerator,hypo,electric refrigerator,True,292060,0.59,0.636085626911315
fine,refrigerator,hypo,electric refrigerator,True,292060,0.6,0.6357091432685386
fine,refrigerator,hypo,electric refrigerator,True,292060,0.61,0.6354382488064139
fine,refrigerator,hypo,electric refrigerator,True,292060,0.62,0.635551948051948
fine,refrigerator,hypo,electric refrigerator,True,292060,0.63,0.6349521574291388
fine,refrigerator,hypo,electric refrigerator,True,292060,0.64,0.6348847718029824
fine,refrigerator,hypo,electric refrigerator,True,292060,0.65,0.634965161523844
fine,refrigerator,hypo,electric refrigerator,True,292060,0.66,0.6349465289106399
fine,refrigerator,hypo,electric refrigerator,True,292060,0.67,0.6349278387945901
fine,refrigerator,hypo,electric refrigerator,True,292060,0.68,0.6349827178460978
fine,refrigerator,hypo,electric refrigerator,True,292060,0.69,0.6344840149376082
fine,refrigerator,hypo,electric refrigerator,True,292060,0.7,0.6341574673843627
fine,refrigerator,hypo,electric refrigerator,True,292060,0.71,0.6342778793418647
fine,refrigerator,hypo,electric refrigerator,True,292060,0.72,0.6336262127036427
fine,refrigerator,hypo,electric refrigerator,True,292060,0.73,0.6330401319406267
fine,refrigerator,hypo,electric refrigerator,True,292060,0.74,0.6335415135929464
fine,refrigerator,hypo,electric refrigerator,True,292060,0.75,0.6326680768877034
fine,refrigerator,hypo,electric refrigerator,True,292060,0.76,0.6319712865819989
fine,refrigerator,hypo,electric refrigerator,True,292060,0.77,0.6311467847587415
fine,refrigerator,hypo,electric refrigerator,True,292060,0.78,0.6308389603181944
fine,refrigerator,hypo,electric refrigerator,True,292060,0.79,0.63008356545961
fine,refrigerator,hypo,electric refrigerator,True,292060,0.8,0.630337497669215
fine,refrigerator,hyper,white goods,False,292060,0.5,0.3798649478207489
fine,refrigerator,hyper,white goods,False,292060,0.51,0.40261645677955743
fine,refrigerator,hyper,white goods,False,292060,0.52,0.4275441803778184
fine,refrigerator,hyper,white goods,False,292060,0.53,0.44843920806510384
fine,refrigerator,hyper,white goods,False,292060,0.54,0.46777320087230434
fine,refrigerator,hyper,white goods,False,292060,0.55,0.48954682779456193
fine,refrigerator,hyper,white goods,False,292060,0.56,0.5039142478622185
fine,refrigerator,hyper,white goods,False,292060,0.57,0.516020640825633
fine,refrigerator,hyper,white goods,False,292060,0.58,0.5263598326359833
fine,refrigerator,hyper,white goods,False,292060,0.59,0.5350470070213019
fine,refrigerator,hyper,white goods,False,292060,0.6,0.5420272673384706
fine,refrigerator,hyper,white goods,False,292060,0.61,0.548748819641171
fine,refrigerator,hyper,white goods,False,292060,0.62,0.5567847475579616
fine,refrigerator,hyper,white goods,False,292060,0.63,0.563623545999295
fine,refrigerator,hyper,white goods,False,292060,0.64,0.5698546647913737
fine,refrigerator,hyper,white goods,False,292060,0.65,0.577156885667524
fine,refrigerator,hyper,white goods,False,292060,0.66,0.5830030310095593
fine,refrigerator,hyper,white goods,False,292060,0.67,0.5886984715145901
fine,refrigerator,hyper,white goods,False,292060,0.68,0.593624122453677
fine,refrigerator,hyper,white goods,False,292060,0.69,0.6007565337001376
fine,refrigerator,hyper,white goods,False,292060,0.7,0.6055872291904218
fine,refrigerator,hyper,white goods,False,292060,0.71,0.6087498583248329
fine,refrigerator,hyper,white goods,False,292060,0.72,0.6107480847228481
fine,refrigerator,hyper,white goods,False,292060,0.73,0.6134274826272136
fine,refrigerator,hyper,white goods,False,292060,0.74,0.6175782555419406
fine,refrigerator,hyper,white goods,False,292060,0.75,0.6218105169735966
fine,refrigerator,hyper,white goods,False,292060,0.76,0.6243093922651933
fine,refrigerator,hyper,white goods,False,292060,0.77,0.6275201057618156
fine,refrigerator,hyper,white goods,False,292060,0.78,0.6282515640434639
fine,refrigerator,hyper,white goods,False,292060,0.79,0.6301444833625219
fine,refrigerator,hyper,white goods,False,292060,0.8,0.6308615049073064
fine,refrigerator,hyper,white goods,True,292060,0.5,0.3804321139209428
fine,refrigerator,hyper,white goods,True,292060,0.51,0.4036674816625917
fine,refrigerator,hyper,white goods,True,292060,0.52,0.42871069948817936
fine,refrigerator,hyper,white goods,True,292060,0.53,0.4485061938304591
fine,refrigerator,hyper,white goods,True,292060,0.54,0.46837896777320087
fine,refrigerator,hyper,white goods,True,292060,0.55,0.4900326205146792
fine,refrigerator,hyper,white goods,True,292060,0.56,0.5043352601156069
fine,refrigerator,hyper,white goods,True,292060,0.57,0.516380655226209
fine,refrigerator,hyper,white goods,True,292060,0.58,0.5265359789624672
fine,refrigerator,hyper,white goods,True,292060,0.59,0.535102332222751
fine,refrigerator,hyper,white goods,True,292060,0.6,0.54208155523945
fine,refrigerator,hyper,white goods,True,292060,0.61,0.5488020771863567
fine,refrigerator,hyper,white goods,True,292060,0.62,0.5570201247499117
fine,refrigerator,hyper,white goods,True,292060,0.63,0.5638585360122195
fine,refrigerator,hyper,white goods,True,292060,0.64,0.5701394585726005
fine,refrigerator,hyper,white goods,True,292060,0.65,0.577390694411971
fine,refrigerator,hyper,white goods,True,292060,0.66,0.583304185612685
fine,refrigerator,hyper,white goods,True,292060,0.67,0.5890458545622974
fine,refrigerator,hyper,white goods,True,292060,0.68,0.5940844746230867
fine,refrigerator,hyper,white goods,True,292060,0.69,0.6009857863365429
fine,refrigerator,hyper,white goods,True,292060,0.7,0.6060433295324972
fine,refrigerator,hyper,white goods,True,292060,0.71,0.6091146128556852
fine,refrigerator,hyper,white goods,True,292060,0.72,0.6110860748084723
fine,refrigerator,hyper,white goods,True,292060,0.73,0.6137637301053576
fine,refrigerator,hyper,white goods,True,292060,0.74,0.6177322343506348
fine,refrigerator,hyper,white goods,True,292060,0.75,0.6218524681087078
fine,refrigerator,hyper,white goods,True,292060,0.76,0.6243783843518621
fine,refrigerator,hyper,white goods,True,292060,0.77,0.6273818702500276
fine,refrigerator,hyper,white goods,True,292060,0.78,0.62860906795477
fine,refrigerator,hyper,white goods,True,292060,0.79,0.6302539404553416
fine,refrigerator,hyper,white goods,True,292060,0.8,0.6314641064804714
fine,refrigerator,orig,refrigerator,False,425226,0.5,0.39041538130425424
fine,refrigerator,orig,refrigerator,False,425226,0.51,0.3859252615844544
fine,refrigerator,orig,refrigerator,False,425226,0.52,0.38139373572359686
fine,refrigerator,orig,refrigerator,False,425226,0.53,0.3760674560459275
fine,refrigerator,orig,refrigerator,False,425226,0.54,0.3709777745879088
fine,refrigerator,orig,refrigerator,False,425226,0.55,0.3643247640352661
fine,refrigerator,orig,refrigerator,False,425226,0.56,0.35745220491469865
fine,refrigerator,orig,refrigerator,False,425226,0.57,0.35279196927457857
fine,refrigerator,orig,refrigerator,False,425226,0.58,0.3495070119178672
fine,refrigerator,orig,refrigerator,False,425226,0.59,0.345283967163679
fine,refrigerator,orig,refrigerator,False,425226,0.6,0.34003901341534926
fine,refrigerator,orig,refrigerator,False,425226,0.61,0.3361019687630902
fine,refrigerator,orig,refrigerator,False,425226,0.62,0.33279873611643046
fine,refrigerator,orig,refrigerator,False,425226,0.63,0.32954300624805494
fine,refrigerator,orig,refrigerator,False,425226,0.64,0.32638672763400445
fine,refrigerator,orig,refrigerator,False,425226,0.65,0.32333401165922504
fine,refrigerator,orig,refrigerator,False,425226,0.66,0.31988603715763264
fine,refrigerator,orig,refrigerator,False,425226,0.67,0.3152923430541589
fine,refrigerator,orig,refrigerator,False,425226,0.68,0.31087778948376593
fine,refrigerator,orig,refrigerator,False,425226,0.69,0.3072336757416852
fine,refrigerator,orig,refrigerator,False,425226,0.7,0.3026555241607203
fine,refrigerator,orig,refrigerator,False,425226,0.71,0.2980496390215869
fine,refrigerator,orig,refrigerator,False,425226,0.72,0.29175546562582316
fine,refrigerator,orig,refrigerator,False,425226,0.73,0.2855090336562062
fine,refrigerator,orig,refrigerator,False,425226,0.74,0.2791034590103088
fine,refrigerator,orig,refrigerator,False,425226,0.75,0.27308102153949304
fine,refrigerator,orig,refrigerator,False,425226,0.76,0.2646280576142527
fine,refrigerator,orig,refrigerator,False,425226,0.77,0.256989260186061
fine,refrigerator,orig,refrigerator,False,425226,0.78,0.250128710144754
fine,refrigerator,orig,refrigerator,False,425226,0.79,0.24178350355000539
fine,refrigerator,orig,refrigerator,False,425226,0.8,0.23271991475197853
fine,refrigerator,orig,refrigerator,True,425226,0.5,0.39041538130425424
fine,refrigerator,orig,refrigerator,True,425226,0.51,0.3859252615844544
fine,refrigerator,orig,refrigerator,True,425226,0.52,0.38139373572359686
fine,refrigerator,orig,refrigerator,True,425226,0.53,0.3760674560459275
fine,refrigerator,orig,refrigerator,True,425226,0.54,0.3709777745879088
fine,refrigerator,orig,refrigerator,True,425226,0.55,0.3643247640352661
fine,refrigerator,orig,refrigerator,True,425226,0.56,0.35745220491469865
fine,refrigerator,orig,refrigerator,True,425226,0.57,0.35279196927457857
fine,refrigerator,orig,refrigerator,True,425226,0.58,0.3495070119178672
fine,refrigerator,orig,refrigerator,True,425226,0.59,0.345283967163679
fine,refrigerator,orig,refrigerator,True,425226,0.6,0.34003901341534926
fine,refrigerator,orig,refrigerator,True,425226,0.61,0.3361019687630902
fine,refrigerator,orig,refrigerator,True,425226,0.62,0.33279873611643046
fine,refrigerator,orig,refrigerator,True,425226,0.63,0.32954300624805494
fine,refrigerator,orig,refrigerator,True,425226,0.64,0.32638672763400445
fine,refrigerator,orig,refrigerator,True,425226,0.65,0.32333401165922504
fine,refrigerator,orig,refrigerator,True,425226,0.66,0.31988603715763264
fine,refrigerator,orig,refrigerator,True,425226,0.67,0.3152923430541589
fine,refrigerator,orig,refrigerator,True,425226,0.68,0.31087778948376593
fine,refrigerator,orig,refrigerator,True,425226,0.69,0.3072336757416852
fine,refrigerator,orig,refrigerator,True,425226,0.7,0.3026555241607203
fine,refrigerator,orig,refrigerator,True,425226,0.71,0.2980496390215869
fine,refrigerator,orig,refrigerator,True,425226,0.72,0.29175546562582316
fine,refrigerator,orig,refrigerator,True,425226,0.73,0.2855090336562062
fine,refrigerator,orig,refrigerator,True,425226,0.74,0.2791034590103088
fine,refrigerator,orig,refrigerator,True,425226,0.75,0.27308102153949304
fine,refrigerator,orig,refrigerator,True,425226,0.76,0.2646280576142527
fine,refrigerator,orig,refrigerator,True,425226,0.77,0.256989260186061
fine,refrigerator,orig,refrigerator,True,425226,0.78,0.250128710144754
fine,refrigerator,orig,refrigerator,True,425226,0.79,0.24178350355000539
fine,refrigerator,orig,refrigerator,True,425226,0.8,0.23271991475197853
fine,refrigerator,syn,icebox,False,425226,0.5,0.39041538130425424
fine,refrigerator,syn,icebox,False,425226,0.51,0.3970589993424592
fine,refrigerator,syn,icebox,False,425226,0.52,0.40278060035146024
fine,refrigerator,syn,icebox,False,425226,0.53,0.40902733781990747
fine,refrigerator,syn,icebox,False,425226,0.54,0.41594253134599524
fine,refrigerator,syn,icebox,False,425226,0.55,0.41981284285253306
fine,refrigerator,syn,icebox,False,425226,0.56,0.42553598317359403
fine,refrigerator,syn,icebox,False,425226,0.57,0.4300599861386612
fine,refrigerator,syn,icebox,False,425226,0.58,0.4333114284007408
fine,refrigerator,syn,icebox,False,425226,0.59,0.435570582051037
fine,refrigerator,syn,icebox,False,425226,0.6,0.4373155901711801
fine,refrigerator,syn,icebox,False,425226,0.61,0.4387123745819398
fine,refrigerator,syn,icebox,False,425226,0.62,0.43977213012946065
fine,refrigerator,syn,icebox,False,425226,0.63,0.44086881761516966
fine,refrigerator,syn,icebox,False,425226,0.64,0.44217727685180763
fine,refrigerator,syn,icebox,False,425226,0.65,0.4431101986249045
fine,refrigerator,syn,icebox,False,425226,0.66,0.44398830479145535
fine,refrigerator,syn,icebox,False,425226,0.67,0.44510732737534153
fine,refrigerator,syn,icebox,False,425226,0.68,0.44622854211650187
fine,refrigerator,syn,icebox,False,425226,0.69,0.44715059278166075
fine,refrigerator,syn,icebox,False,425226,0.7,0.44788685365388287
fine,refrigerator,syn,icebox,False,425226,0.71,0.44863066779535726
fine,refrigerator,syn,icebox,False,425226,0.72,0.44949338419358686
fine,refrigerator,syn,icebox,False,425226,0.73,0.4502407513348589
fine,refrigerator,syn,icebox,False,425226,0.74,0.4509390342723676
fine,refrigerator,syn,icebox,False,425226,0.75,0.45152988275664857
fine,refrigerator,syn,icebox,False,425226,0.76,0.452122843800629
fine,refrigerator,syn,icebox,False,425226,0.77,0.4527686132517062
fine,refrigerator,syn,icebox,False,425226,0.78,0.45345527729151036
fine,refrigerator,syn,icebox,False,425226,0.79,0.45394149373147125
fine,refrigerator,syn,icebox,False,425226,0.8,0.4545086601987977
fine,refrigerator,syn,icebox,True,425226,0.5,0.39041538130425424
fine,refrigerator,syn,icebox,True,425226,0.51,0.3970589993424592
fine,refrigerator,syn,icebox,True,425226,0.52,0.40278060035146024
fine,refrigerator,syn,icebox,True,425226,0.53,0.40902733781990747
fine,refrigerator,syn,icebox,True,425226,0.54,0.41594253134599524
fine,refrigerator,syn,icebox,True,425226,0.55,0.41981284285253306
fine,refrigerator,syn,icebox,True,425226,0.56,0.42553598317359403
fine,refrigerator,syn,icebox,True,425226,0.57,0.4300599861386612
fine,refrigerator,syn,icebox,True,425226,0.58,0.4333114284007408
fine,refrigerator,syn,icebox,True,425226,0.59,0.435570582051037
fine,refrigerator,syn,icebox,True,425226,0.6,0.4373155901711801
fine,refrigerator,syn,icebox,True,425226,0.61,0.4387123745819398
fine,refrigerator,syn,icebox,True,425226,0.62,0.43977213012946065
fine,refrigerator,syn,icebox,True,425226,0.63,0.44086881761516966
fine,refrigerator,syn,icebox,True,425226,0.64,0.44217727685180763
fine,refrigerator,syn,icebox,True,425226,0.65,0.4431101986249045
fine,refrigerator,syn,icebox,True,425226,0.66,0.44398830479145535
fine,refrigerator,syn,icebox,True,425226,0.67,0.44510732737534153
fine,refrigerator,syn,icebox,True,425226,0.68,0.44622854211650187
fine,refrigerator,syn,icebox,True,425226,0.69,0.44715059278166075
fine,refrigerator,syn,icebox,True,425226,0.7,0.44788685365388287
fine,refrigerator,syn,icebox,True,425226,0.71,0.44863066779535726
fine,refrigerator,syn,icebox,True,425226,0.72,0.44949338419358686
fine,refrigerator,syn,icebox,True,425226,0.73,0.4502407513348589
fine,refrigerator,syn,icebox,True,425226,0.74,0.4509390342723676
fine,refrigerator,syn,icebox,True,425226,0.75,0.45152988275664857
fine,refrigerator,syn,icebox,True,425226,0.76,0.452122843800629
fine,refrigerator,syn,icebox,True,425226,0.77,0.4527686132517062
fine,refrigerator,syn,icebox,True,425226,0.78,0.45345527729151036
fine,refrigerator,syn,icebox,True,425226,0.79,0.45394149373147125
fine,refrigerator,syn,icebox,True,425226,0.8,0.4545086601987977
fine,refrigerator,hypo,electric refrigerator,False,425226,0.5,0.44568966546122907
fine,refrigerator,hypo,electric refrigerator,False,425226,0.51,0.4455610990427538
fine,refrigerator,hypo,electric refrigerator,False,425226,0.52,0.44552930925410905
fine,refrigerator,hypo,electric refrigerator,False,425226,0.53,0.4453065317035905
fine,refrigerator,hypo,electric refrigerator,False,425226,0.54,0.4451513559969442
fine,refrigerator,hypo,electric refrigerator,False,425226,0.55,0.4449816167693263
fine,refrigerator,hypo,electric refrigerator,False,425226,0.56,0.4448251163901158
fine,refrigerator,hypo,electric refrigerator,False,425226,0.57,0.44467259595296366
fine,refrigerator,hypo,electric refrigerator,False,425226,0.58,0.44449087284058214
fine,refrigerator,hypo,electric refrigerator,False,425226,0.59,0.44433566934492186
fine,refrigerator,hypo,electric refrigerator,False,425226,0.6,0.4441021967526266
fine,refrigerator,hypo,electric refrigerator,False,425226,0.61,0.4438023830559469
fine,refrigerator,hypo,electric refrigerator,False,425226,0.62,0.44351978986329177
fine,refrigerator,hypo,electric refrigerator,False,425226,0.63,0.44331275597320563
fine,refrigerator,hypo,electric refrigerator,False,425226,0.64,0.4430778783464285
fine,refrigerator,hypo,electric refrigerator,False,425226,0.65,0.4428124477562036
fine,refrigerator,hypo,electric refrigerator,False,425226,0.66,0.44256559070445073
fine,refrigerator,hypo,electric refrigerator,False,425226,0.67,0.4422045739535439
fine,refrigerator,hypo,electric refrigerator,False,425226,0.68,0.4418793517335276
fine,refrigerator,hypo,electric refrigerator,False,425226,0.69,0.441538277797683
fine,refrigerator,hypo,electric refrigerator,False,425226,0.7,0.4412713200515981
fine,refrigerator,hypo,electric refrigerator,False,425226,0.71,0.4408929659225284
fine,refrigerator,hypo,electric refrigerator,False,425226,0.72,0.44055710173317886
fine,refrigerator,hypo,electric refrigerator,False,425226,0.73,0.4400950833771322
fine,refrigerator,hypo,electric refrigerator,False,425226,0.74,0.43969131894255237
fine,refrigerator,hypo,electric refrigerator,False,425226,0.75,0.43935393694673086
fine,refrigerator,hypo,electric refrigerator,False,425226,0.76,0.43893959667399407
fine,refrigerator,hypo,electric refrigerator,False,425226,0.77,0.4384893848341119
fine,refrigerator,hypo,electric refrigerator,False,425226,0.78,0.43809216578849897
fine,refrigerator,hypo,electric refrigerator,False,425226,0.79,0.4376127606189139
fine,refrigerator,hypo,electric refrigerator,False,425226,0.8,0.4371661747660983
fine,refrigerator,hypo,electric refrigerator,True,425226,0.5,0.4470532092579337
fine,refrigerator,hypo,electric refrigerator,True,425226,0.51,0.44699762577997304
fine,refrigerator,hypo,electric refrigerator,True,425226,0.52,0.44685852005631516
fine,refrigerator,hypo,electric refrigerator,True,425226,0.53,0.4467790624142416
fine,refrigerator,hypo,electric refrigerator,True,425226,0.54,0.4467605297697172
fine,refrigerator,hypo,electric refrigerator,True,425226,0.55,0.4466625301291077
fine,refrigerator,hypo,electric refrigerator,True,425226,0.56,0.44662418558029643
fine,refrigerator,hypo,electric refrigerator,True,425226,0.57,0.4465142366166257
fine,refrigerator,hypo,electric refrigerator,True,425226,0.58,0.4463870159317382
fine,refrigerator,hypo,electric refrigerator,True,425226,0.59,0.44621076500775747
fine,refrigerator,hypo,electric refrigerator,True,425226,0.6,0.4459933640464994
fine,refrigerator,hypo,electric refrigerator,True,425226,0.61,0.4458528783375706
fine,refrigerator,hypo,electric refrigerator,True,425226,0.62,0.4456194795894008
fine,refrigerator,hypo,electric refrigerator,True,425226,0.63,0.4454020244461421
fine,refrigerator,hypo,electric refrigerator,True,425226,0.64,0.4452455415761453
fine,refrigerator,hypo,electric refrigerator,True,425226,0.65,0.44505855248236265
fine,refrigerator,hypo,electric refrigerator,True,425226,0.66,0.44484104719042106
fine,refrigerator,hypo,electric refrigerator,True,425226,0.67,0.4446182130748293
fine,refrigerator,hypo,electric refrigerator,True,425226,0.68,0.4442229173133402
fine,refrigerator,hypo,electric refrigerator,True,425226,0.69,0.44396423070953567
fine,refrigerator,hypo,electric refrigerator,True,425226,0.7,0.4436683621080784
fine,refrigerator,hypo,electric refrigerator,True,425226,0.71,0.4433207565192473
fine,refrigerator,hypo,electric refrigerator,True,425226,0.72,0.4429492537313433
fine,refrigerator,hypo,electric refrigerator,True,425226,0.73,0.44252585321582955
fine,refrigerator,hypo,electric refrigerator,True,425226,0.74,0.44220205397659423
fine,refrigerator,hypo,electric refrigerator,True,425226,0.75,0.4419007356453616
fine,refrigerator,hypo,electric refrigerator,True,425226,0.76,0.4415396741986337
fine,refrigerator,hypo,electric refrigerator,True,425226,0.77,0.4412927420606958
fine,refrigerator,hypo,electric refrigerator,True,425226,0.78,0.4408480143326366
fine,refrigerator,hypo,electric refrigerator,True,425226,0.79,0.4404921165790731
fine,refrigerator,hypo,electric refrigerator,True,425226,0.8,0.4399995221940848
fine,refrigerator,hyper,white goods,False,425226,0.5,0.351030755249438
fine,refrigerator,hyper,white goods,False,425226,0.51,0.3528314520757605
fine,refrigerator,hyper,white goods,False,425226,0.52,0.3546967667878324
fine,refrigerator,hyper,white goods,False,425226,0.53,0.3563614189892033
fine,refrigerator,hyper,white goods,False,425226,0.54,0.35867576906062815
fine,refrigerator,hyper,white goods,False,425226,0.55,0.36200279760410314
fine,refrigerator,hyper,white goods,False,425226,0.56,0.3659513419809911
fine,refrigerator,hyper,white goods,False,425226,0.57,0.36920630745872535
fine,refrigerator,hyper,white goods,False,425226,0.58,0.37167824226268037
fine,refrigerator,hyper,white goods,False,425226,0.59,0.37323388080040165
fine,refrigerator,hyper,white goods,False,425226,0.6,0.37466233176352465
fine,refrigerator,hyper,white goods,False,425226,0.61,0.3764582138076114
fine,refrigerator,hyper,white goods,False,425226,0.62,0.37949539255877324
fine,refrigerator,hyper,white goods,False,425226,0.63,0.38288056793871234
fine,refrigerator,hyper,white goods,False,425226,0.64,0.3859860888687047
fine,refrigerator,hyper,white goods,False,425226,0.65,0.3875424255461542
fine,refrigerator,hyper,white goods,False,425226,0.66,0.38893137981309306
fine,refrigerator,hyper,white goods,False,425226,0.67,0.3902173783147504
fine,refrigerator,hyper,white goods,False,425226,0.68,0.3915703684229395
fine,refrigerator,hyper,white goods,False,425226,0.69,0.39266552750128453
fine,refrigerator,hyper,white goods,False,425226,0.7,0.39404222777186965
fine,refrigerator,hyper,white goods,False,425226,0.71,0.3951773829296562
fine,refrigerator,hyper,white goods,False,425226,0.72,0.3963747595320883
fine,refrigerator,hyper,white goods,False,425226,0.73,0.3977130157364591
fine,refrigerator,hyper,white goods,False,425226,0.74,0.3990751693730509
fine,refrigerator,hyper,white goods,False,425226,0.75,0.4004420813668678
fine,refrigerator,hyper,white goods,False,425226,0.76,0.4017611776232466
fine,refrigerator,hyper,white goods,False,425226,0.77,0.4027289889358855
fine,refrigerator,hyper,white goods,False,425226,0.78,0.4040720251394979
fine,refrigerator,hyper,white goods,False,425226,0.79,0.40513543546055225
fine,refrigerator,hyper,white goods,False,425226,0.8,0.40628509977297167
fine,refrigerator,hyper,white goods,True,425226,0.5,0.3515442838182014
fine,refrigerator,hyper,white goods,True,425226,0.51,0.35330973789936865
fine,refrigerator,hyper,white goods,True,425226,0.52,0.35506665869552223
fine,refrigerator,hyper,white goods,True,425226,0.53,0.3569310600444774
fine,refrigerator,hyper,white goods,True,425226,0.54,0.35955620382104686
fine,refrigerator,hyper,white goods,True,425226,0.55,0.36299511017060604
fine,refrigerator,hyper,white goods,True,425226,0.56,0.36725446828860064
fine,refrigerator,hyper,white goods,True,425226,0.57,0.3701494321578004
fine,refrigerator,hyper,white goods,True,425226,0.58,0.3722147843549775
fine,refrigerator,hyper,white goods,True,425226,0.59,0.37381513047012277
fine,refrigerator,hyper,white goods,True,425226,0.6,0.3750522931283841
fine,refrigerator,hyper,white goods,True,425226,0.61,0.3772141610690125
fine,refrigerator,hyper,white goods,True,425226,0.62,0.38058301162915775
fine,refrigerator,hyper,white goods,True,425226,0.63,0.3835930777320968
fine,refrigerator,hyper,white goods,True,425226,0.64,0.3865266026100674
fine,refrigerator,hyper,white goods,True,425226,0.65,0.3881638701658779
fine,refrigerator,hyper,white goods,True,425226,0.66,0.38929719523416867
fine,refrigerator,hyper,white goods,True,425226,0.67,0.39064759378099645
fine,refrigerator,hyper,white goods,True,425226,0.68,0.3919195057538568
fine,refrigerator,hyper,white goods,True,425226,0.69,0.39331078901143546
fine,refrigerator,hyper,white goods,True,425226,0.7,0.3945440858416279
fine,refrigerator,hyper,white goods,True,425226,0.71,0.3958251185910074
fine,refrigerator,hyper,white goods,True,425226,0.72,0.39697219533761097
fine,refrigerator,hyper,white goods,True,425226,0.73,0.398293743726999
fine,refrigerator,hyper,white goods,True,425226,0.74,0.3997060721198652
fine,refrigerator,hyper,white goods,True,425226,0.75,0.40121871079514904
fine,refrigerator,hyper,white goods,True,425226,0.76,0.4024015771551467
fine,refrigerator,hyper,white goods,True,425226,0.77,0.40348173106793794
fine,refrigerator,hyper,white goods,True,425226,0.78,0.40508280163452576
fine,refrigerator,hyper,white goods,True,425226,0.79,0.4063661238096376
fine,refrigerator,hyper,white goods,True,425226,0.8,0.4076662962564672
fine,refrigerator,orig,refrigerator,False,429598,0.5,0.9308795660981507
fine,refrigerator,orig,refrigerator,False,429598,0.51,0.9309398133773471
fine,refrigerator,orig,refrigerator,False,429598,0.52,0.9310209552453497
fine,refrigerator,orig,refrigerator,False,429598,0.53,0.931271871014161
fine,refrigerator,orig,refrigerator,False,429598,0.54,0.9314434338807825
fine,refrigerator,orig,refrigerator,False,429598,0.55,0.9316303654126233
fine,refrigerator,orig,refrigerator,False,429598,0.56,0.9318959448619092
fine,refrigerator,orig,refrigerator,False,429598,0.57,0.9321103922692654
fine,refrigerator,orig,refrigerator,False,429598,0.58,0.9324353112760763
fine,refrigerator,orig,refrigerator,False,429598,0.59,0.9326885245901639
fine,refrigerator,orig,refrigerator,False,429598,0.6,0.9327506477321177
fine,refrigerator,orig,refrigerator,False,429598,0.61,0.932853205590918
fine,refrigerator,orig,refrigerator,False,429598,0.62,0.9330215000820614
fine,refrigerator,orig,refrigerator,False,429598,0.63,0.9333180079144842
fine,refrigerator,orig,refrigerator,False,429598,0.64,0.9335940067030295
fine,refrigerator,orig,refrigerator,False,429598,0.65,0.9339557513396233
fine,refrigerator,orig,refrigerator,False,429598,0.66,0.9342367083819829
fine,refrigerator,orig,refrigerator,False,429598,0.67,0.9342390946772814
fine,refrigerator,orig,refrigerator,False,429598,0.68,0.9344248806977127
fine,refrigerator,orig,refrigerator,False,429598,0.69,0.9345152847054176
fine,refrigerator,orig,refrigerator,False,429598,0.7,0.934674856324205
fine,refrigerator,orig,refrigerator,False,429598,0.71,0.9347786692146752
fine,refrigerator,orig,refrigerator,False,429598,0.72,0.9349054893624034
fine,refrigerator,orig,refrigerator,False,429598,0.73,0.9351801467557095
fine,refrigerator,orig,refrigerator,False,429598,0.74,0.9351465470319484
fine,refrigerator,orig,refrigerator,False,429598,0.75,0.935289070749736
fine,refrigerator,orig,refrigerator,False,429598,0.76,0.9355009077405513
fine,refrigerator,orig,refrigerator,False,429598,0.77,0.935764060900294
fine,refrigerator,orig,refrigerator,False,429598,0.78,0.9358872699639872
fine,refrigerator,orig,refrigerator,False,429598,0.79,0.9361519263507595
fine,refrigerator,orig,refrigerator,False,429598,0.8,0.9363549176532839
fine,refrigerator,orig,refrigerator,True,429598,0.5,0.9308795660981507
fine,refrigerator,orig,refrigerator,True,429598,0.51,0.9309398133773471
fine,refrigerator,orig,refrigerator,True,429598,0.52,0.9310209552453497
fine,refrigerator,orig,refrigerator,True,429598,0.53,0.931271871014161
fine,refrigerator,orig,refrigerator,True,429598,0.54,0.9314434338807825
fine,refrigerator,orig,refrigerator,True,429598,0.55,0.9316303654126233
fine,refrigerator,orig,refrigerator,True,429598,0.56,0.9318959448619092
fine,refrigerator,orig,refrigerator,True,429598,0.57,0.9321103922692654
fine,refrigerator,orig,refrigerator,True,429598,0.58,0.9324353112760763
fine,refrigerator,orig,refrigerator,True,429598,0.59,0.9326885245901639
fine,refrigerator,orig,refrigerator,True,429598,0.6,0.9327506477321177
fine,refrigerator,orig,refrigerator,True,429598,0.61,0.932853205590918
fine,refrigerator,orig,refrigerator,True,429598,0.62,0.9330215000820614
fine,refrigerator,orig,refrigerator,True,429598,0.63,0.9333180079144842
fine,refrigerator,orig,refrigerator,True,429598,0.64,0.9335940067030295
fine,refrigerator,orig,refrigerator,True,429598,0.65,0.9339557513396233
fine,refrigerator,orig,refrigerator,True,429598,0.66,0.9342367083819829
fine,refrigerator,orig,refrigerator,True,429598,0.67,0.9342390946772814
fine,refrigerator,orig,refrigerator,True,429598,0.68,0.9344248806977127
fine,refrigerator,orig,refrigerator,True,429598,0.69,0.9345152847054176
fine,refrigerator,orig,refrigerator,True,429598,0.7,0.934674856324205
fine,refrigerator,orig,refrigerator,True,429598,0.71,0.9347786692146752
fine,refrigerator,orig,refrigerator,True,429598,0.72,0.9349054893624034
fine,refrigerator,orig,refrigerator,True,429598,0.73,0.9351801467557095
fine,refrigerator,orig,refrigerator,True,429598,0.74,0.9351465470319484
fine,refrigerator,orig,refrigerator,True,429598,0.75,0.935289070749736
fine,refrigerator,orig,refrigerator,True,429598,0.76,0.9355009077405513
fine,refrigerator,orig,refrigerator,True,429598,0.77,0.935764060900294
fine,refrigerator,orig,refrigerator,True,429598,0.78,0.9358872699639872
fine,refrigerator,orig,refrigerator,True,429598,0.79,0.9361519263507595
fine,refrigerator,orig,refrigerator,True,429598,0.8,0.9363549176532839
fine,refrigerator,syn,icebox,False,429598,0.5,0.9308795660981507
fine,refrigerator,syn,icebox,False,429598,0.51,0.9306594375673646
fine,refrigerator,syn,icebox,False,429598,0.52,0.9304850374675526
fine,refrigerator,syn,icebox,False,429598,0.53,0.9302640597969775
fine,refrigerator,syn,icebox,False,429598,0.54,0.930119105890031
fine,refrigerator,syn,icebox,False,429598,0.55,0.9299928231225941
fine,refrigerator,syn,icebox,False,429598,0.56,0.9297373098309064
fine,refrigerator,syn,icebox,False,429598,0.57,0.9296263693270735
fine,refrigerator,syn,icebox,False,429598,0.58,0.9293851143234302
fine,refrigerator,syn,icebox,False,429598,0.59,0.9293139970669708
fine,refrigerator,syn,icebox,False,429598,0.6,0.9292475115259925
fine,refrigerator,syn,icebox,False,429598,0.61,0.9290891027833423
fine,refrigerator,syn,icebox,False,429598,0.62,0.9288702928870293
fine,refrigerator,syn,icebox,False,429598,0.63,0.9287818853673226
fine,refrigerator,syn,icebox,False,429598,0.64,0.9286830284486687
fine,refrigerator,syn,icebox,False,429598,0.65,0.9285842133524252
fine,refrigerator,syn,icebox,False,429598,0.66,0.928328588857259
fine,refrigerator,syn,icebox,False,429598,0.67,0.92824266081158
fine,refrigerator,syn,icebox,False,429598,0.68,0.9279895943419234
fine,refrigerator,syn,icebox,False,429598,0.69,0.9278898515857406
fine,refrigerator,syn,icebox,False,429598,0.7,0.9276521060842434
fine,refrigerator,syn,icebox,False,429598,0.71,0.9275223395613322
fine,refrigerator,syn,icebox,False,429598,0.72,0.9273716699155296
fine,refrigerator,syn,icebox,False,429598,0.73,0.927180603147279
fine,refrigerator,syn,icebox,False,429598,0.74,0.9271251116343265
fine,refrigerator,syn,icebox,False,429598,0.75,0.927070818586226
fine,refrigerator,syn,icebox,False,429598,0.76,0.9267758321297003
fine,refrigerator,syn,icebox,False,429598,0.77,0.9266452492211839
fine,refrigerator,syn,icebox,False,429598,0.78,0.92654478205149
fine,refrigerator,syn,icebox,False,429598,0.79,0.9264455437515206
fine,refrigerator,syn,icebox,False,429598,0.8,0.9263127168942367
fine,refrigerator,syn,icebox,True,429598,0.5,0.9308795660981507
fine,refrigerator,syn,icebox,True,429598,0.51,0.9306594375673646
fine,refrigerator,syn,icebox,True,429598,0.52,0.9304850374675526
fine,refrigerator,syn,icebox,True,429598,0.53,0.9302640597969775
fine,refrigerator,syn,icebox,True,429598,0.54,0.930119105890031
fine,refrigerator,syn,icebox,True,429598,0.55,0.9299928231225941
fine,refrigerator,syn,icebox,True,429598,0.56,0.9297373098309064
fine,refrigerator,syn,icebox,True,429598,0.57,0.9296263693270735
fine,refrigerator,syn,icebox,True,429598,0.58,0.9293851143234302
fine,refrigerator,syn,icebox,True,429598,0.59,0.9293139970669708
fine,refrigerator,syn,icebox,True,429598,0.6,0.9292475115259925
fine,refrigerator,syn,icebox,True,429598,0.61,0.9290891027833423
fine,refrigerator,syn,icebox,True,429598,0.62,0.9288702928870293
fine,refrigerator,syn,icebox,True,429598,0.63,0.9287818853673226
fine,refrigerator,syn,icebox,True,429598,0.64,0.9286830284486687
fine,refrigerator,syn,icebox,True,429598,0.65,0.9285842133524252
fine,refrigerator,syn,icebox,True,429598,0.66,0.928328588857259
fine,refrigerator,syn,icebox,True,429598,0.67,0.92824266081158
fine,refrigerator,syn,icebox,True,429598,0.68,0.9279895943419234
fine,refrigerator,syn,icebox,True,429598,0.69,0.9278898515857406
fine,refrigerator,syn,icebox,True,429598,0.7,0.9276521060842434
fine,refrigerator,syn,icebox,True,429598,0.71,0.9275223395613322
fine,refrigerator,syn,icebox,True,429598,0.72,0.9273716699155296
fine,refrigerator,syn,icebox,True,429598,0.73,0.927180603147279
fine,refrigerator,syn,icebox,True,429598,0.74,0.9271251116343265
fine,refrigerator,syn,icebox,True,429598,0.75,0.927070818586226
fine,refrigerator,syn,icebox,True,429598,0.76,0.9267758321297003
fine,refrigerator,syn,icebox,True,429598,0.77,0.9266452492211839
fine,refrigerator,syn,icebox,True,429598,0.78,0.92654478205149
fine,refrigerator,syn,icebox,True,429598,0.79,0.9264455437515206
fine,refrigerator,syn,icebox,True,429598,0.8,0.9263127168942367
fine,refrigerator,hypo,electric refrigerator,False,429598,0.5,0.9194814385897189
fine,refrigerator,hypo,electric refrigerator,False,429598,0.51,0.9196563595997297
fine,refrigerator,hypo,electric refrigerator,False,429598,0.52,0.9197695748720754
fine,refrigerator,hypo,electric refrigerator,False,429598,0.53,0.9199903428295509
fine,refrigerator,hypo,electric refrigerator,False,429598,0.54,0.9201803107139982
fine,refrigerator,hypo,electric refrigerator,False,429598,0.55,0.9204605845881311
fine,refrigerator,hypo,electric refrigerator,False,429598,0.56,0.9207558720237137
fine,refrigerator,hypo,electric refrigerator,False,429598,0.57,0.9209758770162915
fine,refrigerator,hypo,electric refrigerator,False,429598,0.58,0.9213012219105652
fine,refrigerator,hypo,electric refrigerator,False,429598,0.59,0.9215202528379773
fine,refrigerator,hypo,electric refrigerator,False,429598,0.6,0.9218918875320611
fine,refrigerator,hypo,electric refrigerator,False,429598,0.61,0.9221410014361556
fine,refrigerator,hypo,electric refrigerator,False,429598,0.62,0.9224387015544543
fine,refrigerator,hypo,electric refrigerator,False,429598,0.63,0.9226894012788219
fine,refrigerator,hypo,electric refrigerator,False,429598,0.64,0.922911686801473
fine,refrigerator,hypo,electric refrigerator,False,429598,0.65,0.923103019337329
fine,refrigerator,hypo,electric refrigerator,False,429598,0.66,0.9233193277310925
fine,refrigerator,hypo,electric refrigerator,False,429598,0.67,0.9235419630156472
fine,refrigerator,hypo,electric refrigerator,False,429598,0.68,0.9237323761479757
fine,refrigerator,hypo,electric refrigerator,False,429598,0.69,0.923980202503801
fine,refrigerator,hypo,electric refrigerator,False,429598,0.7,0.9241671655314123
fine,refrigerator,hypo,electric refrigerator,False,429598,0.71,0.9243130401009807
fine,refrigerator,hypo,electric refrigerator,False,429598,0.72,0.9244565305362664
fine,refrigerator,hypo,electric refrigerator,False,429598,0.73,0.9246275906735751
fine,refrigerator,hypo,electric refrigerator,False,429598,0.74,0.9248360191108592
fine,refrigerator,hypo,electric refrigerator,False,429598,0.75,0.9251032806804375
fine,refrigerator,hypo,electric refrigerator,False,429598,0.76,0.9253119429590018
fine,refrigerator,hypo,electric refrigerator,False,429598,0.77,0.9254408713692946
fine,refrigerator,hypo,electric refrigerator,False,429598,0.78,0.9257511634317589
fine,refrigerator,hypo,electric refrigerator,False,429598,0.79,0.9259577642975314
fine,refrigerator,hypo,electric refrigerator,False,429598,0.8,0.9261284356037253
fine,refrigerator,hypo,electric refrigerator,True,429598,0.5,0.919338757919789
fine,refrigerator,hypo,electric refrigerator,True,429598,0.51,0.9195566851113113
fine,refrigerator,hypo,electric refrigerator,True,429598,0.52,0.9196267696267696
fine,refrigerator,hypo,electric refrigerator,True,429598,0.53,0.919859673967268
fine,refrigerator,hypo,electric refrigerator,True,429598,0.54,0.9200965794768612
fine,refrigerator,hypo,electric refrigerator,True,429598,0.55,0.9203471428341411
fine,refrigerator,hypo,electric refrigerator,True,429598,0.56,0.920566918988565
fine,refrigerator,hypo,electric refrigerator,True,429598,0.57,0.9208622661876299
fine,refrigerator,hypo,electric refrigerator,True,429598,0.58,0.9210649304604277
fine,refrigerator,hypo,electric refrigerator,True,429598,0.59,0.9212876394351667
fine,refrigerator,hypo,electric refrigerator,True,429598,0.6,0.9215512376038055
fine,refrigerator,hypo,electric refrigerator,True,429598,0.61,0.9218918875320611
fine,refrigerator,hypo,electric refrigerator,True,429598,0.62,0.9220814844695442
fine,refrigerator,hypo,electric refrigerator,True,429598,0.63,0.9223965394796307
fine,refrigerator,hypo,electric refrigerator,True,429598,0.64,0.9226012689904584
fine,refrigerator,hypo,electric refrigerator,True,429598,0.65,0.9229129318280924
fine,refrigerator,hypo,electric refrigerator,True,429598,0.66,0.9231365707085393
fine,refrigerator,hypo,electric refrigerator,True,429598,0.67,0.9233093641431688
fine,refrigerator,hypo,electric refrigerator,True,429598,0.68,0.9235332148052368
fine,refrigerator,hypo,electric refrigerator,True,429598,0.69,0.92378581129147
fine,refrigerator,hypo,electric refrigerator,True,429598,0.7,0.9240373263467727
fine,refrigerator,hypo,electric refrigerator,True,429598,0.71,0.924299050300118
fine,refrigerator,hypo,electric refrigerator,True,429598,0.72,0.9242868007572939
fine,refrigerator,hypo,electric refrigerator,True,429598,0.73,0.9244950148905866
fine,refrigerator,hypo,electric refrigerator,True,429598,0.74,0.9246834828222646
fine,refrigerator,hypo,electric refrigerator,True,429598,0.75,0.9248246935173039
fine,refrigerator,hypo,electric refrigerator,True,429598,0.76,0.925031992613351
fine,refrigerator,hypo,electric refrigerator,True,429598,0.77,0.925301790488536
fine,refrigerator,hypo,electric refrigerator,True,429598,0.78,0.9254331231868791
fine,refrigerator,hypo,electric refrigerator,True,429598,0.79,0.9256659262982118
fine,refrigerator,hypo,electric refrigerator,True,429598,0.8,0.9259499521577659
fine,refrigerator,hyper,white goods,False,429598,0.5,0.890176001103239
fine,refrigerator,hyper,white goods,False,429598,0.51,0.9148851871630118
fine,refrigerator,hyper,white goods,False,429598,0.52,0.927400468384075
fine,refrigerator,hyper,white goods,False,429598,0.53,0.936855692281215
fine,refrigerator,hyper,white goods,False,429598,0.54,0.9435249634785597
fine,refrigerator,hyper,white goods,False,429598,0.55,0.94915196044771
fine,refrigerator,hyper,white goods,False,429598,0.56,0.9534309522993039
fine,refrigerator,hyper,white goods,False,429598,0.57,0.9559034907597536
fine,refrigerator,hyper,white goods,False,429598,0.58,0.956968331968332
fine,refrigerator,hyper,white goods,False,429598,0.59,0.9566422861030788
fine,refrigerator,hyper,white goods,False,429598,0.6,0.9557760814249364
fine,refrigerator,hyper,white goods,False,429598,0.61,0.9552099901857931
fine,refrigerator,hyper,white goods,False,429598,0.62,0.9536319919007846
fine,refrigerator,hyper,white goods,False,429598,0.63,0.9521036687983844
fine,refrigerator,hyper,white goods,False,429598,0.64,0.9505909609831442
fine,refrigerator,hyper,white goods,False,429598,0.65,0.9492814311078356
fine,refrigerator,hyper,white goods,False,429598,0.66,0.9477018218285141
fine,refrigerator,hyper,white goods,False,429598,0.67,0.9462444526010211
fine,refrigerator,hyper,white goods,False,429598,0.68,0.9450042470978165
fine,refrigerator,hyper,white goods,False,429598,0.69,0.9438587155353045
fine,refrigerator,hyper,white goods,False,429598,0.7,0.9425592668835913
fine,refrigerator,hyper,white goods,False,429598,0.71,0.9417168250178248
fine,refrigerator,hyper,white goods,False,429598,0.72,0.940620291102979
fine,refrigerator,hyper,white goods,False,429598,0.73,0.9401048991545194
fine,refrigerator,hyper,white goods,False,429598,0.74,0.9393824180910504
fine,refrigerator,hyper,white goods,False,429598,0.75,0.9385032036462118
fine,refrigerator,hyper,white goods,False,429598,0.76,0.9378413609887299
fine,refrigerator,hyper,white goods,False,429598,0.77,0.9372433920886442
fine,refrigerator,hyper,white goods,False,429598,0.78,0.936562062433078
fine,refrigerator,hyper,white goods,False,429598,0.79,0.936158303700777
fine,refrigerator,hyper,white goods,False,429598,0.8,0.9356367226061204
fine,refrigerator,hyper,white goods,True,429598,0.5,0.8919170502146144
fine,refrigerator,hyper,white goods,True,429598,0.51,0.9154034314063254
fine,refrigerator,hyper,white goods,True,429598,0.52,0.9278494308887091
fine,refrigerator,hyper,white goods,True,429598,0.53,0.9371515109795553
fine,refrigerator,hyper,white goods,True,429598,0.54,0.9436377695678323
fine,refrigerator,hyper,white goods,True,429598,0.55,0.9493434039996567
fine,refrigerator,hyper,white goods,True,429598,0.56,0.9536235362696521
fine,refrigerator,hyper,white goods,True,429598,0.57,0.955957086391869
fine,refrigerator,hyper,white goods,True,429598,0.58,0.9570253855602566
fine,refrigerator,hyper,white goods,True,429598,0.59,0.9565616708619634
fine,refrigerator,hyper,white goods,True,429598,0.6,0.9557960443735793
fine,refrigerator,hyper,white goods,True,429598,0.61,0.9551476186447847
fine,refrigerator,hyper,white goods,True,429598,0.62,0.953505634658209
fine,refrigerator,hyper,white goods,True,429598,0.63,0.952027595490493
fine,refrigerator,hyper,white goods,True,429598,0.64,0.9504985396313829
fine,refrigerator,hyper,white goods,True,429598,0.65,0.9491709931334785
fine,refrigerator,hyper,white goods,True,429598,0.66,0.9476235042449361
fine,refrigerator,hyper,white goods,True,429598,0.67,0.9462489364896651
fine,refrigerator,hyper,white goods,True,429598,0.68,0.9449755187689438
fine,refrigerator,hyper,white goods,True,429598,0.69,0.9437821120367137
fine,refrigerator,hyper,white goods,True,429598,0.7,0.942528926443002
fine,refrigerator,hyper,white goods,True,429598,0.71,0.9415763122119434
fine,refrigerator,hyper,white goods,True,429598,0.72,0.9406543913101073
fine,refrigerator,hyper,white goods,True,429598,0.73,0.9400747824360544
fine,refrigerator,hyper,white goods,True,429598,0.74,0.9392612180811504
fine,refrigerator,hyper,white goods,True,429598,0.75,0.9384587440762207
fine,refrigerator,hyper,white goods,True,429598,0.76,0.9377959641625555
fine,refrigerator,hyper,white goods,True,429598,0.77,0.9371671640314576
fine,refrigerator,hyper,white goods,True,429598,0.78,0.9365178718497776
fine,refrigerator,hyper,white goods,True,429598,0.79,0.9360812523662941
fine,refrigerator,hyper,white goods,True,429598,0.8,0.9355597598091634
fine,refrigerator,orig,refrigerator,False,231339,0.5,0.6956669363694157
fine,refrigerator,orig,refrigerator,False,231339,0.51,0.6938813800269886
fine,refrigerator,orig,refrigerator,False,231339,0.52,0.6920715006486954
fine,refrigerator,orig,refrigerator,False,231339,0.53,0.6900618479505216
fine,refrigerator,orig,refrigerator,False,231339,0.54,0.6881172095833363
fine,refrigerator,orig,refrigerator,False,231339,0.55,0.6863493295390851
fine,refrigerator,orig,refrigerator,False,231339,0.56,0.6844675182927267
fine,refrigerator,orig,refrigerator,False,231339,0.57,0.6828044587678813
fine,refrigerator,orig,refrigerator,False,231339,0.58,0.6809793059900692
fine,refrigerator,orig,refrigerator,False,231339,0.59,0.6793386651364631
fine,refrigerator,orig,refrigerator,False,231339,0.6,0.6775213699730366
fine,refrigerator,orig,refrigerator,False,231339,0.61,0.6754902312242337
fine,refrigerator,orig,refrigerator,False,231339,0.62,0.6734455419993979
fine,refrigerator,orig,refrigerator,False,231339,0.63,0.6715924808473738
fine,refrigerator,orig,refrigerator,False,231339,0.64,0.6696259673258813
fine,refrigerator,orig,refrigerator,False,231339,0.65,0.6678488267956296
fine,refrigerator,orig,refrigerator,False,231339,0.66,0.6663156084769806
fine,refrigerator,orig,refrigerator,False,231339,0.67,0.6642307003403188
fine,refrigerator,orig,refrigerator,False,231339,0.68,0.6617825130582444
fine,refrigerator,orig,refrigerator,False,231339,0.69,0.6586743102830527
fine,refrigerator,orig,refrigerator,False,231339,0.7,0.6554318926162953
fine,refrigerator,orig,refrigerator,False,231339,0.71,0.6529330810252881
fine,refrigerator,orig,refrigerator,False,231339,0.72,0.6498229111401082
fine,refrigerator,orig,refrigerator,False,231339,0.73,0.6471334930219883
fine,refrigerator,orig,refrigerator,False,231339,0.74,0.6450830726850125
fine,refrigerator,orig,refrigerator,False,231339,0.75,0.6429396777550508
fine,refrigerator,orig,refrigerator,False,231339,0.76,0.6388422156161591
fine,refrigerator,orig,refrigerator,False,231339,0.77,0.635230562559715
fine,refrigerator,orig,refrigerator,False,231339,0.78,0.6280875291140696
fine,refrigerator,orig,refrigerator,False,231339,0.79,0.6230800774084012
fine,refrigerator,orig,refrigerator,False,231339,0.8,0.6185329464202136
fine,refrigerator,orig,refrigerator,True,231339,0.5,0.6956669363694157
fine,refrigerator,orig,refrigerator,True,231339,0.51,0.6938813800269886
fine,refrigerator,orig,refrigerator,True,231339,0.52,0.6920715006486954
fine,refrigerator,orig,refrigerator,True,231339,0.53,0.6900618479505216
fine,refrigerator,orig,refrigerator,True,231339,0.54,0.6881172095833363
fine,refrigerator,orig,refrigerator,True,231339,0.55,0.6863493295390851
fine,refrigerator,orig,refrigerator,True,231339,0.56,0.6844675182927267
fine,refrigerator,orig,refrigerator,True,231339,0.57,0.6828044587678813
fine,refrigerator,orig,refrigerator,True,231339,0.58,0.6809793059900692
fine,refrigerator,orig,refrigerator,True,231339,0.59,0.6793386651364631
fine,refrigerator,orig,refrigerator,True,231339,0.6,0.6775213699730366
fine,refrigerator,orig,refrigerator,True,231339,0.61,0.6754902312242337
fine,refrigerator,orig,refrigerator,True,231339,0.62,0.6734455419993979
fine,refrigerator,orig,refrigerator,True,231339,0.63,0.6715924808473738
fine,refrigerator,orig,refrigerator,True,231339,0.64,0.6696259673258813
fine,refrigerator,orig,refrigerator,True,231339,0.65,0.6678488267956296
fine,refrigerator,orig,refrigerator,True,231339,0.66,0.6663156084769806
fine,refrigerator,orig,refrigerator,True,231339,0.67,0.6642307003403188
fine,refrigerator,orig,refrigerator,True,231339,0.68,0.6617825130582444
fine,refrigerator,orig,refrigerator,True,231339,0.69,0.6586743102830527
fine,refrigerator,orig,refrigerator,True,231339,0.7,0.6554318926162953
fine,refrigerator,orig,refrigerator,True,231339,0.71,0.6529330810252881
fine,refrigerator,orig,refrigerator,True,231339,0.72,0.6498229111401082
fine,refrigerator,orig,refrigerator,True,231339,0.73,0.6471334930219883
fine,refrigerator,orig,refrigerator,True,231339,0.74,0.6450830726850125
fine,refrigerator,orig,refrigerator,True,231339,0.75,0.6429396777550508
fine,refrigerator,orig,refrigerator,True,231339,0.76,0.6388422156161591
fine,refrigerator,orig,refrigerator,True,231339,0.77,0.635230562559715
fine,refrigerator,orig,refrigerator,True,231339,0.78,0.6280875291140696
fine,refrigerator,orig,refrigerator,True,231339,0.79,0.6230800774084012
fine,refrigerator,orig,refrigerator,True,231339,0.8,0.6185329464202136
fine,refrigerator,syn,icebox,False,231339,0.5,0.6956669363694157
fine,refrigerator,syn,icebox,False,231339,0.51,0.6971550888763541
fine,refrigerator,syn,icebox,False,231339,0.52,0.6987657002207985
fine,refrigerator,syn,icebox,False,231339,0.53,0.7004160083491571
fine,refrigerator,syn,icebox,False,231339,0.54,0.7018390220900287
fine,refrigerator,syn,icebox,False,231339,0.55,0.703063743284449
fine,refrigerator,syn,icebox,False,231339,0.56,0.7043645028186203
fine,refrigerator,syn,icebox,False,231339,0.57,0.7054189769564491
fine,refrigerator,syn,icebox,False,231339,0.58,0.7064036758611665
fine,refrigerator,syn,icebox,False,231339,0.59,0.7073969015928431
fine,refrigerator,syn,icebox,False,231339,0.6,0.7083824492468893
fine,refrigerator,syn,icebox,False,231339,0.61,0.7094845976308528
fine,refrigerator,syn,icebox,False,231339,0.62,0.7104053611100994
fine,refrigerator,syn,icebox,False,231339,0.63,0.7114175150671554
fine,refrigerator,syn,icebox,False,231339,0.64,0.7123017030211128
fine,refrigerator,syn,icebox,False,231339,0.65,0.7131542674611104
fine,refrigerator,syn,icebox,False,231339,0.66,0.7139699284322952
fine,refrigerator,syn,icebox,False,231339,0.67,0.714684957495713
fine,refrigerator,syn,icebox,False,231339,0.68,0.7156006832416019
fine,refrigerator,syn,icebox,False,231339,0.69,0.716367672077045
fine,refrigerator,syn,icebox,False,231339,0.7,0.7169961513462985
fine,refrigerator,syn,icebox,False,231339,0.71,0.7177501826150475
fine,refrigerator,syn,icebox,False,231339,0.72,0.7185036349687648
fine,refrigerator,syn,icebox,False,231339,0.73,0.7192732428541151
fine,refrigerator,syn,icebox,False,231339,0.74,0.7200438596491228
fine,refrigerator,syn,icebox,False,231339,0.75,0.720696941558394
fine,refrigerator,syn,icebox,False,231339,0.76,0.7212645989805395
fine,refrigerator,syn,icebox,False,231339,0.77,0.7218576956556724
fine,refrigerator,syn,icebox,False,231339,0.78,0.722466090162855
fine,refrigerator,syn,icebox,False,231339,0.79,0.7229628870807235
fine,refrigerator,syn,icebox,False,231339,0.8,0.7233931995491737
fine,refrigerator,syn,icebox,True,231339,0.5,0.6956669363694157
fine,refrigerator,syn,icebox,True,231339,0.51,0.6971550888763541
fine,refrigerator,syn,icebox,True,231339,0.52,0.6987657002207985
fine,refrigerator,syn,icebox,True,231339,0.53,0.7004160083491571
fine,refrigerator,syn,icebox,True,231339,0.54,0.7018390220900287
fine,refrigerator,syn,icebox,True,231339,0.55,0.703063743284449
fine,refrigerator,syn,icebox,True,231339,0.56,0.7043645028186203
fine,refrigerator,syn,icebox,True,231339,0.57,0.7054189769564491
fine,refrigerator,syn,icebox,True,231339,0.58,0.7064036758611665
fine,refrigerator,syn,icebox,True,231339,0.59,0.7073969015928431
fine,refrigerator,syn,icebox,True,231339,0.6,0.7083824492468893
fine,refrigerator,syn,icebox,True,231339,0.61,0.7094845976308528
fine,refrigerator,syn,icebox,True,231339,0.62,0.7104053611100994
fine,refrigerator,syn,icebox,True,231339,0.63,0.7114175150671554
fine,refrigerator,syn,icebox,True,231339,0.64,0.7123017030211128
fine,refrigerator,syn,icebox,True,231339,0.65,0.7131542674611104
fine,refrigerator,syn,icebox,True,231339,0.66,0.7139699284322952
fine,refrigerator,syn,icebox,True,231339,0.67,0.714684957495713
fine,refrigerator,syn,icebox,True,231339,0.68,0.7156006832416019
fine,refrigerator,syn,icebox,True,231339,0.69,0.716367672077045
fine,refrigerator,syn,icebox,True,231339,0.7,0.7169961513462985
fine,refrigerator,syn,icebox,True,231339,0.71,0.7177501826150475
fine,refrigerator,syn,icebox,True,231339,0.72,0.7185036349687648
fine,refrigerator,syn,icebox,True,231339,0.73,0.7192732428541151
fine,refrigerator,syn,icebox,True,231339,0.74,0.7200438596491228
fine,refrigerator,syn,icebox,True,231339,0.75,0.720696941558394
fine,refrigerator,syn,icebox,True,231339,0.76,0.7212645989805395
fine,refrigerator,syn,icebox,True,231339,0.77,0.7218576956556724
fine,refrigerator,syn,icebox,True,231339,0.78,0.722466090162855
fine,refrigerator,syn,icebox,True,231339,0.79,0.7229628870807235
fine,refrigerator,syn,icebox,True,231339,0.8,0.7233931995491737
fine,refrigerator,hypo,electric refrigerator,False,231339,0.5,0.7304378510306702
fine,refrigerator,hypo,electric refrigerator,False,231339,0.51,0.7300743811371788
fine,refrigerator,hypo,electric refrigerator,False,231339,0.52,0.7297104644326866
fine,refrigerator,hypo,electric refrigerator,False,231339,0.53,0.7293192755593109
fine,refrigerator,hypo,electric refrigerator,False,231339,0.54,0.72891937948055
fine,refrigerator,hypo,electric refrigerator,False,231339,0.55,0.728517087929034
fine,refrigerator,hypo,electric refrigerator,False,231339,0.56,0.7281871310681037
fine,refrigerator,hypo,electric refrigerator,False,231339,0.57,0.727774556078368
fine,refrigerator,hypo,electric refrigerator,False,231339,0.58,0.7272647214231198
fine,refrigerator,hypo,electric refrigerator,False,231339,0.59,0.7268652007718325
fine,refrigerator,hypo,electric refrigerator,False,231339,0.6,0.72627386549506
fine,refrigerator,hypo,electric refrigerator,False,231339,0.61,0.725884751330977
fine,refrigerator,hypo,electric refrigerator,False,231339,0.62,0.7254765395894428
fine,refrigerator,hypo,electric refrigerator,False,231339,0.63,0.7250139259432994
fine,refrigerator,hypo,electric refrigerator,False,231339,0.64,0.7245813944967574
fine,refrigerator,hypo,electric refrigerator,False,231339,0.65,0.7240788220643176
fine,refrigerator,hypo,electric refrigerator,False,231339,0.66,0.7235656848241618
fine,refrigerator,hypo,electric refrigerator,False,231339,0.67,0.7230088884333221
fine,refrigerator,hypo,electric refrigerator,False,231339,0.68,0.7224820841659896
fine,refrigerator,hypo,electric refrigerator,False,231339,0.69,0.7219091667520454
fine,refrigerator,hypo,electric refrigerator,False,231339,0.7,0.7213336650179988
fine,refrigerator,hypo,electric refrigerator,False,231339,0.71,0.7207557106181292
fine,refrigerator,hypo,electric refrigerator,False,231339,0.72,0.7202372246760465
fine,refrigerator,hypo,electric refrigerator,False,231339,0.73,0.7197514165600438
fine,refrigerator,hypo,electric refrigerator,False,231339,0.74,0.7191079403831675
fine,refrigerator,hypo,electric refrigerator,False,231339,0.75,0.718493996594538
fine,refrigerator,hypo,electric refrigerator,False,231339,0.76,0.7177748715962973
fine,refrigerator,hypo,electric refrigerator,False,231339,0.77,0.7169914684742593
fine,refrigerator,hypo,electric refrigerator,False,231339,0.78,0.7162938783855821
fine,refrigerator,hypo,electric refrigerator,False,231339,0.79,0.7155800540264291
fine,refrigerator,hypo,electric refrigerator,False,231339,0.8,0.7149207322413944
fine,refrigerator,hypo,electric refrigerator,True,231339,0.5,0.7310305276160226
fine,refrigerator,hypo,electric refrigerator,True,231339,0.51,0.7307579210468279
fine,refrigerator,hypo,electric refrigerator,True,231339,0.52,0.7304512079496094
fine,refrigerator,hypo,electric refrigerator,True,231339,0.53,0.7301307348045591
fine,refrigerator,hypo,electric refrigerator,True,231339,0.54,0.7298250512502112
fine,refrigerator,hypo,electric refrigerator,True,231339,0.55,0.729323529195713
fine,refrigerator,hypo,electric refrigerator,True,231339,0.56,0.7289024345463225
fine,refrigerator,hypo,electric refrigerator,True,231339,0.57,0.728549611594884
fine,refrigerator,hypo,electric refrigerator,True,231339,0.58,0.7281669566238704
fine,refrigerator,hypo,electric refrigerator,True,231339,0.59,0.7278025293042578
fine,refrigerator,hypo,electric refrigerator,True,231339,0.6,0.7272753954976373
fine,refrigerator,hypo,electric refrigerator,True,231339,0.61,0.7268359240322474
fine,refrigerator,hypo,electric refrigerator,True,231339,0.62,0.7264226360296006
fine,refrigerator,hypo,electric refrigerator,True,231339,0.63,0.7259108807074403
fine,refrigerator,hypo,electric refrigerator,True,231339,0.64,0.7254587172776789
fine,refrigerator,hypo,electric refrigerator,True,231339,0.65,0.7251167119834074
fine,refrigerator,hypo,electric refrigerator,True,231339,0.66,0.7246715563794632
fine,refrigerator,hypo,electric refrigerator,True,231339,0.67,0.7242081514254739
fine,refrigerator,hypo,electric refrigerator,True,231339,0.68,0.7236677334075414
fine,refrigerator,hypo,electric refrigerator,True,231339,0.69,0.7232012768792603
fine,refrigerator,hypo,electric refrigerator,True,231339,0.7,0.7226724055895938
fine,refrigerator,hypo,electric refrigerator,True,231339,0.71,0.7221161093913514
fine,refrigerator,hypo,electric refrigerator,True,231339,0.72,0.7216035471786467
fine,refrigerator,hypo,electric refrigerator,True,231339,0.73,0.7210425063455954
fine,refrigerator,hypo,electric refrigerator,True,231339,0.74,0.7204735926050518
fine,refrigerator,hypo,electric refrigerator,True,231339,0.75,0.7200266153857403
fine,refrigerator,hypo,electric refrigerator,True,231339,0.76,0.7194780510983588
fine,refrigerator,hypo,electric refrigerator,True,231339,0.77,0.7188607678196873
fine,refrigerator,hypo,electric refrigerator,True,231339,0.78,0.7182419348945964
fine,refrigerator,hypo,electric refrigerator,True,231339,0.79,0.7175012054178052
fine,refrigerator,hypo,electric refrigerator,True,231339,0.8,0.7167365361300595
fine,refrigerator,hyper,white goods,False,231339,0.5,0.6965480372689782
fine,refrigerator,hyper,white goods,False,231339,0.51,0.6991799478632283
fine,refrigerator,hyper,white goods,False,231339,0.52,0.6988272760202849
fine,refrigerator,hyper,white goods,False,231339,0.53,0.7003607395160079
fine,refrigerator,hyper,white goods,False,231339,0.54,0.703201730015468
fine,refrigerator,hyper,white goods,False,231339,0.55,0.7055695158084236
fine,refrigerator,hyper,white goods,False,231339,0.56,0.7069922474813677
fine,refrigerator,hyper,white goods,False,231339,0.57,0.7079054750908031
fine,refrigerator,hyper,white goods,False,231339,0.58,0.7084790503105729
fine,refrigerator,hyper,white goods,False,231339,0.59,0.709007151840799
fine,refrigerator,hyper,white goods,False,231339,0.6,0.7094087579310242
fine,refrigerator,hyper,white goods,False,231339,0.61,0.7092123404444576
fine,refrigerator,hyper,white goods,False,231339,0.62,0.7091093401999304
fine,refrigerator,hyper,white goods,False,231339,0.63,0.709340821755838
fine,refrigerator,hyper,white goods,False,231339,0.64,0.7094541241411882
fine,refrigerator,hyper,white goods,False,231339,0.65,0.7092065316709405
fine,refrigerator,hyper,white goods,False,231339,0.66,0.7088192232138258
fine,refrigerator,hyper,white goods,False,231339,0.67,0.7086689399729555
fine,refrigerator,hyper,white goods,False,231339,0.68,0.7086328030364208
fine,refrigerator,hyper,white goods,False,231339,0.69,0.7084788029925188
fine,refrigerator,hyper,white goods,False,231339,0.7,0.7084038725091426
fine,refrigerator,hyper,white goods,False,231339,0.71,0.7082414967231722
fine,refrigerator,hyper,white goods,False,231339,0.72,0.7081391179634278
fine,refrigerator,hyper,white goods,False,231339,0.73,0.7080645868983371
fine,refrigerator,hyper,white goods,False,231339,0.74,0.7078698492976481
fine,refrigerator,hyper,white goods,False,231339,0.75,0.7077717633480163
fine,refrigerator,hyper,white goods,False,231339,0.76,0.7075508892847756
fine,refrigerator,hyper,white goods,False,231339,0.77,0.7071318078337516
fine,refrigerator,hyper,white goods,False,231339,0.78,0.7069132759111099
fine,refrigerator,hyper,white goods,False,231339,0.79,0.7066559743384122
fine,refrigerator,hyper,white goods,False,231339,0.8,0.7064203468882088
fine,refrigerator,hyper,white goods,True,231339,0.5,0.6968907960844799
fine,refrigerator,hyper,white goods,True,231339,0.51,0.6991225737835682
fine,refrigerator,hyper,white goods,True,231339,0.52,0.698943144014544
fine,refrigerator,hyper,white goods,True,231339,0.53,0.7005192872763345
fine,refrigerator,hyper,white goods,True,231339,0.54,0.7034200548109772
fine,refrigerator,hyper,white goods,True,231339,0.55,0.7057680768076807
fine,refrigerator,hyper,white goods,True,231339,0.56,0.7071886515473801
fine,refrigerator,hyper,white goods,True,231339,0.57,0.7079733971005828
fine,refrigerator,hyper,white goods,True,231339,0.58,0.7086182086592158
fine,refrigerator,hyper,white goods,True,231339,0.59,0.7091106629657467
fine,refrigerator,hyper,white goods,True,231339,0.6,0.7095472982007814
fine,refrigerator,hyper,white goods,True,231339,0.61,0.7092530277650129
fine,refrigerator,hyper,white goods,True,231339,0.62,0.709146869289218
fine,refrigerator,hyper,white goods,True,231339,0.63,0.7094195188272152
fine,refrigerator,hyper,white goods,True,231339,0.64,0.7095281668314712
fine,refrigerator,hyper,white goods,True,231339,0.65,0.7093477363829286
fine,refrigerator,hyper,white goods,True,231339,0.66,0.7089507217374671
fine,refrigerator,hyper,white goods,True,231339,0.67,0.7087993650700334
fine,refrigerator,hyper,white goods,True,231339,0.68,0.7087903213965849
fine,refrigerator,hyper,white goods,True,231339,0.69,0.7086181604811501
fine,refrigerator,hyper,white goods,True,231339,0.7,0.7085400620002785
fine,refrigerator,hyper,white goods,True,231339,0.71,0.708353470117013
fine,refrigerator,hyper,white goods,True,231339,0.72,0.7082781481183366
fine,refrigerator,hyper,white goods,True,231339,0.73,0.7081712346798491
fine,refrigerator,hyper,white goods,True,231339,0.74,0.7079743033173277
fine,refrigerator,hyper,white goods,True,231339,0.75,0.7078718990152821
fine,refrigerator,hyper,white goods,True,231339,0.76,0.7076844449311868
fine,refrigerator,hyper,white goods,True,231339,0.77,0.7072850388185161
fine,refrigerator,hyper,white goods,True,231339,0.78,0.7070372612370818
fine,refrigerator,hyper,white goods,True,231339,0.79,0.7067786477698556
fine,refrigerator,hyper,white goods,True,231339,0.8,0.7065472459881357
fine,remote,orig,remote,False,318138,0.5,0.24244084136722174
fine,remote,orig,remote,False,318138,0.51,0.24217553075071133
fine,remote,orig,remote,False,318138,0.52,0.24205004917495357
fine,remote,orig,remote,False,318138,0.53,0.2417066783064164
fine,remote,orig,remote,False,318138,0.54,0.24131168972654973
fine,remote,orig,remote,False,318138,0.55,0.24120657737122944
fine,remote,orig,remote,False,318138,0.56,0.240917989993474
fine,remote,orig,remote,False,318138,0.57,0.24081322026527505
fine,remote,orig,remote,False,318138,0.58,0.24058191293019215
fine,remote,orig,remote,False,318138,0.59,0.24037314242325633
fine,remote,orig,remote,False,318138,0.6,0.2401387082791504
fine,remote,orig,remote,False,318138,0.61,0.24014298093587522
fine,remote,orig,remote,False,318138,0.62,0.23996103474401992
fine,remote,orig,remote,False,318138,0.63,0.23980530016224985
fine,remote,orig,remote,False,318138,0.64,0.23954619124797408
fine,remote,orig,remote,False,318138,0.65,0.2393651479162168
fine,remote,orig,remote,False,318138,0.66,0.2392148403796376
fine,remote,orig,remote,False,318138,0.67,0.2391116860715826
fine,remote,orig,remote,False,318138,0.68,0.23887991383952611
fine,remote,orig,remote,False,318138,0.69,0.23857158223082714
fine,remote,orig,remote,False,318138,0.7,0.2383664696399785
fine,remote,orig,remote,False,318138,0.71,0.2382128665019869
fine,remote,orig,remote,False,318138,0.72,0.23800836999678077
fine,remote,orig,remote,False,318138,0.73,0.23785522788203753
fine,remote,orig,remote,False,318138,0.74,0.23760042849491161
fine,remote,orig,remote,False,318138,0.75,0.2373461744248261
fine,remote,orig,remote,False,318138,0.76,0.2372754491017964
fine,remote,orig,remote,False,318138,0.77,0.2372247166987385
fine,remote,orig,remote,False,318138,0.78,0.23720482957580938
fine,remote,orig,remote,False,318138,0.79,0.2369825010670081
fine,remote,orig,remote,False,318138,0.8,0.23688139931740615
fine,remote,orig,remote,True,318138,0.5,0.24244084136722174
fine,remote,orig,remote,True,318138,0.51,0.24217553075071133
fine,remote,orig,remote,True,318138,0.52,0.24205004917495357
fine,remote,orig,remote,True,318138,0.53,0.2417066783064164
fine,remote,orig,remote,True,318138,0.54,0.24131168972654973
fine,remote,orig,remote,True,318138,0.55,0.24120657737122944
fine,remote,orig,remote,True,318138,0.56,0.240917989993474
fine,remote,orig,remote,True,318138,0.57,0.24081322026527505
fine,remote,orig,remote,True,318138,0.58,0.24058191293019215
fine,remote,orig,remote,True,318138,0.59,0.24037314242325633
fine,remote,orig,remote,True,318138,0.6,0.2401387082791504
fine,remote,orig,remote,True,318138,0.61,0.24014298093587522
fine,remote,orig,remote,True,318138,0.62,0.23996103474401992
fine,remote,orig,remote,True,318138,0.63,0.23980530016224985
fine,remote,orig,remote,True,318138,0.64,0.23954619124797408
fine,remote,orig,remote,True,318138,0.65,0.2393651479162168
fine,remote,orig,remote,True,318138,0.66,0.2392148403796376
fine,remote,orig,remote,True,318138,0.67,0.2391116860715826
fine,remote,orig,remote,True,318138,0.68,0.23887991383952611
fine,remote,orig,remote,True,318138,0.69,0.23857158223082714
fine,remote,orig,remote,True,318138,0.7,0.2383664696399785
fine,remote,orig,remote,True,318138,0.71,0.2382128665019869
fine,remote,orig,remote,True,318138,0.72,0.23800836999678077
fine,remote,orig,remote,True,318138,0.73,0.23785522788203753
fine,remote,orig,remote,True,318138,0.74,0.23760042849491161
fine,remote,orig,remote,True,318138,0.75,0.2373461744248261
fine,remote,orig,remote,True,318138,0.76,0.2372754491017964
fine,remote,orig,remote,True,318138,0.77,0.2372247166987385
fine,remote,orig,remote,True,318138,0.78,0.23720482957580938
fine,remote,orig,remote,True,318138,0.79,0.2369825010670081
fine,remote,orig,remote,True,318138,0.8,0.23688139931740615
fine,remote,syn,remote control,False,318138,0.5,0.24244084136722174
fine,remote,syn,remote control,False,318138,0.51,0.24283989904531988
fine,remote,syn,remote control,False,318138,0.52,0.2429968142370647
fine,remote,syn,remote control,False,318138,0.53,0.24315407456285054
fine,remote,syn,remote control,False,318138,0.54,0.24347538817310868
fine,remote,syn,remote control,False,318138,0.55,0.24390512961941532
fine,remote,syn,remote control,False,318138,0.56,0.24411797194300233
fine,remote,syn,remote control,False,318138,0.57,0.24446902654867256
fine,remote,syn,remote control,False,318138,0.58,0.24492962429347223
fine,remote,syn,remote control,False,318138,0.59,0.24503164205617853
fine,remote,syn,remote control,False,318138,0.6,0.2455749749526884
fine,remote,syn,remote control,False,318138,0.61,0.24617788193282
fine,remote,syn,remote control,False,318138,0.62,0.24636709143751398
fine,remote,syn,remote control,False,318138,0.63,0.24653088630259623
fine,remote,syn,remote control,False,318138,0.64,0.24691773145034746
fine,remote,syn,remote control,False,318138,0.65,0.24716578740599393
fine,remote,syn,remote control,False,318138,0.66,0.2475548060708263
fine,remote,syn,remote control,False,318138,0.67,0.24797297297297297
fine,remote,syn,remote control,False,318138,0.68,0.24825174825174826
fine,remote,syn,remote control,False,318138,0.69,0.24867246638797877
fine,remote,syn,remote control,False,318138,0.7,0.24920742753623187
fine,remote,syn,remote control,False,318138,0.71,0.24980138463284532
fine,remote,syn,remote control,False,318138,0.72,0.2502274795268426
fine,remote,syn,remote control,False,318138,0.73,0.25059801799749404
fine,remote,syn,remote control,False,318138,0.74,0.25097009815110705
fine,remote,syn,remote control,False,318138,0.75,0.25131609063859006
fine,remote,syn,remote control,False,318138,0.76,0.251892635925671
fine,remote,syn,remote control,False,318138,0.77,0.2521259480579177
fine,remote,syn,remote control,False,318138,0.78,0.2527371211248127
fine,remote,syn,remote control,False,318138,0.79,0.25314556158374696
fine,remote,syn,remote control,False,318138,0.8,0.253556969346443
fine,remote,syn,remote control,True,318138,0.5,0.24244084136722174
fine,remote,syn,remote control,True,318138,0.51,0.24283989904531988
fine,remote,syn,remote control,True,318138,0.52,0.2429968142370647
fine,remote,syn,remote control,True,318138,0.53,0.24315407456285054
fine,remote,syn,remote control,True,318138,0.54,0.24347538817310868
fine,remote,syn,remote control,True,318138,0.55,0.24390512961941532
fine,remote,syn,remote control,True,318138,0.56,0.24411797194300233
fine,remote,syn,remote control,True,318138,0.57,0.24446902654867256
fine,remote,syn,remote control,True,318138,0.58,0.24492962429347223
fine,remote,syn,remote control,True,318138,0.59,0.24503164205617853
fine,remote,syn,remote control,True,318138,0.6,0.2455749749526884
fine,remote,syn,remote control,True,318138,0.61,0.24617788193282
fine,remote,syn,remote control,True,318138,0.62,0.24636709143751398
fine,remote,syn,remote control,True,318138,0.63,0.24653088630259623
fine,remote,syn,remote control,True,318138,0.64,0.24691773145034746
fine,remote,syn,remote control,True,318138,0.65,0.24716578740599393
fine,remote,syn,remote control,True,318138,0.66,0.2475548060708263
fine,remote,syn,remote control,True,318138,0.67,0.24797297297297297
fine,remote,syn,remote control,True,318138,0.68,0.24825174825174826
fine,remote,syn,remote control,True,318138,0.69,0.24867246638797877
fine,remote,syn,remote control,True,318138,0.7,0.24920742753623187
fine,remote,syn,remote control,True,318138,0.71,0.24980138463284532
fine,remote,syn,remote control,True,318138,0.72,0.2502274795268426
fine,remote,syn,remote control,True,318138,0.73,0.25059801799749404
fine,remote,syn,remote control,True,318138,0.74,0.25097009815110705
fine,remote,syn,remote control,True,318138,0.75,0.25131609063859006
fine,remote,syn,remote control,True,318138,0.76,0.251892635925671
fine,remote,syn,remote control,True,318138,0.77,0.2521259480579177
fine,remote,syn,remote control,True,318138,0.78,0.2527371211248127
fine,remote,syn,remote control,True,318138,0.79,0.25314556158374696
fine,remote,syn,remote control,True,318138,0.8,0.253556969346443
fine,remote,hyper,device,False,318138,0.5,0.24322545255074055
fine,remote,hyper,device,False,318138,0.51,0.24282584884994524
fine,remote,hyper,device,False,318138,0.52,0.24237454903246966
fine,remote,hyper,device,False,318138,0.53,0.24195132598493943
fine,remote,hyper,device,False,318138,0.54,0.24166121648136035
fine,remote,hyper,device,False,318138,0.55,0.24137180185084375
fine,remote,hyper,device,False,318138,0.56,0.24110929853181076
fine,remote,hyper,device,False,318138,0.57,0.24092588567702675
fine,remote,hyper,device,False,318138,0.58,0.24055989583333334
fine,remote,hyper,device,False,318138,0.59,0.24035125758889853
fine,remote,hyper,device,False,318138,0.6,0.24025129982668977
fine,remote,hyper,device,False,318138,0.61,0.24001731414349095
fine,remote,hyper,device,False,318138,0.62,0.23986157672758732
fine,remote,hyper,device,False,318138,0.63,0.23965424095083737
fine,remote,hyper,device,False,318138,0.64,0.23949897419285174
fine,remote,hyper,device,False,318138,0.65,0.23942141623488775
fine,remote,hyper,device,False,318138,0.66,0.23926645091693635
fine,remote,hyper,device,False,318138,0.67,0.23926645091693635
fine,remote,hyper,device,False,318138,0.68,0.2390601422720414
fine,remote,hyper,device,False,318138,0.69,0.23908591139376953
fine,remote,hyper,device,False,318138,0.7,0.23898286822540674
fine,remote,hyper,device,False,318138,0.71,0.23887512121538626
fine,remote,hyper,device,False,318138,0.72,0.23887512121538626
fine,remote,hyper,device,False,318138,0.73,0.23890086206896552
fine,remote,hyper,device,False,318138,0.74,0.23882365614564258
fine,remote,hyper,device,False,318138,0.75,0.23890086206896552
fine,remote,hyper,device,False,318138,0.76,0.23895236042250484
fine,remote,hyper,device,False,318138,0.77,0.23895236042250484
fine,remote,hyper,device,False,318138,0.78,0.23905542376536554
fine,remote,hyper,device,False,318138,0.79,0.239106988783434
fine,remote,hyper,device,False,318138,0.8,0.23921018558480794
fine,remote,hyper,device,True,318138,0.5,0.24349258649093905
fine,remote,hyper,device,True,318138,0.51,0.2430921052631579
fine,remote,hyper,device,True,318138,0.52,0.24266637478108583
fine,remote,hyper,device,True,318138,0.53,0.24242755604155275
fine,remote,hyper,device,True,318138,0.54,0.24200414801877523
fine,remote,hyper,device,True,318138,0.55,0.2417402682368335
fine,remote,hyper,device,True,318138,0.56,0.24145066434328033
fine,remote,hyper,device,True,318138,0.57,0.24126673196212864
fine,remote,hyper,device,True,318138,0.58,0.241030658838878
fine,remote,hyper,device,True,318138,0.59,0.24071661237785016
fine,remote,hyper,device,True,318138,0.6,0.24045553145336226
fine,remote,hyper,device,True,318138,0.61,0.24029915456319098
fine,remote,hyper,device,True,318138,0.62,0.2400649702219816
fine,remote,hyper,device,True,318138,0.63,0.23996103474401992
fine,remote,hyper,device,True,318138,0.64,0.23977936404931863
fine,remote,hyper,device,True,318138,0.65,0.23949443664254078
fine,remote,hyper,device,True,318138,0.66,0.2394168466522678
fine,remote,hyper,device,True,318138,0.67,0.23933930692000432
fine,remote,hyper,device,True,318138,0.68,0.23933930692000432
fine,remote,hyper,device,True,318138,0.69,0.2391327796354223
fine,remote,hyper,device,True,318138,0.7,0.239106988783434
fine,remote,hyper,device,True,318138,0.71,0.23902964959568734
fine,remote,hyper,device,True,318138,0.72,0.23905542376536554
fine,remote,hyper,device,True,318138,0.73,0.23908120349401488
fine,remote,hyper,device,True,318138,0.74,0.23915857605177993
fine,remote,hyper,device,True,318138,0.75,0.23915857605177993
fine,remote,hyper,device,True,318138,0.76,0.2391327796354223
fine,remote,hyper,device,True,318138,0.77,0.23918437803430792
fine,remote,hyper,device,True,318138,0.78,0.23921018558480794
fine,remote,hyper,device,True,318138,0.79,0.23928764166216945
fine,remote,hyper,device,True,318138,0.8,0.2394168466522678
fine,remote,orig,remote,False,570782,0.5,0.0
fine,remote,orig,remote,False,570782,0.51,0.0
fine,remote,orig,remote,False,570782,0.52,0.0
fine,remote,orig,remote,False,570782,0.53,0.0
fine,remote,orig,remote,False,570782,0.54,0.0
fine,remote,orig,remote,False,570782,0.55,0.0
fine,remote,orig,remote,False,570782,0.56,0.0
fine,remote,orig,remote,False,570782,0.57,0.0
fine,remote,orig,remote,False,570782,0.58,0.0
fine,remote,orig,remote,False,570782,0.59,0.0
fine,remote,orig,remote,False,570782,0.6,0.0
fine,remote,orig,remote,False,570782,0.61,0.0
fine,remote,orig,remote,False,570782,0.62,0.0
fine,remote,orig,remote,False,570782,0.63,0.0
fine,remote,orig,remote,False,570782,0.64,0.0
fine,remote,orig,remote,False,570782,0.65,0.0
fine,remote,orig,remote,False,570782,0.66,0.0
fine,remote,orig,remote,False,570782,0.67,0.0
fine,remote,orig,remote,False,570782,0.68,0.0
fine,remote,orig,remote,False,570782,0.69,0.0
fine,remote,orig,remote,False,570782,0.7,0.0
fine,remote,orig,remote,False,570782,0.71,0.0
fine,remote,orig,remote,False,570782,0.72,0.0
fine,remote,orig,remote,False,570782,0.73,0.0
fine,remote,orig,remote,False,570782,0.74,0.0
fine,remote,orig,remote,False,570782,0.75,0.0
fine,remote,orig,remote,False,570782,0.76,0.0
fine,remote,orig,remote,False,570782,0.77,0.0
fine,remote,orig,remote,False,570782,0.78,0.0
fine,remote,orig,remote,False,570782,0.79,0.0
fine,remote,orig,remote,False,570782,0.8,0.0
fine,remote,orig,remote,True,570782,0.5,0.0
fine,remote,orig,remote,True,570782,0.51,0.0
fine,remote,orig,remote,True,570782,0.52,0.0
fine,remote,orig,remote,True,570782,0.53,0.0
fine,remote,orig,remote,True,570782,0.54,0.0
fine,remote,orig,remote,True,570782,0.55,0.0
fine,remote,orig,remote,True,570782,0.56,0.0
fine,remote,orig,remote,True,570782,0.57,0.0
fine,remote,orig,remote,True,570782,0.58,0.0
fine,remote,orig,remote,True,570782,0.59,0.0
fine,remote,orig,remote,True,570782,0.6,0.0
fine,remote,orig,remote,True,570782,0.61,0.0
fine,remote,orig,remote,True,570782,0.62,0.0
fine,remote,orig,remote,True,570782,0.63,0.0
fine,remote,orig,remote,True,570782,0.64,0.0
fine,remote,orig,remote,True,570782,0.65,0.0
fine,remote,orig,remote,True,570782,0.66,0.0
fine,remote,orig,remote,True,570782,0.67,0.0
fine,remote,orig,remote,True,570782,0.68,0.0
fine,remote,orig,remote,True,570782,0.69,0.0
fine,remote,orig,remote,True,570782,0.7,0.0
fine,remote,orig,remote,True,570782,0.71,0.0
fine,remote,orig,remote,True,570782,0.72,0.0
fine,remote,orig,remote,True,570782,0.73,0.0
fine,remote,orig,remote,True,570782,0.74,0.0
fine,remote,orig,remote,True,570782,0.75,0.0
fine,remote,orig,remote,True,570782,0.76,0.0
fine,remote,orig,remote,True,570782,0.77,0.0
fine,remote,orig,remote,True,570782,0.78,0.0
fine,remote,orig,remote,True,570782,0.79,0.0
fine,remote,orig,remote,True,570782,0.8,0.0
fine,remote,syn,remote control,False,570782,0.5,0.0
fine,remote,syn,remote control,False,570782,0.51,0.0
fine,remote,syn,remote control,False,570782,0.52,0.0
fine,remote,syn,remote control,False,570782,0.53,0.0
fine,remote,syn,remote control,False,570782,0.54,0.0
fine,remote,syn,remote control,False,570782,0.55,0.0
fine,remote,syn,remote control,False,570782,0.56,0.0
fine,remote,syn,remote control,False,570782,0.57,0.0
fine,remote,syn,remote control,False,570782,0.58,0.0
fine,remote,syn,remote control,False,570782,0.59,0.0
fine,remote,syn,remote control,False,570782,0.6,0.0
fine,remote,syn,remote control,False,570782,0.61,0.0
fine,remote,syn,remote control,False,570782,0.62,0.0
fine,remote,syn,remote control,False,570782,0.63,0.0
fine,remote,syn,remote control,False,570782,0.64,0.0
fine,remote,syn,remote control,False,570782,0.65,0.0
fine,remote,syn,remote control,False,570782,0.66,0.0
fine,remote,syn,remote control,False,570782,0.67,0.0
fine,remote,syn,remote control,False,570782,0.68,0.0
fine,remote,syn,remote control,False,570782,0.69,0.0
fine,remote,syn,remote control,False,570782,0.7,0.0
fine,remote,syn,remote control,False,570782,0.71,0.0
fine,remote,syn,remote control,False,570782,0.72,0.0
fine,remote,syn,remote control,False,570782,0.73,0.0
fine,remote,syn,remote control,False,570782,0.74,0.0
fine,remote,syn,remote control,False,570782,0.75,0.0
fine,remote,syn,remote control,False,570782,0.76,0.0
fine,remote,syn,remote control,False,570782,0.77,0.0
fine,remote,syn,remote control,False,570782,0.78,0.0
fine,remote,syn,remote control,False,570782,0.79,0.0
fine,remote,syn,remote control,False,570782,0.8,0.0
fine,remote,syn,remote control,True,570782,0.5,0.0
fine,remote,syn,remote control,True,570782,0.51,0.0
fine,remote,syn,remote control,True,570782,0.52,0.0
fine,remote,syn,remote control,True,570782,0.53,0.0
fine,remote,syn,remote control,True,570782,0.54,0.0
fine,remote,syn,remote control,True,570782,0.55,0.0
fine,remote,syn,remote control,True,570782,0.56,0.0
fine,remote,syn,remote control,True,570782,0.57,0.0
fine,remote,syn,remote control,True,570782,0.58,0.0
fine,remote,syn,remote control,True,570782,0.59,0.0
fine,remote,syn,remote control,True,570782,0.6,0.0
fine,remote,syn,remote control,True,570782,0.61,0.0
fine,remote,syn,remote control,True,570782,0.62,0.0
fine,remote,syn,remote control,True,570782,0.63,0.0
fine,remote,syn,remote control,True,570782,0.64,0.0
fine,remote,syn,remote control,True,570782,0.65,0.0
fine,remote,syn,remote control,True,570782,0.66,0.0
fine,remote,syn,remote control,True,570782,0.67,0.0
fine,remote,syn,remote control,True,570782,0.68,0.0
fine,remote,syn,remote control,True,570782,0.69,0.0
fine,remote,syn,remote control,True,570782,0.7,0.0
fine,remote,syn,remote control,True,570782,0.71,0.0
fine,remote,syn,remote control,True,570782,0.72,0.0
fine,remote,syn,remote control,True,570782,0.73,0.0
fine,remote,syn,remote control,True,570782,0.74,0.0
fine,remote,syn,remote control,True,570782,0.75,0.0
fine,remote,syn,remote control,True,570782,0.76,0.0
fine,remote,syn,remote control,True,570782,0.77,0.0
fine,remote,syn,remote control,True,570782,0.78,0.0
fine,remote,syn,remote control,True,570782,0.79,0.0
fine,remote,syn,remote control,True,570782,0.8,0.0
fine,remote,hyper,device,False,570782,0.5,0.0
fine,remote,hyper,device,False,570782,0.51,0.0
fine,remote,hyper,device,False,570782,0.52,0.0
fine,remote,hyper,device,False,570782,0.53,0.0
fine,remote,hyper,device,False,570782,0.54,0.0
fine,remote,hyper,device,False,570782,0.55,0.0
fine,remote,hyper,device,False,570782,0.56,0.0
fine,remote,hyper,device,False,570782,0.57,0.0
fine,remote,hyper,device,False,570782,0.58,0.0
fine,remote,hyper,device,False,570782,0.59,0.0
fine,remote,hyper,device,False,570782,0.6,0.0
fine,remote,hyper,device,False,570782,0.61,0.0
fine,remote,hyper,device,False,570782,0.62,0.0
fine,remote,hyper,device,False,570782,0.63,0.0
fine,remote,hyper,device,False,570782,0.64,0.0
fine,remote,hyper,device,False,570782,0.65,0.0
fine,remote,hyper,device,False,570782,0.66,0.0
fine,remote,hyper,device,False,570782,0.67,0.0
fine,remote,hyper,device,False,570782,0.68,0.0
fine,remote,hyper,device,False,570782,0.69,0.0
fine,remote,hyper,device,False,570782,0.7,0.0
fine,remote,hyper,device,False,570782,0.71,0.0
fine,remote,hyper,device,False,570782,0.72,0.0
fine,remote,hyper,device,False,570782,0.73,0.0
fine,remote,hyper,device,False,570782,0.74,0.0
fine,remote,hyper,device,False,570782,0.75,0.0
fine,remote,hyper,device,False,570782,0.76,0.0
fine,remote,hyper,device,False,570782,0.77,0.0
fine,remote,hyper,device,False,570782,0.78,0.0
fine,remote,hyper,device,False,570782,0.79,0.0
fine,remote,hyper,device,False,570782,0.8,0.0
fine,remote,hyper,device,True,570782,0.5,0.0
fine,remote,hyper,device,True,570782,0.51,0.0
fine,remote,hyper,device,True,570782,0.52,0.0
fine,remote,hyper,device,True,570782,0.53,0.0
fine,remote,hyper,device,True,570782,0.54,0.0
fine,remote,hyper,device,True,570782,0.55,0.0
fine,remote,hyper,device,True,570782,0.56,0.0
fine,remote,hyper,device,True,570782,0.57,0.0
fine,remote,hyper,device,True,570782,0.58,0.0
fine,remote,hyper,device,True,570782,0.59,0.0
fine,remote,hyper,device,True,570782,0.6,0.0
fine,remote,hyper,device,True,570782,0.61,0.0
fine,remote,hyper,device,True,570782,0.62,0.0
fine,remote,hyper,device,True,570782,0.63,0.0
fine,remote,hyper,device,True,570782,0.64,0.0
fine,remote,hyper,device,True,570782,0.65,0.0
fine,remote,hyper,device,True,570782,0.66,0.0
fine,remote,hyper,device,True,570782,0.67,0.0
fine,remote,hyper,device,True,570782,0.68,0.0
fine,remote,hyper,device,True,570782,0.69,0.0
fine,remote,hyper,device,True,570782,0.7,0.0
fine,remote,hyper,device,True,570782,0.71,0.0
fine,remote,hyper,device,True,570782,0.72,0.0
fine,remote,hyper,device,True,570782,0.73,0.0
fine,remote,hyper,device,True,570782,0.74,0.0
fine,remote,hyper,device,True,570782,0.75,0.0
fine,remote,hyper,device,True,570782,0.76,0.0
fine,remote,hyper,device,True,570782,0.77,0.0
fine,remote,hyper,device,True,570782,0.78,0.0
fine,remote,hyper,device,True,570782,0.79,0.0
fine,remote,hyper,device,True,570782,0.8,0.0
fine,remote,orig,remote,False,107339,0.5,0.0
fine,remote,orig,remote,False,107339,0.51,0.0
fine,remote,orig,remote,False,107339,0.52,0.0
fine,remote,orig,remote,False,107339,0.53,0.0
fine,remote,orig,remote,False,107339,0.54,0.0
fine,remote,orig,remote,False,107339,0.55,0.0
fine,remote,orig,remote,False,107339,0.56,0.0
fine,remote,orig,remote,False,107339,0.57,0.0
fine,remote,orig,remote,False,107339,0.58,0.0
fine,remote,orig,remote,False,107339,0.59,0.0
fine,remote,orig,remote,False,107339,0.6,0.0
fine,remote,orig,remote,False,107339,0.61,0.0
fine,remote,orig,remote,False,107339,0.62,0.0
fine,remote,orig,remote,False,107339,0.63,0.0
fine,remote,orig,remote,False,107339,0.64,0.0
fine,remote,orig,remote,False,107339,0.65,0.0
fine,remote,orig,remote,False,107339,0.66,0.0
fine,remote,orig,remote,False,107339,0.67,0.0
fine,remote,orig,remote,False,107339,0.68,0.0
fine,remote,orig,remote,False,107339,0.69,0.0
fine,remote,orig,remote,False,107339,0.7,0.0
fine,remote,orig,remote,False,107339,0.71,0.0
fine,remote,orig,remote,False,107339,0.72,0.0
fine,remote,orig,remote,False,107339,0.73,0.0
fine,remote,orig,remote,False,107339,0.74,0.0
fine,remote,orig,remote,False,107339,0.75,0.0
fine,remote,orig,remote,False,107339,0.76,0.0
fine,remote,orig,remote,False,107339,0.77,0.0
fine,remote,orig,remote,False,107339,0.78,0.0
fine,remote,orig,remote,False,107339,0.79,0.0
fine,remote,orig,remote,False,107339,0.8,0.0
fine,remote,orig,remote,True,107339,0.5,0.0
fine,remote,orig,remote,True,107339,0.51,0.0
fine,remote,orig,remote,True,107339,0.52,0.0
fine,remote,orig,remote,True,107339,0.53,0.0
fine,remote,orig,remote,True,107339,0.54,0.0
fine,remote,orig,remote,True,107339,0.55,0.0
fine,remote,orig,remote,True,107339,0.56,0.0
fine,remote,orig,remote,True,107339,0.57,0.0
fine,remote,orig,remote,True,107339,0.58,0.0
fine,remote,orig,remote,True,107339,0.59,0.0
fine,remote,orig,remote,True,107339,0.6,0.0
fine,remote,orig,remote,True,107339,0.61,0.0
fine,remote,orig,remote,True,107339,0.62,0.0
fine,remote,orig,remote,True,107339,0.63,0.0
fine,remote,orig,remote,True,107339,0.64,0.0
fine,remote,orig,remote,True,107339,0.65,0.0
fine,remote,orig,remote,True,107339,0.66,0.0
fine,remote,orig,remote,True,107339,0.67,0.0
fine,remote,orig,remote,True,107339,0.68,0.0
fine,remote,orig,remote,True,107339,0.69,0.0
fine,remote,orig,remote,True,107339,0.7,0.0
fine,remote,orig,remote,True,107339,0.71,0.0
fine,remote,orig,remote,True,107339,0.72,0.0
fine,remote,orig,remote,True,107339,0.73,0.0
fine,remote,orig,remote,True,107339,0.74,0.0
fine,remote,orig,remote,True,107339,0.75,0.0
fine,remote,orig,remote,True,107339,0.76,0.0
fine,remote,orig,remote,True,107339,0.77,0.0
fine,remote,orig,remote,True,107339,0.78,0.0
fine,remote,orig,remote,True,107339,0.79,0.0
fine,remote,orig,remote,True,107339,0.8,0.0
fine,remote,syn,remote control,False,107339,0.5,0.0
fine,remote,syn,remote control,False,107339,0.51,0.0
fine,remote,syn,remote control,False,107339,0.52,0.0
fine,remote,syn,remote control,False,107339,0.53,0.0
fine,remote,syn,remote control,False,107339,0.54,0.0
fine,remote,syn,remote control,False,107339,0.55,0.0
fine,remote,syn,remote control,False,107339,0.56,0.0
fine,remote,syn,remote control,False,107339,0.57,0.0
fine,remote,syn,remote control,False,107339,0.58,0.0
fine,remote,syn,remote control,False,107339,0.59,0.0
fine,remote,syn,remote control,False,107339,0.6,0.0
fine,remote,syn,remote control,False,107339,0.61,0.0
fine,remote,syn,remote control,False,107339,0.62,0.0
fine,remote,syn,remote control,False,107339,0.63,0.0
fine,remote,syn,remote control,False,107339,0.64,0.0
fine,remote,syn,remote control,False,107339,0.65,0.0
fine,remote,syn,remote control,False,107339,0.66,0.0
fine,remote,syn,remote control,False,107339,0.67,0.0
fine,remote,syn,remote control,False,107339,0.68,0.0
fine,remote,syn,remote control,False,107339,0.69,0.0
fine,remote,syn,remote control,False,107339,0.7,0.0
fine,remote,syn,remote control,False,107339,0.71,0.0
fine,remote,syn,remote control,False,107339,0.72,0.0
fine,remote,syn,remote control,False,107339,0.73,0.0
fine,remote,syn,remote control,False,107339,0.74,0.0
fine,remote,syn,remote control,False,107339,0.75,0.0
fine,remote,syn,remote control,False,107339,0.76,0.0
fine,remote,syn,remote control,False,107339,0.77,0.0
fine,remote,syn,remote control,False,107339,0.78,0.0
fine,remote,syn,remote control,False,107339,0.79,0.0
fine,remote,syn,remote control,False,107339,0.8,0.0
fine,remote,syn,remote control,True,107339,0.5,0.0
fine,remote,syn,remote control,True,107339,0.51,0.0
fine,remote,syn,remote control,True,107339,0.52,0.0
fine,remote,syn,remote control,True,107339,0.53,0.0
fine,remote,syn,remote control,True,107339,0.54,0.0
fine,remote,syn,remote control,True,107339,0.55,0.0
fine,remote,syn,remote control,True,107339,0.56,0.0
fine,remote,syn,remote control,True,107339,0.57,0.0
fine,remote,syn,remote control,True,107339,0.58,0.0
fine,remote,syn,remote control,True,107339,0.59,0.0
fine,remote,syn,remote control,True,107339,0.6,0.0
fine,remote,syn,remote control,True,107339,0.61,0.0
fine,remote,syn,remote control,True,107339,0.62,0.0
fine,remote,syn,remote control,True,107339,0.63,0.0
fine,remote,syn,remote control,True,107339,0.64,0.0
fine,remote,syn,remote control,True,107339,0.65,0.0
fine,remote,syn,remote control,True,107339,0.66,0.0
fine,remote,syn,remote control,True,107339,0.67,0.0
fine,remote,syn,remote control,True,107339,0.68,0.0
fine,remote,syn,remote control,True,107339,0.69,0.0
fine,remote,syn,remote control,True,107339,0.7,0.0
fine,remote,syn,remote control,True,107339,0.71,0.0
fine,remote,syn,remote control,True,107339,0.72,0.0
fine,remote,syn,remote control,True,107339,0.73,0.0
fine,remote,syn,remote control,True,107339,0.74,0.0
fine,remote,syn,remote control,True,107339,0.75,0.0
fine,remote,syn,remote control,True,107339,0.76,0.0
fine,remote,syn,remote control,True,107339,0.77,0.0
fine,remote,syn,remote control,True,107339,0.78,0.0
fine,remote,syn,remote control,True,107339,0.79,0.0
fine,remote,syn,remote control,True,107339,0.8,0.0
fine,remote,hyper,device,False,107339,0.5,0.0
fine,remote,hyper,device,False,107339,0.51,0.0
fine,remote,hyper,device,False,107339,0.52,0.0
fine,remote,hyper,device,False,107339,0.53,0.0
fine,remote,hyper,device,False,107339,0.54,0.0
fine,remote,hyper,device,False,107339,0.55,0.0
fine,remote,hyper,device,False,107339,0.56,0.0
fine,remote,hyper,device,False,107339,0.57,0.0
fine,remote,hyper,device,False,107339,0.58,0.0
fine,remote,hyper,device,False,107339,0.59,0.0
fine,remote,hyper,device,False,107339,0.6,0.0
fine,remote,hyper,device,False,107339,0.61,0.0
fine,remote,hyper,device,False,107339,0.62,0.0
fine,remote,hyper,device,False,107339,0.63,0.0
fine,remote,hyper,device,False,107339,0.64,0.0
fine,remote,hyper,device,False,107339,0.65,0.0
fine,remote,hyper,device,False,107339,0.66,0.0
fine,remote,hyper,device,False,107339,0.67,0.0
fine,remote,hyper,device,False,107339,0.68,0.0
fine,remote,hyper,device,False,107339,0.69,0.0
fine,remote,hyper,device,False,107339,0.7,0.0
fine,remote,hyper,device,False,107339,0.71,0.0
fine,remote,hyper,device,False,107339,0.72,0.0
fine,remote,hyper,device,False,107339,0.73,0.0
fine,remote,hyper,device,False,107339,0.74,0.0
fine,remote,hyper,device,False,107339,0.75,0.0
fine,remote,hyper,device,False,107339,0.76,0.0
fine,remote,hyper,device,False,107339,0.77,0.0
fine,remote,hyper,device,False,107339,0.78,0.0
fine,remote,hyper,device,False,107339,0.79,0.0
fine,remote,hyper,device,False,107339,0.8,0.0
fine,remote,hyper,device,True,107339,0.5,0.0
fine,remote,hyper,device,True,107339,0.51,0.0
fine,remote,hyper,device,True,107339,0.52,0.0
fine,remote,hyper,device,True,107339,0.53,0.0
fine,remote,hyper,device,True,107339,0.54,0.0
fine,remote,hyper,device,True,107339,0.55,0.0
fine,remote,hyper,device,True,107339,0.56,0.0
fine,remote,hyper,device,True,107339,0.57,0.0
fine,remote,hyper,device,True,107339,0.58,0.0
fine,remote,hyper,device,True,107339,0.59,0.0
fine,remote,hyper,device,True,107339,0.6,0.0
fine,remote,hyper,device,True,107339,0.61,0.0
fine,remote,hyper,device,True,107339,0.62,0.0
fine,remote,hyper,device,True,107339,0.63,0.0
fine,remote,hyper,device,True,107339,0.64,0.0
fine,remote,hyper,device,True,107339,0.65,0.0
fine,remote,hyper,device,True,107339,0.66,0.0
fine,remote,hyper,device,True,107339,0.67,0.0
fine,remote,hyper,device,True,107339,0.68,0.0
fine,remote,hyper,device,True,107339,0.69,0.0
fine,remote,hyper,device,True,107339,0.7,0.0
fine,remote,hyper,device,True,107339,0.71,0.0
fine,remote,hyper,device,True,107339,0.72,0.0
fine,remote,hyper,device,True,107339,0.73,0.0
fine,remote,hyper,device,True,107339,0.74,0.0
fine,remote,hyper,device,True,107339,0.75,0.0
fine,remote,hyper,device,True,107339,0.76,0.0
fine,remote,hyper,device,True,107339,0.77,0.0
fine,remote,hyper,device,True,107339,0.78,0.0
fine,remote,hyper,device,True,107339,0.79,0.0
fine,remote,hyper,device,True,107339,0.8,0.0
fine,remote,orig,remote,False,75612,0.5,0.0
fine,remote,orig,remote,False,75612,0.51,0.0
fine,remote,orig,remote,False,75612,0.52,0.0
fine,remote,orig,remote,False,75612,0.53,0.0
fine,remote,orig,remote,False,75612,0.54,0.0
fine,remote,orig,remote,False,75612,0.55,0.0
fine,remote,orig,remote,False,75612,0.56,0.0
fine,remote,orig,remote,False,75612,0.57,0.0
fine,remote,orig,remote,False,75612,0.58,0.0
fine,remote,orig,remote,False,75612,0.59,0.0
fine,remote,orig,remote,False,75612,0.6,0.0
fine,remote,orig,remote,False,75612,0.61,0.0
fine,remote,orig,remote,False,75612,0.62,0.0
fine,remote,orig,remote,False,75612,0.63,0.0
fine,remote,orig,remote,False,75612,0.64,0.0
fine,remote,orig,remote,False,75612,0.65,0.0
fine,remote,orig,remote,False,75612,0.66,0.0
fine,remote,orig,remote,False,75612,0.67,0.0
fine,remote,orig,remote,False,75612,0.68,0.0
fine,remote,orig,remote,False,75612,0.69,0.0
fine,remote,orig,remote,False,75612,0.7,0.0
fine,remote,orig,remote,False,75612,0.71,0.0
fine,remote,orig,remote,False,75612,0.72,0.0
fine,remote,orig,remote,False,75612,0.73,0.0
fine,remote,orig,remote,False,75612,0.74,0.0
fine,remote,orig,remote,False,75612,0.75,0.0
fine,remote,orig,remote,False,75612,0.76,0.0
fine,remote,orig,remote,False,75612,0.77,0.0
fine,remote,orig,remote,False,75612,0.78,0.0
fine,remote,orig,remote,False,75612,0.79,0.0
fine,remote,orig,remote,False,75612,0.8,0.0
fine,remote,orig,remote,True,75612,0.5,0.0
fine,remote,orig,remote,True,75612,0.51,0.0
fine,remote,orig,remote,True,75612,0.52,0.0
fine,remote,orig,remote,True,75612,0.53,0.0
fine,remote,orig,remote,True,75612,0.54,0.0
fine,remote,orig,remote,True,75612,0.55,0.0
fine,remote,orig,remote,True,75612,0.56,0.0
fine,remote,orig,remote,True,75612,0.57,0.0
fine,remote,orig,remote,True,75612,0.58,0.0
fine,remote,orig,remote,True,75612,0.59,0.0
fine,remote,orig,remote,True,75612,0.6,0.0
fine,remote,orig,remote,True,75612,0.61,0.0
fine,remote,orig,remote,True,75612,0.62,0.0
fine,remote,orig,remote,True,75612,0.63,0.0
fine,remote,orig,remote,True,75612,0.64,0.0
fine,remote,orig,remote,True,75612,0.65,0.0
fine,remote,orig,remote,True,75612,0.66,0.0
fine,remote,orig,remote,True,75612,0.67,0.0
fine,remote,orig,remote,True,75612,0.68,0.0
fine,remote,orig,remote,True,75612,0.69,0.0
fine,remote,orig,remote,True,75612,0.7,0.0
fine,remote,orig,remote,True,75612,0.71,0.0
fine,remote,orig,remote,True,75612,0.72,0.0
fine,remote,orig,remote,True,75612,0.73,0.0
fine,remote,orig,remote,True,75612,0.74,0.0
fine,remote,orig,remote,True,75612,0.75,0.0
fine,remote,orig,remote,True,75612,0.76,0.0
fine,remote,orig,remote,True,75612,0.77,0.0
fine,remote,orig,remote,True,75612,0.78,0.0
fine,remote,orig,remote,True,75612,0.79,0.0
fine,remote,orig,remote,True,75612,0.8,0.0
fine,remote,syn,remote control,False,75612,0.5,0.0
fine,remote,syn,remote control,False,75612,0.51,0.0
fine,remote,syn,remote control,False,75612,0.52,0.0
fine,remote,syn,remote control,False,75612,0.53,0.0
fine,remote,syn,remote control,False,75612,0.54,0.0
fine,remote,syn,remote control,False,75612,0.55,0.0
fine,remote,syn,remote control,False,75612,0.56,0.0
fine,remote,syn,remote control,False,75612,0.57,0.0
fine,remote,syn,remote control,False,75612,0.58,0.0
fine,remote,syn,remote control,False,75612,0.59,0.0
fine,remote,syn,remote control,False,75612,0.6,0.0
fine,remote,syn,remote control,False,75612,0.61,0.0
fine,remote,syn,remote control,False,75612,0.62,0.0
fine,remote,syn,remote control,False,75612,0.63,0.0
fine,remote,syn,remote control,False,75612,0.64,0.0
fine,remote,syn,remote control,False,75612,0.65,0.0
fine,remote,syn,remote control,False,75612,0.66,0.0
fine,remote,syn,remote control,False,75612,0.67,0.0
fine,remote,syn,remote control,False,75612,0.68,0.0
fine,remote,syn,remote control,False,75612,0.69,0.0
fine,remote,syn,remote control,False,75612,0.7,0.0
fine,remote,syn,remote control,False,75612,0.71,0.0
fine,remote,syn,remote control,False,75612,0.72,0.0
fine,remote,syn,remote control,False,75612,0.73,0.0
fine,remote,syn,remote control,False,75612,0.74,0.0
fine,remote,syn,remote control,False,75612,0.75,0.0
fine,remote,syn,remote control,False,75612,0.76,0.0
fine,remote,syn,remote control,False,75612,0.77,0.0
fine,remote,syn,remote control,False,75612,0.78,0.0
fine,remote,syn,remote control,False,75612,0.79,0.0
fine,remote,syn,remote control,False,75612,0.8,0.0
fine,remote,syn,remote control,True,75612,0.5,0.0
fine,remote,syn,remote control,True,75612,0.51,0.0
fine,remote,syn,remote control,True,75612,0.52,0.0
fine,remote,syn,remote control,True,75612,0.53,0.0
fine,remote,syn,remote control,True,75612,0.54,0.0
fine,remote,syn,remote control,True,75612,0.55,0.0
fine,remote,syn,remote control,True,75612,0.56,0.0
fine,remote,syn,remote control,True,75612,0.57,0.0
fine,remote,syn,remote control,True,75612,0.58,0.0
fine,remote,syn,remote control,True,75612,0.59,0.0
fine,remote,syn,remote control,True,75612,0.6,0.0
fine,remote,syn,remote control,True,75612,0.61,0.0
fine,remote,syn,remote control,True,75612,0.62,0.0
fine,remote,syn,remote control,True,75612,0.63,0.0
fine,remote,syn,remote control,True,75612,0.64,0.0
fine,remote,syn,remote control,True,75612,0.65,0.0
fine,remote,syn,remote control,True,75612,0.66,0.0
fine,remote,syn,remote control,True,75612,0.67,0.0
fine,remote,syn,remote control,True,75612,0.68,0.0
fine,remote,syn,remote control,True,75612,0.69,0.0
fine,remote,syn,remote control,True,75612,0.7,0.0
fine,remote,syn,remote control,True,75612,0.71,0.0
fine,remote,syn,remote control,True,75612,0.72,0.0
fine,remote,syn,remote control,True,75612,0.73,0.0
fine,remote,syn,remote control,True,75612,0.74,0.0
fine,remote,syn,remote control,True,75612,0.75,0.0
fine,remote,syn,remote control,True,75612,0.76,0.0
fine,remote,syn,remote control,True,75612,0.77,0.0
fine,remote,syn,remote control,True,75612,0.78,0.0
fine,remote,syn,remote control,True,75612,0.79,0.0
fine,remote,syn,remote control,True,75612,0.8,0.0
fine,remote,hyper,device,False,75612,0.5,0.0
fine,remote,hyper,device,False,75612,0.51,0.0
fine,remote,hyper,device,False,75612,0.52,0.0
fine,remote,hyper,device,False,75612,0.53,0.0
fine,remote,hyper,device,False,75612,0.54,0.0
fine,remote,hyper,device,False,75612,0.55,0.0
fine,remote,hyper,device,False,75612,0.56,0.0
fine,remote,hyper,device,False,75612,0.57,0.0
fine,remote,hyper,device,False,75612,0.58,0.0
fine,remote,hyper,device,False,75612,0.59,0.0
fine,remote,hyper,device,False,75612,0.6,0.0
fine,remote,hyper,device,False,75612,0.61,0.0
fine,remote,hyper,device,False,75612,0.62,0.0
fine,remote,hyper,device,False,75612,0.63,0.0
fine,remote,hyper,device,False,75612,0.64,0.0
fine,remote,hyper,device,False,75612,0.65,0.0
fine,remote,hyper,device,False,75612,0.66,0.0
fine,remote,hyper,device,False,75612,0.67,0.0
fine,remote,hyper,device,False,75612,0.68,0.0
fine,remote,hyper,device,False,75612,0.69,0.0
fine,remote,hyper,device,False,75612,0.7,0.0
fine,remote,hyper,device,False,75612,0.71,0.0
fine,remote,hyper,device,False,75612,0.72,0.0
fine,remote,hyper,device,False,75612,0.73,0.0
fine,remote,hyper,device,False,75612,0.74,0.0
fine,remote,hyper,device,False,75612,0.75,0.0
fine,remote,hyper,device,False,75612,0.76,0.0
fine,remote,hyper,device,False,75612,0.77,0.0
fine,remote,hyper,device,False,75612,0.78,0.0
fine,remote,hyper,device,False,75612,0.79,0.0
fine,remote,hyper,device,False,75612,0.8,0.0
fine,remote,hyper,device,True,75612,0.5,0.0
fine,remote,hyper,device,True,75612,0.51,0.0
fine,remote,hyper,device,True,75612,0.52,0.0
fine,remote,hyper,device,True,75612,0.53,0.0
fine,remote,hyper,device,True,75612,0.54,0.0
fine,remote,hyper,device,True,75612,0.55,0.0
fine,remote,hyper,device,True,75612,0.56,0.0
fine,remote,hyper,device,True,75612,0.57,0.0
fine,remote,hyper,device,True,75612,0.58,0.0
fine,remote,hyper,device,True,75612,0.59,0.0
fine,remote,hyper,device,True,75612,0.6,0.0
fine,remote,hyper,device,True,75612,0.61,0.0
fine,remote,hyper,device,True,75612,0.62,0.0
fine,remote,hyper,device,True,75612,0.63,0.0
fine,remote,hyper,device,True,75612,0.64,0.0
fine,remote,hyper,device,True,75612,0.65,0.0
fine,remote,hyper,device,True,75612,0.66,0.0
fine,remote,hyper,device,True,75612,0.67,0.0
fine,remote,hyper,device,True,75612,0.68,0.0
fine,remote,hyper,device,True,75612,0.69,0.0
fine,remote,hyper,device,True,75612,0.7,0.0
fine,remote,hyper,device,True,75612,0.71,0.0
fine,remote,hyper,device,True,75612,0.72,0.0
fine,remote,hyper,device,True,75612,0.73,0.0
fine,remote,hyper,device,True,75612,0.74,0.0
fine,remote,hyper,device,True,75612,0.75,0.0
fine,remote,hyper,device,True,75612,0.76,0.0
fine,remote,hyper,device,True,75612,0.77,0.0
fine,remote,hyper,device,True,75612,0.78,0.0
fine,remote,hyper,device,True,75612,0.79,0.0
fine,remote,hyper,device,True,75612,0.8,0.0
fine,remote,orig,remote,False,171757,0.5,0.0
fine,remote,orig,remote,False,171757,0.51,0.0
fine,remote,orig,remote,False,171757,0.52,0.0
fine,remote,orig,remote,False,171757,0.53,0.0
fine,remote,orig,remote,False,171757,0.54,0.0
fine,remote,orig,remote,False,171757,0.55,0.0
fine,remote,orig,remote,False,171757,0.56,0.0
fine,remote,orig,remote,False,171757,0.57,0.0
fine,remote,orig,remote,False,171757,0.58,0.0
fine,remote,orig,remote,False,171757,0.59,0.0
fine,remote,orig,remote,False,171757,0.6,0.0
fine,remote,orig,remote,False,171757,0.61,0.0
fine,remote,orig,remote,False,171757,0.62,0.0
fine,remote,orig,remote,False,171757,0.63,0.0
fine,remote,orig,remote,False,171757,0.64,0.0
fine,remote,orig,remote,False,171757,0.65,0.0
fine,remote,orig,remote,False,171757,0.66,0.0
fine,remote,orig,remote,False,171757,0.67,0.0
fine,remote,orig,remote,False,171757,0.68,0.0
fine,remote,orig,remote,False,171757,0.69,0.0
fine,remote,orig,remote,False,171757,0.7,0.0
fine,remote,orig,remote,False,171757,0.71,0.0
fine,remote,orig,remote,False,171757,0.72,0.0
fine,remote,orig,remote,False,171757,0.73,0.0
fine,remote,orig,remote,False,171757,0.74,0.0
fine,remote,orig,remote,False,171757,0.75,0.0
fine,remote,orig,remote,False,171757,0.76,0.0
fine,remote,orig,remote,False,171757,0.77,0.0
fine,remote,orig,remote,False,171757,0.78,0.0
fine,remote,orig,remote,False,171757,0.79,0.0
fine,remote,orig,remote,False,171757,0.8,0.0
fine,remote,orig,remote,True,171757,0.5,0.0
fine,remote,orig,remote,True,171757,0.51,0.0
fine,remote,orig,remote,True,171757,0.52,0.0
fine,remote,orig,remote,True,171757,0.53,0.0
fine,remote,orig,remote,True,171757,0.54,0.0
fine,remote,orig,remote,True,171757,0.55,0.0
fine,remote,orig,remote,True,171757,0.56,0.0
fine,remote,orig,remote,True,171757,0.57,0.0
fine,remote,orig,remote,True,171757,0.58,0.0
fine,remote,orig,remote,True,171757,0.59,0.0
fine,remote,orig,remote,True,171757,0.6,0.0
fine,remote,orig,remote,True,171757,0.61,0.0
fine,remote,orig,remote,True,171757,0.62,0.0
fine,remote,orig,remote,True,171757,0.63,0.0
fine,remote,orig,remote,True,171757,0.64,0.0
fine,remote,orig,remote,True,171757,0.65,0.0
fine,remote,orig,remote,True,171757,0.66,0.0
fine,remote,orig,remote,True,171757,0.67,0.0
fine,remote,orig,remote,True,171757,0.68,0.0
fine,remote,orig,remote,True,171757,0.69,0.0
fine,remote,orig,remote,True,171757,0.7,0.0
fine,remote,orig,remote,True,171757,0.71,0.0
fine,remote,orig,remote,True,171757,0.72,0.0
fine,remote,orig,remote,True,171757,0.73,0.0
fine,remote,orig,remote,True,171757,0.74,0.0
fine,remote,orig,remote,True,171757,0.75,0.0
fine,remote,orig,remote,True,171757,0.76,0.0
fine,remote,orig,remote,True,171757,0.77,0.0
fine,remote,orig,remote,True,171757,0.78,0.0
fine,remote,orig,remote,True,171757,0.79,0.0
fine,remote,orig,remote,True,171757,0.8,0.0
fine,remote,syn,remote control,False,171757,0.5,0.0
fine,remote,syn,remote control,False,171757,0.51,0.0
fine,remote,syn,remote control,False,171757,0.52,0.0
fine,remote,syn,remote control,False,171757,0.53,0.0
fine,remote,syn,remote control,False,171757,0.54,0.0
fine,remote,syn,remote control,False,171757,0.55,0.0
fine,remote,syn,remote control,False,171757,0.56,0.0
fine,remote,syn,remote control,False,171757,0.57,0.0
fine,remote,syn,remote control,False,171757,0.58,0.0
fine,remote,syn,remote control,False,171757,0.59,0.0
fine,remote,syn,remote control,False,171757,0.6,0.0
fine,remote,syn,remote control,False,171757,0.61,0.0
fine,remote,syn,remote control,False,171757,0.62,0.0
fine,remote,syn,remote control,False,171757,0.63,0.0
fine,remote,syn,remote control,False,171757,0.64,0.0
fine,remote,syn,remote control,False,171757,0.65,0.0
fine,remote,syn,remote control,False,171757,0.66,0.0
fine,remote,syn,remote control,False,171757,0.67,0.0
fine,remote,syn,remote control,False,171757,0.68,0.0
fine,remote,syn,remote control,False,171757,0.69,0.0
fine,remote,syn,remote control,False,171757,0.7,0.0
fine,remote,syn,remote control,False,171757,0.71,0.0
fine,remote,syn,remote control,False,171757,0.72,0.0
fine,remote,syn,remote control,False,171757,0.73,0.0
fine,remote,syn,remote control,False,171757,0.74,0.0
fine,remote,syn,remote control,False,171757,0.75,0.0
fine,remote,syn,remote control,False,171757,0.76,0.0
fine,remote,syn,remote control,False,171757,0.77,0.0
fine,remote,syn,remote control,False,171757,0.78,0.0
fine,remote,syn,remote control,False,171757,0.79,0.0
fine,remote,syn,remote control,False,171757,0.8,0.0
fine,remote,syn,remote control,True,171757,0.5,0.0
fine,remote,syn,remote control,True,171757,0.51,0.0
fine,remote,syn,remote control,True,171757,0.52,0.0
fine,remote,syn,remote control,True,171757,0.53,0.0
fine,remote,syn,remote control,True,171757,0.54,0.0
fine,remote,syn,remote control,True,171757,0.55,0.0
fine,remote,syn,remote control,True,171757,0.56,0.0
fine,remote,syn,remote control,True,171757,0.57,0.0
fine,remote,syn,remote control,True,171757,0.58,0.0
fine,remote,syn,remote control,True,171757,0.59,0.0
fine,remote,syn,remote control,True,171757,0.6,0.0
fine,remote,syn,remote control,True,171757,0.61,0.0
fine,remote,syn,remote control,True,171757,0.62,0.0
fine,remote,syn,remote control,True,171757,0.63,0.0
fine,remote,syn,remote control,True,171757,0.64,0.0
fine,remote,syn,remote control,True,171757,0.65,0.0
fine,remote,syn,remote control,True,171757,0.66,0.0
fine,remote,syn,remote control,True,171757,0.67,0.0
fine,remote,syn,remote control,True,171757,0.68,0.0
fine,remote,syn,remote control,True,171757,0.69,0.0
fine,remote,syn,remote control,True,171757,0.7,0.0
fine,remote,syn,remote control,True,171757,0.71,0.0
fine,remote,syn,remote control,True,171757,0.72,0.0
fine,remote,syn,remote control,True,171757,0.73,0.0
fine,remote,syn,remote control,True,171757,0.74,0.0
fine,remote,syn,remote control,True,171757,0.75,0.0
fine,remote,syn,remote control,True,171757,0.76,0.0
fine,remote,syn,remote control,True,171757,0.77,0.0
fine,remote,syn,remote control,True,171757,0.78,0.0
fine,remote,syn,remote control,True,171757,0.79,0.0
fine,remote,syn,remote control,True,171757,0.8,0.0
fine,remote,hyper,device,False,171757,0.5,0.0
fine,remote,hyper,device,False,171757,0.51,0.0
fine,remote,hyper,device,False,171757,0.52,0.0
fine,remote,hyper,device,False,171757,0.53,0.0
fine,remote,hyper,device,False,171757,0.54,0.0
fine,remote,hyper,device,False,171757,0.55,0.0
fine,remote,hyper,device,False,171757,0.56,0.0
fine,remote,hyper,device,False,171757,0.57,0.0
fine,remote,hyper,device,False,171757,0.58,0.0
fine,remote,hyper,device,False,171757,0.59,0.0
fine,remote,hyper,device,False,171757,0.6,0.0
fine,remote,hyper,device,False,171757,0.61,0.0
fine,remote,hyper,device,False,171757,0.62,0.0
fine,remote,hyper,device,False,171757,0.63,0.0
fine,remote,hyper,device,False,171757,0.64,0.0
fine,remote,hyper,device,False,171757,0.65,0.0
fine,remote,hyper,device,False,171757,0.66,0.0
fine,remote,hyper,device,False,171757,0.67,0.0
fine,remote,hyper,device,False,171757,0.68,0.0
fine,remote,hyper,device,False,171757,0.69,0.0
fine,remote,hyper,device,False,171757,0.7,0.0
fine,remote,hyper,device,False,171757,0.71,0.0
fine,remote,hyper,device,False,171757,0.72,0.0
fine,remote,hyper,device,False,171757,0.73,0.0
fine,remote,hyper,device,False,171757,0.74,0.0
fine,remote,hyper,device,False,171757,0.75,0.0
fine,remote,hyper,device,False,171757,0.76,0.0
fine,remote,hyper,device,False,171757,0.77,0.0
fine,remote,hyper,device,False,171757,0.78,0.0
fine,remote,hyper,device,False,171757,0.79,0.0
fine,remote,hyper,device,False,171757,0.8,0.0
fine,remote,hyper,device,True,171757,0.5,0.0
fine,remote,hyper,device,True,171757,0.51,0.0
fine,remote,hyper,device,True,171757,0.52,0.0
fine,remote,hyper,device,True,171757,0.53,0.0
fine,remote,hyper,device,True,171757,0.54,0.0
fine,remote,hyper,device,True,171757,0.55,0.0
fine,remote,hyper,device,True,171757,0.56,0.0
fine,remote,hyper,device,True,171757,0.57,0.0
fine,remote,hyper,device,True,171757,0.58,0.0
fine,remote,hyper,device,True,171757,0.59,0.0
fine,remote,hyper,device,True,171757,0.6,0.0
fine,remote,hyper,device,True,171757,0.61,0.0
fine,remote,hyper,device,True,171757,0.62,0.0
fine,remote,hyper,device,True,171757,0.63,0.0
fine,remote,hyper,device,True,171757,0.64,0.0
fine,remote,hyper,device,True,171757,0.65,0.0
fine,remote,hyper,device,True,171757,0.66,0.0
fine,remote,hyper,device,True,171757,0.67,0.0
fine,remote,hyper,device,True,171757,0.68,0.0
fine,remote,hyper,device,True,171757,0.69,0.0
fine,remote,hyper,device,True,171757,0.7,0.0
fine,remote,hyper,device,True,171757,0.71,0.0
fine,remote,hyper,device,True,171757,0.72,0.0
fine,remote,hyper,device,True,171757,0.73,0.0
fine,remote,hyper,device,True,171757,0.74,0.0
fine,remote,hyper,device,True,171757,0.75,0.0
fine,remote,hyper,device,True,171757,0.76,0.0
fine,remote,hyper,device,True,171757,0.77,0.0
fine,remote,hyper,device,True,171757,0.78,0.0
fine,remote,hyper,device,True,171757,0.79,0.0
fine,remote,hyper,device,True,171757,0.8,0.0
fine,teddy bear,orig,teddy bear,False,249129,0.5,0.0449074587166131
fine,teddy bear,orig,teddy bear,False,249129,0.51,0.04450847833314862
fine,teddy bear,orig,teddy bear,False,249129,0.52,0.044087332372825
fine,teddy bear,orig,teddy bear,False,249129,0.53,0.04371148645653234
fine,teddy bear,orig,teddy bear,False,249129,0.54,0.04322383295651017
fine,teddy bear,orig,teddy bear,False,249129,0.55,0.042847009797402136
fine,teddy bear,orig,teddy bear,False,249129,0.56,0.042604127413384166
fine,teddy bear,orig,teddy bear,False,249129,0.57,0.042271629020459736
fine,teddy bear,orig,teddy bear,False,249129,0.58,0.0419391306275353
fine,teddy bear,orig,teddy bear,False,249129,0.59,0.0414514663179128
fine,teddy bear,orig,teddy bear,False,249129,0.6,0.041008135127346884
fine,teddy bear,orig,teddy bear,False,249129,0.61,0.040631303615365856
fine,teddy bear,orig,teddy bear,False,249129,0.62,0.04023230554385654
fine,teddy bear,orig,teddy bear,False,249129,0.63,0.03994502571377904
fine,teddy bear,orig,teddy bear,False,249129,0.64,0.03961251995034581
fine,teddy bear,orig,teddy bear,False,249129,0.65,0.03914701188153928
fine,teddy bear,orig,teddy bear,False,249129,0.66,0.03863716971094166
fine,teddy bear,orig,teddy bear,False,249129,0.67,0.038260329845717325
fine,teddy bear,orig,teddy bear,False,249129,0.68,0.037706153573328606
fine,teddy bear,orig,teddy bear,False,249129,0.69,0.03732931370810427
fine,teddy bear,orig,teddy bear,False,249129,0.7,0.03677513743571555
fine,teddy bear,orig,teddy bear,False,249129,0.71,0.03637613051959567
fine,teddy bear,orig,teddy bear,False,249129,0.72,0.0358884553998936
fine,teddy bear,orig,teddy bear,False,249129,0.73,0.035378613229295974
fine,teddy bear,orig,teddy bear,False,249129,0.74,0.034757935804220604
fine,teddy bear,orig,teddy bear,False,249129,0.75,0.034070757226458595
fine,teddy bear,orig,teddy bear,False,249129,0.76,0.03340574569959213
fine,teddy bear,orig,teddy bear,False,249129,0.77,0.03287373647809896
fine,teddy bear,orig,teddy bear,False,249129,0.78,0.03238606135839688
fine,teddy bear,orig,teddy bear,False,249129,0.79,0.032075722645859193
fine,teddy bear,orig,teddy bear,False,249129,0.8,0.03134420996630608
fine,teddy bear,orig,teddy bear,True,249129,0.5,0.0449074587166131
fine,teddy bear,orig,teddy bear,True,249129,0.51,0.04450847833314862
fine,teddy bear,orig,teddy bear,True,249129,0.52,0.044087332372825
fine,teddy bear,orig,teddy bear,True,249129,0.53,0.04371148645653234
fine,teddy bear,orig,teddy bear,True,249129,0.54,0.04322383295651017
fine,teddy bear,orig,teddy bear,True,249129,0.55,0.042847009797402136
fine,teddy bear,orig,teddy bear,True,249129,0.56,0.042604127413384166
fine,teddy bear,orig,teddy bear,True,249129,0.57,0.042271629020459736
fine,teddy bear,orig,teddy bear,True,249129,0.58,0.0419391306275353
fine,teddy bear,orig,teddy bear,True,249129,0.59,0.0414514663179128
fine,teddy bear,orig,teddy bear,True,249129,0.6,0.041008135127346884
fine,teddy bear,orig,teddy bear,True,249129,0.61,0.040631303615365856
fine,teddy bear,orig,teddy bear,True,249129,0.62,0.04023230554385654
fine,teddy bear,orig,teddy bear,True,249129,0.63,0.03994502571377904
fine,teddy bear,orig,teddy bear,True,249129,0.64,0.03961251995034581
fine,teddy bear,orig,teddy bear,True,249129,0.65,0.03914701188153928
fine,teddy bear,orig,teddy bear,True,249129,0.66,0.03863716971094166
fine,teddy bear,orig,teddy bear,True,249129,0.67,0.038260329845717325
fine,teddy bear,orig,teddy bear,True,249129,0.68,0.037706153573328606
fine,teddy bear,orig,teddy bear,True,249129,0.69,0.03732931370810427
fine,teddy bear,orig,teddy bear,True,249129,0.7,0.03677513743571555
fine,teddy bear,orig,teddy bear,True,249129,0.71,0.03637613051959567
fine,teddy bear,orig,teddy bear,True,249129,0.72,0.0358884553998936
fine,teddy bear,orig,teddy bear,True,249129,0.73,0.035378613229295974
fine,teddy bear,orig,teddy bear,True,249129,0.74,0.034757935804220604
fine,teddy bear,orig,teddy bear,True,249129,0.75,0.034070757226458595
fine,teddy bear,orig,teddy bear,True,249129,0.76,0.03340574569959213
fine,teddy bear,orig,teddy bear,True,249129,0.77,0.03287373647809896
fine,teddy bear,orig,teddy bear,True,249129,0.78,0.03238606135839688
fine,teddy bear,orig,teddy bear,True,249129,0.79,0.032075722645859193
fine,teddy bear,orig,teddy bear,True,249129,0.8,0.03134420996630608
fine,teddy bear,syn,teddy,False,249129,0.5,0.0449074587166131
fine,teddy bear,syn,teddy,False,249129,0.51,0.045239942369500165
fine,teddy bear,syn,teddy,False,249129,0.52,0.0457275850604012
fine,teddy bear,syn,teddy,False,249129,0.53,0.04601573755956999
fine,teddy bear,syn,teddy,False,249129,0.54,0.046503380250471016
fine,teddy bear,syn,teddy,False,249129,0.55,0.04692452621079463
fine,teddy bear,syn,teddy,False,249129,0.56,0.04745544817802997
fine,teddy bear,syn,teddy,False,249129,0.57,0.04774359429027396
fine,teddy bear,syn,teddy,False,249129,0.58,0.04803174040251795
fine,teddy bear,syn,teddy,False,249129,0.59,0.04834205160031918
fine,teddy bear,syn,teddy,False,249129,0.6,0.04858479065540705
fine,teddy bear,syn,teddy,False,249129,0.61,0.048915091203262484
fine,teddy bear,syn,teddy,False,249129,0.62,0.049469181497816886
fine,teddy bear,syn,teddy,False,249129,0.63,0.0500387811634349
fine,teddy bear,syn,teddy,False,249129,0.64,0.05048087577006604
fine,teddy bear,syn,teddy,False,249129,0.65,0.05110136063466737
fine,teddy bear,syn,teddy,False,249129,0.66,0.051544564109382615
fine,teddy bear,syn,teddy,False,249129,0.67,0.05194229618631861
fine,teddy bear,syn,teddy,False,249129,0.68,0.05251612045469654
fine,teddy bear,syn,teddy,False,249129,0.69,0.05280184352219096
fine,teddy bear,syn,teddy,False,249129,0.7,0.053066560311973765
fine,teddy bear,syn,teddy,False,249129,0.71,0.05346420579177099
fine,teddy bear,syn,teddy,False,249129,0.72,0.05408099964551578
fine,teddy bear,syn,teddy,False,249129,0.73,0.0546066768569593
fine,teddy bear,syn,teddy,False,249129,0.74,0.055203579814806614
fine,teddy bear,syn,teddy,False,249129,0.75,0.05568599654454437
fine,teddy bear,syn,teddy,False,249129,0.76,0.056349259086982524
fine,teddy bear,syn,teddy,False,249129,0.77,0.05676884911845486
fine,teddy bear,syn,teddy,False,249129,0.78,0.05710108974926907
fine,teddy bear,syn,teddy,False,249129,0.79,0.05749850495027575
fine,teddy bear,syn,teddy,False,249129,0.8,0.057852887107134154
fine,teddy bear,syn,teddy,True,249129,0.5,0.0449074587166131
fine,teddy bear,syn,teddy,True,249129,0.51,0.045239942369500165
fine,teddy bear,syn,teddy,True,249129,0.52,0.0457275850604012
fine,teddy bear,syn,teddy,True,249129,0.53,0.04601573755956999
fine,teddy bear,syn,teddy,True,249129,0.54,0.046503380250471016
fine,teddy bear,syn,teddy,True,249129,0.55,0.04692452621079463
fine,teddy bear,syn,teddy,True,249129,0.56,0.04745544817802997
fine,teddy bear,syn,teddy,True,249129,0.57,0.04774359429027396
fine,teddy bear,syn,teddy,True,249129,0.58,0.04803174040251795
fine,teddy bear,syn,teddy,True,249129,0.59,0.04834205160031918
fine,teddy bear,syn,teddy,True,249129,0.6,0.04858479065540705
fine,teddy bear,syn,teddy,True,249129,0.61,0.048915091203262484
fine,teddy bear,syn,teddy,True,249129,0.62,0.049469181497816886
fine,teddy bear,syn,teddy,True,249129,0.63,0.0500387811634349
fine,teddy bear,syn,teddy,True,249129,0.64,0.05048087577006604
fine,teddy bear,syn,teddy,True,249129,0.65,0.05110136063466737
fine,teddy bear,syn,teddy,True,249129,0.66,0.051544564109382615
fine,teddy bear,syn,teddy,True,249129,0.67,0.05194229618631861
fine,teddy bear,syn,teddy,True,249129,0.68,0.05251612045469654
fine,teddy bear,syn,teddy,True,249129,0.69,0.05280184352219096
fine,teddy bear,syn,teddy,True,249129,0.7,0.053066560311973765
fine,teddy bear,syn,teddy,True,249129,0.71,0.05346420579177099
fine,teddy bear,syn,teddy,True,249129,0.72,0.05408099964551578
fine,teddy bear,syn,teddy,True,249129,0.73,0.0546066768569593
fine,teddy bear,syn,teddy,True,249129,0.74,0.055203579814806614
fine,teddy bear,syn,teddy,True,249129,0.75,0.05568599654454437
fine,teddy bear,syn,teddy,True,249129,0.76,0.056349259086982524
fine,teddy bear,syn,teddy,True,249129,0.77,0.05676884911845486
fine,teddy bear,syn,teddy,True,249129,0.78,0.05710108974926907
fine,teddy bear,syn,teddy,True,249129,0.79,0.05749850495027575
fine,teddy bear,syn,teddy,True,249129,0.8,0.057852887107134154
fine,teddy bear,hyper,plaything,False,249129,0.5,0.012457882603298456
fine,teddy bear,hyper,plaything,False,249129,0.51,0.013854406809718035
fine,teddy bear,hyper,plaything,False,249129,0.52,0.015339599219719809
fine,teddy bear,hyper,plaything,False,249129,0.53,0.017268132647632557
fine,teddy bear,hyper,plaything,False,249129,0.54,0.018354318141514454
fine,teddy bear,hyper,plaything,False,249129,0.55,0.01995034580599397
fine,teddy bear,hyper,plaything,False,249129,0.56,0.021236034757935805
fine,teddy bear,hyper,plaything,False,249129,0.57,0.02245522255719099
fine,teddy bear,hyper,plaything,False,249129,0.58,0.023674410356446178
fine,teddy bear,hyper,plaything,False,249129,0.59,0.024583259443163683
fine,teddy bear,hyper,plaything,False,249129,0.6,0.025492108529881184
fine,teddy bear,hyper,plaything,False,249129,0.61,0.02633445646391204
fine,teddy bear,hyper,plaything,False,249129,0.62,0.02711030324525625
fine,teddy bear,hyper,plaything,False,249129,0.63,0.027753147721227167
fine,teddy bear,hyper,plaything,False,249129,0.64,0.02868416385884022
fine,teddy bear,hyper,plaything,False,249129,0.65,0.02948217769107998
fine,teddy bear,hyper,plaything,False,249129,0.66,0.030147189217946443
fine,teddy bear,hyper,plaything,False,249129,0.67,0.03081220074481291
fine,teddy bear,hyper,plaything,False,249129,0.68,0.031521546373470474
fine,teddy bear,hyper,plaything,False,249129,0.69,0.03229739315481468
fine,teddy bear,hyper,plaything,False,249129,0.7,0.0329845717325767
fine,teddy bear,hyper,plaything,False,249129,0.71,0.03371608441212981
fine,teddy bear,hyper,plaything,False,249129,0.72,0.03438109593899628
fine,teddy bear,hyper,plaything,False,249129,0.73,0.03469143465153396
fine,teddy bear,hyper,plaything,False,249129,0.74,0.03520127682213158
fine,teddy bear,hyper,plaything,False,249129,0.75,0.0358884553998936
fine,teddy bear,hyper,plaything,False,249129,0.76,0.03637613051959567
fine,teddy bear,hyper,plaything,False,249129,0.77,0.036885972690193294
fine,teddy bear,hyper,plaything,False,249129,0.78,0.03732931370810427
fine,teddy bear,hyper,plaything,False,249129,0.79,0.03777265472601525
fine,teddy bear,hyper,plaything,False,249129,0.8,0.03832683099840397
fine,teddy bear,hyper,plaything,True,249129,0.5,0.012280546196134067
fine,teddy bear,hyper,plaything,True,249129,0.51,0.013677070402553644
fine,teddy bear,hyper,plaything,True,249129,0.52,0.015140095761659868
fine,teddy bear,hyper,plaything,True,249129,0.53,0.016935626884199327
fine,teddy bear,hyper,plaything,True,249129,0.54,0.018110480581663417
fine,teddy bear,hyper,plaything,True,249129,0.55,0.019551338889874093
fine,teddy bear,hyper,plaything,True,249129,0.56,0.021058698350771413
fine,teddy bear,hyper,plaything,True,249129,0.57,0.022233552048235503
fine,teddy bear,hyper,plaything,True,249129,0.58,0.023297570491221848
fine,teddy bear,hyper,plaything,True,249129,0.59,0.024339421883312645
fine,teddy bear,hyper,plaything,True,249129,0.6,0.025248270970030146
fine,teddy bear,hyper,plaything,True,249129,0.61,0.02615712005674765
fine,teddy bear,hyper,plaything,True,249129,0.62,0.026822131583614114
fine,teddy bear,hyper,plaything,True,249129,0.63,0.027686646568540522
fine,teddy bear,hyper,plaything,True,249129,0.64,0.028395992197198086
fine,teddy bear,hyper,plaything,True,249129,0.65,0.029349175385706687
fine,teddy bear,hyper,plaything,True,249129,0.66,0.0300363539634687
fine,teddy bear,hyper,plaything,True,249129,0.67,0.03059053023585742
fine,teddy bear,hyper,plaything,True,249129,0.68,0.031299875864514985
fine,teddy bear,hyper,plaything,True,249129,0.69,0.03212005674765029
fine,teddy bear,hyper,plaything,True,249129,0.7,0.03274073417272566
fine,teddy bear,hyper,plaything,True,249129,0.71,0.03347224685227877
fine,teddy bear,hyper,plaything,True,249129,0.72,0.03413725837914524
fine,teddy bear,hyper,plaything,True,249129,0.73,0.03458059939705622
fine,teddy bear,hyper,plaything,True,249129,0.74,0.035023940414967196
fine,teddy bear,hyper,plaything,True,249129,0.75,0.035688951941833656
fine,teddy bear,hyper,plaything,True,249129,0.76,0.036110125908849086
fine,teddy bear,hyper,plaything,True,249129,0.77,0.03657563397765561
fine,teddy bear,hyper,plaything,True,249129,0.78,0.037085476148253235
fine,teddy bear,hyper,plaything,True,249129,0.79,0.037639652420641954
fine,teddy bear,hyper,plaything,True,249129,0.8,0.038060826387657384
fine,teddy bear,orig,teddy bear,False,145020,0.5,0.6066281765695322
fine,teddy bear,orig,teddy bear,False,145020,0.51,0.6096644049147258
fine,teddy bear,orig,teddy bear,False,145020,0.52,0.6117391906234138
fine,teddy bear,orig,teddy bear,False,145020,0.53,0.6137735673818148
fine,teddy bear,orig,teddy bear,False,145020,0.54,0.6164242622644157
fine,teddy bear,orig,teddy bear,False,145020,0.55,0.6185974319175956
fine,teddy bear,orig,teddy bear,False,145020,0.56,0.6207760291129071
fine,teddy bear,orig,teddy bear,False,145020,0.57,0.6234735091470658
fine,teddy bear,orig,teddy bear,False,145020,0.58,0.6256032876188656
fine,teddy bear,orig,teddy bear,False,145020,0.59,0.6276600855070376
fine,teddy bear,orig,teddy bear,False,145020,0.6,0.6298211696471725
fine,teddy bear,orig,teddy bear,False,145020,0.61,0.6313283451559615
fine,teddy bear,orig,teddy bear,False,145020,0.62,0.632666015625
fine,teddy bear,orig,teddy bear,False,145020,0.63,0.6338422266948113
fine,teddy bear,orig,teddy bear,False,145020,0.64,0.6343820889634086
fine,teddy bear,orig,teddy bear,False,145020,0.65,0.6347011596788582
fine,teddy bear,orig,teddy bear,False,145020,0.66,0.634796472522545
fine,teddy bear,orig,teddy bear,False,145020,0.67,0.6353801462486227
fine,teddy bear,orig,teddy bear,False,145020,0.68,0.6340898797242213
fine,teddy bear,orig,teddy bear,False,145020,0.69,0.6335846955817602
fine,teddy bear,orig,teddy bear,False,145020,0.7,0.6307778456526165
fine,teddy bear,orig,teddy bear,False,145020,0.71,0.6257813300543088
fine,teddy bear,orig,teddy bear,False,145020,0.72,0.6215644820295984
fine,teddy bear,orig,teddy bear,False,145020,0.73,0.6208560311284047
fine,teddy bear,orig,teddy bear,False,145020,0.74,0.6199321680146099
fine,teddy bear,orig,teddy bear,False,145020,0.75,0.6187975846678918
fine,teddy bear,orig,teddy bear,False,145020,0.76,0.6175988147521033
fine,teddy bear,orig,teddy bear,False,145020,0.77,0.6172859278240445
fine,teddy bear,orig,teddy bear,False,145020,0.78,0.6145861345667725
fine,teddy bear,orig,teddy bear,False,145020,0.79,0.6115201385881334
fine,teddy bear,orig,teddy bear,False,145020,0.8,0.6061893865097526
fine,teddy bear,orig,teddy bear,True,145020,0.5,0.6066281765695322
fine,teddy bear,orig,teddy bear,True,145020,0.51,0.6096644049147258
fine,teddy bear,orig,teddy bear,True,145020,0.52,0.6117391906234138
fine,teddy bear,orig,teddy bear,True,145020,0.53,0.6137735673818148
fine,teddy bear,orig,teddy bear,True,145020,0.54,0.6164242622644157
fine,teddy bear,orig,teddy bear,True,145020,0.55,0.6185974319175956
fine,teddy bear,orig,teddy bear,True,145020,0.56,0.6207760291129071
fine,teddy bear,orig,teddy bear,True,145020,0.57,0.6234735091470658
fine,teddy bear,orig,teddy bear,True,145020,0.58,0.6256032876188656
fine,teddy bear,orig,teddy bear,True,145020,0.59,0.6276600855070376
fine,teddy bear,orig,teddy bear,True,145020,0.6,0.6298211696471725
fine,teddy bear,orig,teddy bear,True,145020,0.61,0.6313283451559615
fine,teddy bear,orig,teddy bear,True,145020,0.62,0.632666015625
fine,teddy bear,orig,teddy bear,True,145020,0.63,0.6338422266948113
fine,teddy bear,orig,teddy bear,True,145020,0.64,0.6343820889634086
fine,teddy bear,orig,teddy bear,True,145020,0.65,0.6347011596788582
fine,teddy bear,orig,teddy bear,True,145020,0.66,0.634796472522545
fine,teddy bear,orig,teddy bear,True,145020,0.67,0.6353801462486227
fine,teddy bear,orig,teddy bear,True,145020,0.68,0.6340898797242213
fine,teddy bear,orig,teddy bear,True,145020,0.69,0.6335846955817602
fine,teddy bear,orig,teddy bear,True,145020,0.7,0.6307778456526165
fine,teddy bear,orig,teddy bear,True,145020,0.71,0.6257813300543088
fine,teddy bear,orig,teddy bear,True,145020,0.72,0.6215644820295984
fine,teddy bear,orig,teddy bear,True,145020,0.73,0.6208560311284047
fine,teddy bear,orig,teddy bear,True,145020,0.74,0.6199321680146099
fine,teddy bear,orig,teddy bear,True,145020,0.75,0.6187975846678918
fine,teddy bear,orig,teddy bear,True,145020,0.76,0.6175988147521033
fine,teddy bear,orig,teddy bear,True,145020,0.77,0.6172859278240445
fine,teddy bear,orig,teddy bear,True,145020,0.78,0.6145861345667725
fine,teddy bear,orig,teddy bear,True,145020,0.79,0.6115201385881334
fine,teddy bear,orig,teddy bear,True,145020,0.8,0.6061893865097526
fine,teddy bear,syn,teddy,False,145020,0.5,0.6066281765695322
fine,teddy bear,syn,teddy,False,145020,0.51,0.6041995935877174
fine,teddy bear,syn,teddy,False,145020,0.52,0.6013813517513567
fine,teddy bear,syn,teddy,False,145020,0.53,0.598440285204991
fine,teddy bear,syn,teddy,False,145020,0.54,0.5957409129145084
fine,teddy bear,syn,teddy,False,145020,0.55,0.5932479422509793
fine,teddy bear,syn,teddy,False,145020,0.56,0.5909429334734814
fine,teddy bear,syn,teddy,False,145020,0.57,0.5878204849170766
fine,teddy bear,syn,teddy,False,145020,0.58,0.5846812559467174
fine,teddy bear,syn,teddy,False,145020,0.59,0.5816532691398358
fine,teddy bear,syn,teddy,False,145020,0.6,0.5785763117415826
fine,teddy bear,syn,teddy,False,145020,0.61,0.5750912641141014
fine,teddy bear,syn,teddy,False,145020,0.62,0.5718682801366108
fine,teddy bear,syn,teddy,False,145020,0.63,0.5680800301368716
fine,teddy bear,syn,teddy,False,145020,0.64,0.5647493973900757
fine,teddy bear,syn,teddy,False,145020,0.65,0.5617745466562022
fine,teddy bear,syn,teddy,False,145020,0.66,0.5594885709587238
fine,teddy bear,syn,teddy,False,145020,0.67,0.5582014919255677
fine,teddy bear,syn,teddy,False,145020,0.68,0.5569770293468487
fine,teddy bear,syn,teddy,False,145020,0.69,0.5560720985237746
fine,teddy bear,syn,teddy,False,145020,0.7,0.5550223668157788
fine,teddy bear,syn,teddy,False,145020,0.71,0.5537176680450823
fine,teddy bear,syn,teddy,False,145020,0.72,0.5523901887097425
fine,teddy bear,syn,teddy,False,145020,0.73,0.5501287415513357
fine,teddy bear,syn,teddy,False,145020,0.74,0.5481893927255248
fine,teddy bear,syn,teddy,False,145020,0.75,0.5458315059208165
fine,teddy bear,syn,teddy,False,145020,0.76,0.5430361178289657
fine,teddy bear,syn,teddy,False,145020,0.77,0.5403518460082045
fine,teddy bear,syn,teddy,False,145020,0.78,0.5369637610186092
fine,teddy bear,syn,teddy,False,145020,0.79,0.5339851205546683
fine,teddy bear,syn,teddy,False,145020,0.8,0.5306138245994272
fine,teddy bear,syn,teddy,True,145020,0.5,0.6066281765695322
fine,teddy bear,syn,teddy,True,145020,0.51,0.6041995935877174
fine,teddy bear,syn,teddy,True,145020,0.52,0.6013813517513567
fine,teddy bear,syn,teddy,True,145020,0.53,0.598440285204991
fine,teddy bear,syn,teddy,True,145020,0.54,0.5957409129145084
fine,teddy bear,syn,teddy,True,145020,0.55,0.5932479422509793
fine,teddy bear,syn,teddy,True,145020,0.56,0.5909429334734814
fine,teddy bear,syn,teddy,True,145020,0.57,0.5878204849170766
fine,teddy bear,syn,teddy,True,145020,0.58,0.5846812559467174
fine,teddy bear,syn,teddy,True,145020,0.59,0.5816532691398358
fine,teddy bear,syn,teddy,True,145020,0.6,0.5785763117415826
fine,teddy bear,syn,teddy,True,145020,0.61,0.5750912641141014
fine,teddy bear,syn,teddy,True,145020,0.62,0.5718682801366108
fine,teddy bear,syn,teddy,True,145020,0.63,0.5680800301368716
fine,teddy bear,syn,teddy,True,145020,0.64,0.5647493973900757
fine,teddy bear,syn,teddy,True,145020,0.65,0.5617745466562022
fine,teddy bear,syn,teddy,True,145020,0.66,0.5594885709587238
fine,teddy bear,syn,teddy,True,145020,0.67,0.5582014919255677
fine,teddy bear,syn,teddy,True,145020,0.68,0.5569770293468487
fine,teddy bear,syn,teddy,True,145020,0.69,0.5560720985237746
fine,teddy bear,syn,teddy,True,145020,0.7,0.5550223668157788
fine,teddy bear,syn,teddy,True,145020,0.71,0.5537176680450823
fine,teddy bear,syn,teddy,True,145020,0.72,0.5523901887097425
fine,teddy bear,syn,teddy,True,145020,0.73,0.5501287415513357
fine,teddy bear,syn,teddy,True,145020,0.74,0.5481893927255248
fine,teddy bear,syn,teddy,True,145020,0.75,0.5458315059208165
fine,teddy bear,syn,teddy,True,145020,0.76,0.5430361178289657
fine,teddy bear,syn,teddy,True,145020,0.77,0.5403518460082045
fine,teddy bear,syn,teddy,True,145020,0.78,0.5369637610186092
fine,teddy bear,syn,teddy,True,145020,0.79,0.5339851205546683
fine,teddy bear,syn,teddy,True,145020,0.8,0.5306138245994272
fine,teddy bear,hyper,plaything,False,145020,0.5,0.5975126708973977
fine,teddy bear,hyper,plaything,False,145020,0.51,0.5959814791215327
fine,teddy bear,hyper,plaything,False,145020,0.52,0.5944491525423728
fine,teddy bear,hyper,plaything,False,145020,0.53,0.5932834242693398
fine,teddy bear,hyper,plaything,False,145020,0.54,0.5922108642392498
fine,teddy bear,hyper,plaything,False,145020,0.55,0.591658215010142
fine,teddy bear,hyper,plaything,False,145020,0.56,0.5907301587301588
fine,teddy bear,hyper,plaything,False,145020,0.57,0.5889284503221431
fine,teddy bear,hyper,plaything,False,145020,0.58,0.5859980517555377
fine,teddy bear,hyper,plaything,False,145020,0.59,0.5818597174041797
fine,teddy bear,hyper,plaything,False,145020,0.6,0.5786780564130757
fine,teddy bear,hyper,plaything,False,145020,0.61,0.5760148692603387
fine,teddy bear,hyper,plaything,False,145020,0.62,0.5748386824680528
fine,teddy bear,hyper,plaything,False,145020,0.63,0.5742691043895863
fine,teddy bear,hyper,plaything,False,145020,0.64,0.5738339787843071
fine,teddy bear,hyper,plaything,False,145020,0.65,0.5737794612794613
fine,teddy bear,hyper,plaything,False,145020,0.66,0.5734174553101998
fine,teddy bear,hyper,plaything,False,145020,0.67,0.5729236718224613
fine,teddy bear,hyper,plaything,False,145020,0.68,0.5721361709272552
fine,teddy bear,hyper,plaything,False,145020,0.69,0.571374654030026
fine,teddy bear,hyper,plaything,False,145020,0.7,0.5712069110123291
fine,teddy bear,hyper,plaything,False,145020,0.71,0.5713986072657102
fine,teddy bear,hyper,plaything,False,145020,0.72,0.5715005246589717
fine,teddy bear,hyper,plaything,False,145020,0.73,0.5719267288463155
fine,teddy bear,hyper,plaything,False,145020,0.74,0.5722215213826164
fine,teddy bear,hyper,plaything,False,145020,0.75,0.5721736204576043
fine,teddy bear,hyper,plaything,False,145020,0.76,0.5724329558371574
fine,teddy bear,hyper,plaything,False,145020,0.77,0.5725361311254371
fine,teddy bear,hyper,plaything,False,145020,0.78,0.5733400869528513
fine,teddy bear,hyper,plaything,False,145020,0.79,0.5740498034076016
fine,teddy bear,hyper,plaything,False,145020,0.8,0.5753093744702492
fine,teddy bear,hyper,plaything,True,145020,0.5,0.5990257659274452
fine,teddy bear,hyper,plaything,True,145020,0.51,0.5977658395156477
fine,teddy bear,hyper,plaything,True,145020,0.52,0.596104779724443
fine,teddy bear,hyper,plaything,True,145020,0.53,0.5952522507219297
fine,teddy bear,hyper,plaything,True,145020,0.54,0.5945945945945946
fine,teddy bear,hyper,plaything,True,145020,0.55,0.5940034823969083
fine,teddy bear,hyper,plaything,True,145020,0.56,0.5926162221938667
fine,teddy bear,hyper,plaything,True,145020,0.57,0.5905511811023622
fine,teddy bear,hyper,plaything,True,145020,0.58,0.5873346659294858
fine,teddy bear,hyper,plaything,True,145020,0.59,0.5831067301155677
fine,teddy bear,hyper,plaything,True,145020,0.6,0.5792801969272557
fine,teddy bear,hyper,plaything,True,145020,0.61,0.5778201865988125
fine,teddy bear,hyper,plaything,True,145020,0.62,0.5772750381291306
fine,teddy bear,hyper,plaything,True,145020,0.63,0.5762432341001353
fine,teddy bear,hyper,plaything,True,145020,0.64,0.5755258933851483
fine,teddy bear,hyper,plaything,True,145020,0.65,0.5750897192315811
fine,teddy bear,hyper,plaything,True,145020,0.66,0.5746655977045445
fine,teddy bear,hyper,plaything,True,145020,0.67,0.5744286075735853
fine,teddy bear,hyper,plaything,True,145020,0.68,0.5737635858117786
fine,teddy bear,hyper,plaything,True,145020,0.69,0.5731722715602509
fine,teddy bear,hyper,plaything,True,145020,0.7,0.573063973063973
fine,teddy bear,hyper,plaything,True,145020,0.71,0.5728351426407473
fine,teddy bear,hyper,plaything,True,145020,0.72,0.5729201751431459
fine,teddy bear,hyper,plaything,True,145020,0.73,0.5730171433385283
fine,teddy bear,hyper,plaything,True,145020,0.74,0.5732951192784287
fine,teddy bear,hyper,plaything,True,145020,0.75,0.5734469233689005
fine,teddy bear,hyper,plaything,True,145020,0.76,0.5735815602836879
fine,teddy bear,hyper,plaything,True,145020,0.77,0.5741038214406493
fine,teddy bear,hyper,plaything,True,145020,0.78,0.5747428135980696
fine,teddy bear,hyper,plaything,True,145020,0.79,0.5760353021045486
fine,teddy bear,hyper,plaything,True,145020,0.8,0.5770473679734671
fine,teddy bear,orig,teddy bear,False,328030,0.5,0.3494364048405492
fine,teddy bear,orig,teddy bear,False,328030,0.51,0.34904975632878577
fine,teddy bear,orig,teddy bear,False,328030,0.52,0.3487071615325932
fine,teddy bear,orig,teddy bear,False,328030,0.53,0.34821157421467036
fine,teddy bear,orig,teddy bear,False,328030,0.54,0.3476888888888889
fine,teddy bear,orig,teddy bear,False,328030,0.55,0.3471442329061412
fine,teddy bear,orig,teddy bear,False,328030,0.56,0.3465570248546135
fine,teddy bear,orig,teddy bear,False,328030,0.57,0.34599997036466285
fine,teddy bear,orig,teddy bear,False,328030,0.58,0.3452943704340352
fine,teddy bear,orig,teddy bear,False,328030,0.59,0.3446655897565096
fine,teddy bear,orig,teddy bear,False,328030,0.6,0.34411518425479254
fine,teddy bear,orig,teddy bear,False,328030,0.61,0.3435350960398387
fine,teddy bear,orig,teddy bear,False,328030,0.62,0.34292510856516134
fine,teddy bear,orig,teddy bear,False,328030,0.63,0.34246138795837905
fine,teddy bear,orig,teddy bear,False,328030,0.64,0.3418244074529742
fine,teddy bear,orig,teddy bear,False,328030,0.65,0.34121954654274045
fine,teddy bear,orig,teddy bear,False,328030,0.66,0.3408172795398448
fine,teddy bear,orig,teddy bear,False,328030,0.67,0.3403233338522093
fine,teddy bear,orig,teddy bear,False,328030,0.68,0.33990111266780826
fine,teddy bear,orig,teddy bear,False,328030,0.69,0.339357727434468
fine,teddy bear,orig,teddy bear,False,328030,0.7,0.33873048351941637
fine,teddy bear,orig,teddy bear,False,328030,0.71,0.33822417295630125
fine,teddy bear,orig,teddy bear,False,328030,0.72,0.33764375273417513
fine,teddy bear,orig,teddy bear,False,328030,0.73,0.3369099348944816
fine,teddy bear,orig,teddy bear,False,328030,0.74,0.33606721492610364
fine,teddy bear,orig,teddy bear,False,328030,0.75,0.33528879527722566
fine,teddy bear,orig,teddy bear,False,328030,0.76,0.334695603156708
fine,teddy bear,orig,teddy bear,False,328030,0.77,0.3338253619748398
fine,teddy bear,orig,teddy bear,False,328030,0.78,0.3329747774480712
fine,teddy bear,orig,teddy bear,False,328030,0.79,0.33228479646267184
fine,teddy bear,orig,teddy bear,False,328030,0.8,0.3315972222222222
fine,teddy bear,orig,teddy bear,True,328030,0.5,0.3494364048405492
fine,teddy bear,orig,teddy bear,True,328030,0.51,0.34904975632878577
fine,teddy bear,orig,teddy bear,True,328030,0.52,0.3487071615325932
fine,teddy bear,orig,teddy bear,True,328030,0.53,0.34821157421467036
fine,teddy bear,orig,teddy bear,True,328030,0.54,0.3476888888888889
fine,teddy bear,orig,teddy bear,True,328030,0.55,0.3471442329061412
fine,teddy bear,orig,teddy bear,True,328030,0.56,0.3465570248546135
fine,teddy bear,orig,teddy bear,True,328030,0.57,0.34599997036466285
fine,teddy bear,orig,teddy bear,True,328030,0.58,0.3452943704340352
fine,teddy bear,orig,teddy bear,True,328030,0.59,0.3446655897565096
fine,teddy bear,orig,teddy bear,True,328030,0.6,0.34411518425479254
fine,teddy bear,orig,teddy bear,True,328030,0.61,0.3435350960398387
fine,teddy bear,orig,teddy bear,True,328030,0.62,0.34292510856516134
fine,teddy bear,orig,teddy bear,True,328030,0.63,0.34246138795837905
fine,teddy bear,orig,teddy bear,True,328030,0.64,0.3418244074529742
fine,teddy bear,orig,teddy bear,True,328030,0.65,0.34121954654274045
fine,teddy bear,orig,teddy bear,True,328030,0.66,0.3408172795398448
fine,teddy bear,orig,teddy bear,True,328030,0.67,0.3403233338522093
fine,teddy bear,orig,teddy bear,True,328030,0.68,0.33990111266780826
fine,teddy bear,orig,teddy bear,True,328030,0.69,0.339357727434468
fine,teddy bear,orig,teddy bear,True,328030,0.7,0.33873048351941637
fine,teddy bear,orig,teddy bear,True,328030,0.71,0.33822417295630125
fine,teddy bear,orig,teddy bear,True,328030,0.72,0.33764375273417513
fine,teddy bear,orig,teddy bear,True,328030,0.73,0.3369099348944816
fine,teddy bear,orig,teddy bear,True,328030,0.74,0.33606721492610364
fine,teddy bear,orig,teddy bear,True,328030,0.75,0.33528879527722566
fine,teddy bear,orig,teddy bear,True,328030,0.76,0.334695603156708
fine,teddy bear,orig,teddy bear,True,328030,0.77,0.3338253619748398
fine,teddy bear,orig,teddy bear,True,328030,0.78,0.3329747774480712
fine,teddy bear,orig,teddy bear,True,328030,0.79,0.33228479646267184
fine,teddy bear,orig,teddy bear,True,328030,0.8,0.3315972222222222
fine,teddy bear,syn,teddy,False,328030,0.5,0.3494364048405492
fine,teddy bear,syn,teddy,False,328030,0.51,0.3498729902465396
fine,teddy bear,syn,teddy,False,328030,0.52,0.35009589538147107
fine,teddy bear,syn,teddy,False,328030,0.53,0.35032950758978154
fine,teddy bear,syn,teddy,False,328030,0.54,0.3505634783123788
fine,teddy bear,syn,teddy,False,328030,0.55,0.3506685818364899
fine,teddy bear,syn,teddy,False,328030,0.56,0.3508503061398248
fine,teddy bear,syn,teddy,False,328030,0.57,0.3510616245669105
fine,teddy bear,syn,teddy,False,328030,0.58,0.3512481122856889
fine,teddy bear,syn,teddy,False,328030,0.59,0.3514023672581111
fine,teddy bear,syn,teddy,False,328030,0.6,0.3514929902737272
fine,teddy bear,syn,teddy,False,328030,0.61,0.35161801279014687
fine,teddy bear,syn,teddy,False,328030,0.62,0.35174302420250164
fine,teddy bear,syn,teddy,False,328030,0.63,0.35182923670167493
fine,teddy bear,syn,teddy,False,328030,0.64,0.35191805256418796
fine,teddy bear,syn,teddy,False,328030,0.65,0.35194463975132295
fine,teddy bear,syn,teddy,False,328030,0.66,0.35193901716992304
fine,teddy bear,syn,teddy,False,328030,0.67,0.3519481961147086
fine,teddy bear,syn,teddy,False,328030,0.68,0.3520831791608081
fine,teddy bear,syn,teddy,False,328030,0.69,0.3528101528101528
fine,teddy bear,syn,teddy,False,328030,0.7,0.35402329470615224
fine,teddy bear,syn,teddy,False,328030,0.71,0.35501701938730207
fine,teddy bear,syn,teddy,False,328030,0.72,0.35524855337348865
fine,teddy bear,syn,teddy,False,328030,0.73,0.35516881617793955
fine,teddy bear,syn,teddy,False,328030,0.74,0.3550224931928495
fine,teddy bear,syn,teddy,False,328030,0.75,0.35486448691482986
fine,teddy bear,syn,teddy,False,328030,0.76,0.35459287484739743
fine,teddy bear,syn,teddy,False,328030,0.77,0.3543212708183816
fine,teddy bear,syn,teddy,False,328030,0.78,0.3540492150160548
fine,teddy bear,syn,teddy,False,328030,0.79,0.3538690322055592
fine,teddy bear,syn,teddy,False,328030,0.8,0.35362659801136365
fine,teddy bear,syn,teddy,True,328030,0.5,0.3494364048405492
fine,teddy bear,syn,teddy,True,328030,0.51,0.3498729902465396
fine,teddy bear,syn,teddy,True,328030,0.52,0.35009589538147107
fine,teddy bear,syn,teddy,True,328030,0.53,0.35032950758978154
fine,teddy bear,syn,teddy,True,328030,0.54,0.3505634783123788
fine,teddy bear,syn,teddy,True,328030,0.55,0.3506685818364899
fine,teddy bear,syn,teddy,True,328030,0.56,0.3508503061398248
fine,teddy bear,syn,teddy,True,328030,0.57,0.3510616245669105
fine,teddy bear,syn,teddy,True,328030,0.58,0.3512481122856889
fine,teddy bear,syn,teddy,True,328030,0.59,0.3514023672581111
fine,teddy bear,syn,teddy,True,328030,0.6,0.3514929902737272
fine,teddy bear,syn,teddy,True,328030,0.61,0.35161801279014687
fine,teddy bear,syn,teddy,True,328030,0.62,0.35174302420250164
fine,teddy bear,syn,teddy,True,328030,0.63,0.35182923670167493
fine,teddy bear,syn,teddy,True,328030,0.64,0.35191805256418796
fine,teddy bear,syn,teddy,True,328030,0.65,0.35194463975132295
fine,teddy bear,syn,teddy,True,328030,0.66,0.35193901716992304
fine,teddy bear,syn,teddy,True,328030,0.67,0.3519481961147086
fine,teddy bear,syn,teddy,True,328030,0.68,0.3520831791608081
fine,teddy bear,syn,teddy,True,328030,0.69,0.3528101528101528
fine,teddy bear,syn,teddy,True,328030,0.7,0.35402329470615224
fine,teddy bear,syn,teddy,True,328030,0.71,0.35501701938730207
fine,teddy bear,syn,teddy,True,328030,0.72,0.35524855337348865
fine,teddy bear,syn,teddy,True,328030,0.73,0.35516881617793955
fine,teddy bear,syn,teddy,True,328030,0.74,0.3550224931928495
fine,teddy bear,syn,teddy,True,328030,0.75,0.35486448691482986
fine,teddy bear,syn,teddy,True,328030,0.76,0.35459287484739743
fine,teddy bear,syn,teddy,True,328030,0.77,0.3543212708183816
fine,teddy bear,syn,teddy,True,328030,0.78,0.3540492150160548
fine,teddy bear,syn,teddy,True,328030,0.79,0.3538690322055592
fine,teddy bear,syn,teddy,True,328030,0.8,0.35362659801136365
fine,teddy bear,hyper,plaything,False,328030,0.5,0.37770440460625937
fine,teddy bear,hyper,plaything,False,328030,0.51,0.37764629408027894
fine,teddy bear,hyper,plaything,False,328030,0.52,0.37731849105104925
fine,teddy bear,hyper,plaything,False,328030,0.53,0.3771957038809851
fine,teddy bear,hyper,plaything,False,328030,0.54,0.3770691603696235
fine,teddy bear,hyper,plaything,False,328030,0.55,0.3769860909003612
fine,teddy bear,hyper,plaything,False,328030,0.56,0.3767784064886906
fine,teddy bear,hyper,plaything,False,328030,0.57,0.3767128853299451
fine,teddy bear,hyper,plaything,False,328030,0.58,0.37656236149277544
fine,teddy bear,hyper,plaything,False,328030,0.59,0.3763509171092775
fine,teddy bear,hyper,plaything,False,328030,0.6,0.37614597569534225
fine,teddy bear,hyper,plaything,False,328030,0.61,0.3759077443614577
fine,teddy bear,hyper,plaything,False,328030,0.62,0.3756833426908188
fine,teddy bear,hyper,plaything,False,328030,0.63,0.3754718793170955
fine,teddy bear,hyper,plaything,False,328030,0.64,0.3752382500258566
fine,teddy bear,hyper,plaything,False,328030,0.65,0.37492612293144206
fine,teddy bear,hyper,plaything,False,328030,0.66,0.3746075135754128
fine,teddy bear,hyper,plaything,False,328030,0.67,0.37427505448635073
fine,teddy bear,hyper,plaything,False,328030,0.68,0.3739158059606661
fine,teddy bear,hyper,plaything,False,328030,0.69,0.37356020362174824
fine,teddy bear,hyper,plaything,False,328030,0.7,0.37324339101266385
fine,teddy bear,hyper,plaything,False,328030,0.71,0.3729367084866486
fine,teddy bear,hyper,plaything,False,328030,0.72,0.372540471845191
fine,teddy bear,hyper,plaything,False,328030,0.73,0.3722707020253146
fine,teddy bear,hyper,plaything,False,328030,0.74,0.37189282653031064
fine,teddy bear,hyper,plaything,False,328030,0.75,0.37151956727358715
fine,teddy bear,hyper,plaything,False,328030,0.76,0.37112602160708213
fine,teddy bear,hyper,plaything,False,328030,0.77,0.37064079162263425
fine,teddy bear,hyper,plaything,False,328030,0.78,0.370166725789287
fine,teddy bear,hyper,plaything,False,328030,0.79,0.3698229225175156
fine,teddy bear,hyper,plaything,False,328030,0.8,0.3693978005084846
fine,teddy bear,hyper,plaything,True,328030,0.5,0.37749855958870715
fine,teddy bear,hyper,plaything,True,328030,0.51,0.37741549462238505
fine,teddy bear,hyper,plaything,True,328030,0.52,0.37714036668784257
fine,teddy bear,hyper,plaything,True,328030,0.53,0.3769593286944703
fine,teddy bear,hyper,plaything,True,328030,0.54,0.37691500834699876
fine,teddy bear,hyper,plaything,True,328030,0.55,0.3768596628599288
fine,teddy bear,hyper,plaything,True,328030,0.56,0.3766436190645037
fine,teddy bear,hyper,plaything,True,328030,0.57,0.3765762704351873
fine,teddy bear,hyper,plaything,True,328030,0.58,0.37644234320750536
fine,teddy bear,hyper,plaything,True,328030,0.59,0.37617735489447207
fine,teddy bear,hyper,plaything,True,328030,0.6,0.3759834521478964
fine,teddy bear,hyper,plaything,True,328030,0.61,0.37572677103110985
fine,teddy bear,hyper,plaything,True,328030,0.62,0.37553097966209376
fine,teddy bear,hyper,plaything,True,328030,0.63,0.3753444492874609
fine,teddy bear,hyper,plaything,True,328030,0.64,0.3751459093662731
fine,teddy bear,hyper,plaything,True,328030,0.65,0.37476174293355397
fine,teddy bear,hyper,plaything,True,328030,0.66,0.3744874513309642
fine,teddy bear,hyper,plaything,True,328030,0.67,0.37415775164016785
fine,teddy bear,hyper,plaything,True,328030,0.68,0.3737708067054295
fine,teddy bear,hyper,plaything,True,328030,0.69,0.3733957900803121
fine,teddy bear,hyper,plaything,True,328030,0.7,0.3730614355905279
fine,teddy bear,hyper,plaything,True,328030,0.71,0.3727344598538528
fine,teddy bear,hyper,plaything,True,328030,0.72,0.3724332591974109
fine,teddy bear,hyper,plaything,True,328030,0.73,0.3721191431505989
fine,teddy bear,hyper,plaything,True,328030,0.74,0.371777345914831
fine,teddy bear,hyper,plaything,True,328030,0.75,0.3713745224530212
fine,teddy bear,hyper,plaything,True,328030,0.76,0.3710160135379795
fine,teddy bear,hyper,plaything,True,328030,0.77,0.3704790339506629
fine,teddy bear,hyper,plaything,True,328030,0.78,0.3700928225138938
fine,teddy bear,hyper,plaything,True,328030,0.79,0.36965840391409105
fine,teddy bear,hyper,plaything,True,328030,0.8,0.3692822775548214
fine,teddy bear,orig,teddy bear,False,435205,0.5,0.8309341178942944
fine,teddy bear,orig,teddy bear,False,435205,0.51,0.8309573014816631
fine,teddy bear,orig,teddy bear,False,435205,0.52,0.8309045050094584
fine,teddy bear,orig,teddy bear,False,435205,0.53,0.8307584515677001
fine,teddy bear,orig,teddy bear,False,435205,0.54,0.8306705907084296
fine,teddy bear,orig,teddy bear,False,435205,0.55,0.8307169388184176
fine,teddy bear,orig,teddy bear,False,435205,0.56,0.8307050742921223
fine,teddy bear,orig,teddy bear,False,435205,0.57,0.8307864853497827
fine,teddy bear,orig,teddy bear,False,435205,0.58,0.830640356103887
fine,teddy bear,orig,teddy bear,False,435205,0.59,0.8305756152282129
fine,teddy bear,orig,teddy bear,False,435205,0.6,0.8306279143147636
fine,teddy bear,orig,teddy bear,False,435205,0.61,0.8306451612903226
fine,teddy bear,orig,teddy bear,False,435205,0.62,0.8307206733298264
fine,teddy bear,orig,teddy bear,False,435205,0.63,0.8307379349046016
fine,teddy bear,orig,teddy bear,False,435205,0.64,0.830655910206945
fine,teddy bear,orig,teddy bear,False,435205,0.65,0.8306440297460362
fine,teddy bear,orig,teddy bear,False,435205,0.66,0.830638088890448
fine,teddy bear,orig,teddy bear,False,435205,0.67,0.8305911243641466
fine,teddy bear,orig,teddy bear,False,435205,0.68,0.8305090692207838
fine,teddy bear,orig,teddy bear,False,435205,0.69,0.8304912280701754
fine,teddy bear,orig,teddy bear,False,435205,0.7,0.8305959149294588
fine,teddy bear,orig,teddy bear,False,435205,0.71,0.8306482748938261
fine,teddy bear,orig,teddy bear,False,435205,0.72,0.8307940742821035
fine,teddy bear,orig,teddy bear,False,435205,0.73,0.8308345914820406
fine,teddy bear,orig,teddy bear,False,435205,0.74,0.8309453574940301
fine,teddy bear,orig,teddy bear,False,435205,0.75,0.8309859154929577
fine,teddy bear,orig,teddy bear,False,435205,0.76,0.8307573415765069
fine,teddy bear,orig,teddy bear,False,435205,0.77,0.8306924779538348
fine,teddy bear,orig,teddy bear,False,435205,0.78,0.8306448778773502
fine,teddy bear,orig,teddy bear,False,435205,0.79,0.8306270209475608
fine,teddy bear,orig,teddy bear,False,435205,0.8,0.8305388590108616
fine,teddy bear,orig,teddy bear,True,435205,0.5,0.8309341178942944
fine,teddy bear,orig,teddy bear,True,435205,0.51,0.8309573014816631
fine,teddy bear,orig,teddy bear,True,435205,0.52,0.8309045050094584
fine,teddy bear,orig,teddy bear,True,435205,0.53,0.8307584515677001
fine,teddy bear,orig,teddy bear,True,435205,0.54,0.8306705907084296
fine,teddy bear,orig,teddy bear,True,435205,0.55,0.8307169388184176
fine,teddy bear,orig,teddy bear,True,435205,0.56,0.8307050742921223
fine,teddy bear,orig,teddy bear,True,435205,0.57,0.8307864853497827
fine,teddy bear,orig,teddy bear,True,435205,0.58,0.830640356103887
fine,teddy bear,orig,teddy bear,True,435205,0.59,0.8305756152282129
fine,teddy bear,orig,teddy bear,True,435205,0.6,0.8306279143147636
fine,teddy bear,orig,teddy bear,True,435205,0.61,0.8306451612903226
fine,teddy bear,orig,teddy bear,True,435205,0.62,0.8307206733298264
fine,teddy bear,orig,teddy bear,True,435205,0.63,0.8307379349046016
fine,teddy bear,orig,teddy bear,True,435205,0.64,0.830655910206945
fine,teddy bear,orig,teddy bear,True,435205,0.65,0.8306440297460362
fine,teddy bear,orig,teddy bear,True,435205,0.66,0.830638088890448
fine,teddy bear,orig,teddy bear,True,435205,0.67,0.8305911243641466
fine,teddy bear,orig,teddy bear,True,435205,0.68,0.8305090692207838
fine,teddy bear,orig,teddy bear,True,435205,0.69,0.8304912280701754
fine,teddy bear,orig,teddy bear,True,435205,0.7,0.8305959149294588
fine,teddy bear,orig,teddy bear,True,435205,0.71,0.8306482748938261
fine,teddy bear,orig,teddy bear,True,435205,0.72,0.8307940742821035
fine,teddy bear,orig,teddy bear,True,435205,0.73,0.8308345914820406
fine,teddy bear,orig,teddy bear,True,435205,0.74,0.8309453574940301
fine,teddy bear,orig,teddy bear,True,435205,0.75,0.8309859154929577
fine,teddy bear,orig,teddy bear,True,435205,0.76,0.8307573415765069
fine,teddy bear,orig,teddy bear,True,435205,0.77,0.8306924779538348
fine,teddy bear,orig,teddy bear,True,435205,0.78,0.8306448778773502
fine,teddy bear,orig,teddy bear,True,435205,0.79,0.8306270209475608
fine,teddy bear,orig,teddy bear,True,435205,0.8,0.8305388590108616
fine,teddy bear,syn,teddy,False,435205,0.5,0.8309341178942944
fine,teddy bear,syn,teddy,False,435205,0.51,0.8309227805988444
fine,teddy bear,syn,teddy,False,435205,0.52,0.8308236447681748
fine,teddy bear,syn,teddy,False,435205,0.53,0.8309755585125008
fine,teddy bear,syn,teddy,False,435205,0.54,0.831010574970236
fine,teddy bear,syn,teddy,False,435205,0.55,0.8310515074057215
fine,teddy bear,syn,teddy,False,435205,0.56,0.8310224089635855
fine,teddy bear,syn,teddy,False,435205,0.57,0.8310633381184133
fine,teddy bear,syn,teddy,False,435205,0.58,0.8310692528534417
fine,teddy bear,syn,teddy,False,435205,0.59,0.8310929076524539
fine,teddy bear,syn,teddy,False,435205,0.6,0.8310988203171492
fine,teddy bear,syn,teddy,False,435205,0.61,0.831017465261979
fine,teddy bear,syn,teddy,False,435205,0.62,0.8310465523276164
fine,teddy bear,syn,teddy,False,435205,0.63,0.8309942953137578
fine,teddy bear,syn,teddy,False,435205,0.64,0.8310933781324373
fine,teddy bear,syn,teddy,False,435205,0.65,0.8311633767324653
fine,teddy bear,syn,teddy,False,435205,0.66,0.8311111111111111
fine,teddy bear,syn,teddy,False,435205,0.67,0.8310938484148646
fine,teddy bear,syn,teddy,False,435205,0.68,0.8311229310284495
fine,teddy bear,syn,teddy,False,435205,0.69,0.8309484658713221
fine,teddy bear,syn,teddy,False,435205,0.7,0.8310125253656148
fine,teddy bear,syn,teddy,False,435205,0.71,0.830989364679541
fine,teddy bear,syn,teddy,False,435205,0.72,0.8309662072343105
fine,teddy bear,syn,teddy,False,435205,0.73,0.8310420820652744
fine,teddy bear,syn,teddy,False,435205,0.74,0.8310420820652744
fine,teddy bear,syn,teddy,False,435205,0.75,0.8310130124527774
fine,teddy bear,syn,teddy,False,435205,0.76,0.8310479921645446
fine,teddy bear,syn,teddy,False,435205,0.77,0.831053901850362
fine,teddy bear,syn,teddy,False,435205,0.78,0.8311470248714451
fine,teddy bear,syn,teddy,False,435205,0.79,0.8312401609235613
fine,teddy bear,syn,teddy,False,435205,0.8,0.8313219295483961
fine,teddy bear,syn,teddy,True,435205,0.5,0.8309341178942944
fine,teddy bear,syn,teddy,True,435205,0.51,0.8309227805988444
fine,teddy bear,syn,teddy,True,435205,0.52,0.8308236447681748
fine,teddy bear,syn,teddy,True,435205,0.53,0.8309755585125008
fine,teddy bear,syn,teddy,True,435205,0.54,0.831010574970236
fine,teddy bear,syn,teddy,True,435205,0.55,0.8310515074057215
fine,teddy bear,syn,teddy,True,435205,0.56,0.8310224089635855
fine,teddy bear,syn,teddy,True,435205,0.57,0.8310633381184133
fine,teddy bear,syn,teddy,True,435205,0.58,0.8310692528534417
fine,teddy bear,syn,teddy,True,435205,0.59,0.8310929076524539
fine,teddy bear,syn,teddy,True,435205,0.6,0.8310988203171492
fine,teddy bear,syn,teddy,True,435205,0.61,0.831017465261979
fine,teddy bear,syn,teddy,True,435205,0.62,0.8310465523276164
fine,teddy bear,syn,teddy,True,435205,0.63,0.8309942953137578
fine,teddy bear,syn,teddy,True,435205,0.64,0.8310933781324373
fine,teddy bear,syn,teddy,True,435205,0.65,0.8311633767324653
fine,teddy bear,syn,teddy,True,435205,0.66,0.8311111111111111
fine,teddy bear,syn,teddy,True,435205,0.67,0.8310938484148646
fine,teddy bear,syn,teddy,True,435205,0.68,0.8311229310284495
fine,teddy bear,syn,teddy,True,435205,0.69,0.8309484658713221
fine,teddy bear,syn,teddy,True,435205,0.7,0.8310125253656148
fine,teddy bear,syn,teddy,True,435205,0.71,0.830989364679541
fine,teddy bear,syn,teddy,True,435205,0.72,0.8309662072343105
fine,teddy bear,syn,teddy,True,435205,0.73,0.8310420820652744
fine,teddy bear,syn,teddy,True,435205,0.74,0.8310420820652744
fine,teddy bear,syn,teddy,True,435205,0.75,0.8310130124527774
fine,teddy bear,syn,teddy,True,435205,0.76,0.8310479921645446
fine,teddy bear,syn,teddy,True,435205,0.77,0.831053901850362
fine,teddy bear,syn,teddy,True,435205,0.78,0.8311470248714451
fine,teddy bear,syn,teddy,True,435205,0.79,0.8312401609235613
fine,teddy bear,syn,teddy,True,435205,0.8,0.8313219295483961
fine,teddy bear,hyper,plaything,False,435205,0.5,0.8293466989284479
fine,teddy bear,hyper,plaything,False,435205,0.51,0.8294099346676346
fine,teddy bear,hyper,plaything,False,435205,0.52,0.8295650971444375
fine,teddy bear,hyper,plaything,False,435205,0.53,0.8295996681186476
fine,teddy bear,hyper,plaything,False,435205,0.54,0.8296511426892093
fine,teddy bear,hyper,plaything,False,435205,0.55,0.8296798285042528
fine,teddy bear,hyper,plaything,False,435205,0.56,0.8296275804834192
fine,teddy bear,hyper,plaything,False,435205,0.57,0.8295753216212478
fine,teddy bear,hyper,plaything,False,435205,0.58,0.8296040117586028
fine,teddy bear,hyper,plaything,False,435205,0.59,0.8295627507956275
fine,teddy bear,hyper,plaything,False,435205,0.6,0.8294243807942439
fine,teddy bear,hyper,plaything,False,435205,0.61,0.8293889696214795
fine,teddy bear,hyper,plaything,False,435205,0.62,0.8293999584746349
fine,teddy bear,hyper,plaything,False,435205,0.63,0.8293763411088807
fine,teddy bear,hyper,plaything,False,435205,0.64,0.829369612628518
fine,teddy bear,hyper,plaything,False,435205,0.65,0.8294034140092102
fine,teddy bear,hyper,plaything,False,435205,0.66,0.829351063093012
fine,teddy bear,hyper,plaything,False,435205,0.67,0.8293333333333334
fine,teddy bear,hyper,plaything,False,435205,0.68,0.829384050439964
fine,teddy bear,hyper,plaything,False,435205,0.69,0.8293080148307287
fine,teddy bear,hyper,plaything,False,435205,0.7,0.8293764946452709
fine,teddy bear,hyper,plaything,False,435205,0.71,0.8291270886778063
fine,teddy bear,hyper,plaything,False,435205,0.72,0.8290221914008322
fine,teddy bear,hyper,plaything,False,435205,0.73,0.8291075578370504
fine,teddy bear,hyper,plaything,False,435205,0.74,0.8289966694421316
fine,teddy bear,hyper,plaything,False,435205,0.75,0.8289898323906028
fine,teddy bear,hyper,plaything,False,435205,0.76,0.8290405442932519
fine,teddy bear,hyper,plaything,False,435205,0.77,0.8289523941803535
fine,teddy bear,hyper,plaything,False,435205,0.78,0.8288870362651105
fine,teddy bear,hyper,plaything,False,435205,0.79,0.8289199332777314
fine,teddy bear,hyper,plaything,False,435205,0.8,0.8288892751607857
fine,teddy bear,hyper,plaything,True,435205,0.5,0.8293239319784322
fine,teddy bear,hyper,plaything,True,435205,0.51,0.8294790694458848
fine,teddy bear,hyper,plaything,True,435205,0.52,0.8295136368350099
fine,teddy bear,hyper,plaything,True,435205,0.53,0.8296283491789109
fine,teddy bear,hyper,plaything,True,435205,0.54,0.8296570322223759
fine,teddy bear,hyper,plaything,True,435205,0.55,0.8297144042597331
fine,teddy bear,hyper,plaything,True,435205,0.56,0.8295930011411183
fine,teddy bear,hyper,plaything,True,435205,0.57,0.8296444874809794
fine,teddy bear,hyper,plaything,True,435205,0.58,0.8296040117586028
fine,teddy bear,hyper,plaything,True,435205,0.59,0.8297070116572693
fine,teddy bear,hyper,plaything,True,435205,0.6,0.8295914484380946
fine,teddy bear,hyper,plaything,True,435205,0.61,0.8294581689848454
fine,teddy bear,hyper,plaything,True,435205,0.62,0.8294691674164302
fine,teddy bear,hyper,plaything,True,435205,0.63,0.8293417318474424
fine,teddy bear,hyper,plaything,True,435205,0.64,0.8293409027970091
fine,teddy bear,hyper,plaything,True,435205,0.65,0.829374697043141
fine,teddy bear,hyper,plaything,True,435205,0.66,0.829356972194328
fine,teddy bear,hyper,plaything,True,435205,0.67,0.8293679653679654
fine,teddy bear,hyper,plaything,True,435205,0.68,0.8293781396154513
fine,teddy bear,hyper,plaything,True,435205,0.69,0.8293080148307287
fine,teddy bear,hyper,plaything,True,435205,0.7,0.8292843527984751
fine,teddy bear,hyper,plaything,True,435205,0.71,0.8291905009533714
fine,teddy bear,hyper,plaything,True,435205,0.72,0.8290915395284327
fine,teddy bear,hyper,plaything,True,435205,0.73,0.8291075578370504
fine,teddy bear,hyper,plaything,True,435205,0.74,0.829008533962395
fine,teddy bear,hyper,plaything,True,435205,0.75,0.8289610660004164
fine,teddy bear,hyper,plaything,True,435205,0.76,0.8291040372131774
fine,teddy bear,hyper,plaything,True,435205,0.77,0.8290218410361471
fine,teddy bear,hyper,plaything,True,435205,0.78,0.8288582444683733
fine,teddy bear,hyper,plaything,True,435205,0.79,0.8289775491763397
fine,teddy bear,hyper,plaything,True,435205,0.8,0.8288892751607857
fine,teddy bear,orig,teddy bear,False,776,0.5,0.8221291501038701
fine,teddy bear,orig,teddy bear,False,776,0.51,0.8216475840533728
fine,teddy bear,orig,teddy bear,False,776,0.52,0.8211404205509804
fine,teddy bear,orig,teddy bear,False,776,0.53,0.8206077987884159
fine,teddy bear,orig,teddy bear,False,776,0.54,0.8201506827551029
fine,teddy bear,orig,teddy bear,False,776,0.55,0.8196767921727678
fine,teddy bear,orig,teddy bear,False,776,0.56,0.8192556972611332
fine,teddy bear,orig,teddy bear,False,776,0.57,0.8188159138238172
fine,teddy bear,orig,teddy bear,False,776,0.58,0.8184008130183306
fine,teddy bear,orig,teddy bear,False,776,0.59,0.8176966350879394
fine,teddy bear,orig,teddy bear,False,776,0.6,0.8170025684143597
fine,teddy bear,orig,teddy bear,False,776,0.61,0.8163839089596887
fine,teddy bear,orig,teddy bear,False,776,0.62,0.8156334344596715
fine,teddy bear,orig,teddy bear,False,776,0.63,0.814689880304679
fine,teddy bear,orig,teddy bear,False,776,0.64,0.8137573357667289
fine,teddy bear,orig,teddy bear,False,776,0.65,0.8129848490557349
fine,teddy bear,orig,teddy bear,False,776,0.66,0.8121718377088305
fine,teddy bear,orig,teddy bear,False,776,0.67,0.811461954018175
fine,teddy bear,orig,teddy bear,False,776,0.68,0.8107874919374429
fine,teddy bear,orig,teddy bear,False,776,0.69,0.810096888914953
fine,teddy bear,orig,teddy bear,False,776,0.7,0.8096271561385794
fine,teddy bear,orig,teddy bear,False,776,0.71,0.8091183372443849
fine,teddy bear,orig,teddy bear,False,776,0.72,0.8086077477273584
fine,teddy bear,orig,teddy bear,False,776,0.73,0.8080416839581316
fine,teddy bear,orig,teddy bear,False,776,0.74,0.8074925053982097
fine,teddy bear,orig,teddy bear,False,776,0.75,0.8069369834060915
fine,teddy bear,orig,teddy bear,False,776,0.76,0.8063263157453199
fine,teddy bear,orig,teddy bear,False,776,0.77,0.8055524088828473
fine,teddy bear,orig,teddy bear,False,776,0.78,0.804777432256061
fine,teddy bear,orig,teddy bear,False,776,0.79,0.8042614101439359
fine,teddy bear,orig,teddy bear,False,776,0.8,0.8038459923583995
fine,teddy bear,orig,teddy bear,True,776,0.5,0.8221291501038701
fine,teddy bear,orig,teddy bear,True,776,0.51,0.8216475840533728
fine,teddy bear,orig,teddy bear,True,776,0.52,0.8211404205509804
fine,teddy bear,orig,teddy bear,True,776,0.53,0.8206077987884159
fine,teddy bear,orig,teddy bear,True,776,0.54,0.8201506827551029
fine,teddy bear,orig,teddy bear,True,776,0.55,0.8196767921727678
fine,teddy bear,orig,teddy bear,True,776,0.56,0.8192556972611332
fine,teddy bear,orig,teddy bear,True,776,0.57,0.8188159138238172
fine,teddy bear,orig,teddy bear,True,776,0.58,0.8184008130183306
fine,teddy bear,orig,teddy bear,True,776,0.59,0.8176966350879394
fine,teddy bear,orig,teddy bear,True,776,0.6,0.8170025684143597
fine,teddy bear,orig,teddy bear,True,776,0.61,0.8163839089596887
fine,teddy bear,orig,teddy bear,True,776,0.62,0.8156334344596715
fine,teddy bear,orig,teddy bear,True,776,0.63,0.814689880304679
fine,teddy bear,orig,teddy bear,True,776,0.64,0.8137573357667289
fine,teddy bear,orig,teddy bear,True,776,0.65,0.8129848490557349
fine,teddy bear,orig,teddy bear,True,776,0.66,0.8121718377088305
fine,teddy bear,orig,teddy bear,True,776,0.67,0.811461954018175
fine,teddy bear,orig,teddy bear,True,776,0.68,0.8107874919374429
fine,teddy bear,orig,teddy bear,True,776,0.69,0.810096888914953
fine,teddy bear,orig,teddy bear,True,776,0.7,0.8096271561385794
fine,teddy bear,orig,teddy bear,True,776,0.71,0.8091183372443849
fine,teddy bear,orig,teddy bear,True,776,0.72,0.8086077477273584
fine,teddy bear,orig,teddy bear,True,776,0.73,0.8080416839581316
fine,teddy bear,orig,teddy bear,True,776,0.74,0.8074925053982097
fine,teddy bear,orig,teddy bear,True,776,0.75,0.8069369834060915
fine,teddy bear,orig,teddy bear,True,776,0.76,0.8063263157453199
fine,teddy bear,orig,teddy bear,True,776,0.77,0.8055524088828473
fine,teddy bear,orig,teddy bear,True,776,0.78,0.804777432256061
fine,teddy bear,orig,teddy bear,True,776,0.79,0.8042614101439359
fine,teddy bear,orig,teddy bear,True,776,0.8,0.8038459923583995
fine,teddy bear,syn,teddy,False,776,0.5,0.8221291501038701
fine,teddy bear,syn,teddy,False,776,0.51,0.8225767353216531
fine,teddy bear,syn,teddy,False,776,0.52,0.8230030800606818
fine,teddy bear,syn,teddy,False,776,0.53,0.8234470654603957
fine,teddy bear,syn,teddy,False,776,0.54,0.8238929326525325
fine,teddy bear,syn,teddy,False,776,0.55,0.8241892761349299
fine,teddy bear,syn,teddy,False,776,0.56,0.8246362341302831
fine,teddy bear,syn,teddy,False,776,0.57,0.824999582268117
fine,teddy bear,syn,teddy,False,776,0.58,0.8254112123768869
fine,teddy bear,syn,teddy,False,776,0.59,0.8258194924137701
fine,teddy bear,syn,teddy,False,776,0.6,0.8261786445066188
fine,teddy bear,syn,teddy,False,776,0.61,0.8265348304097474
fine,teddy bear,syn,teddy,False,776,0.62,0.8268401341088152
fine,teddy bear,syn,teddy,False,776,0.63,0.8271475568618283
fine,teddy bear,syn,teddy,False,776,0.64,0.8273096895924126
fine,teddy bear,syn,teddy,False,776,0.65,0.8275816011353201
fine,teddy bear,syn,teddy,False,776,0.66,0.8278387819750335
fine,teddy bear,syn,teddy,False,776,0.67,0.8281140453376957
fine,teddy bear,syn,teddy,False,776,0.68,0.8285415032297908
fine,teddy bear,syn,teddy,False,776,0.69,0.8289500586244737
fine,teddy bear,syn,teddy,False,776,0.7,0.8293358587860304
fine,teddy bear,syn,teddy,False,776,0.71,0.8297672633524256
fine,teddy bear,syn,teddy,False,776,0.72,0.8301638086021416
fine,teddy bear,syn,teddy,False,776,0.73,0.8304671891488323
fine,teddy bear,syn,teddy,False,776,0.74,0.8307830257533104
fine,teddy bear,syn,teddy,False,776,0.75,0.8310376607075092
fine,teddy bear,syn,teddy,False,776,0.76,0.8312824468861414
fine,teddy bear,syn,teddy,False,776,0.77,0.8316022099447514
fine,teddy bear,syn,teddy,False,776,0.78,0.8319351556897213
fine,teddy bear,syn,teddy,False,776,0.79,0.8321486194087409
fine,teddy bear,syn,teddy,False,776,0.8,0.8323668819122815
fine,teddy bear,syn,teddy,True,776,0.5,0.8221291501038701
fine,teddy bear,syn,teddy,True,776,0.51,0.8225767353216531
fine,teddy bear,syn,teddy,True,776,0.52,0.8230030800606818
fine,teddy bear,syn,teddy,True,776,0.53,0.8234470654603957
fine,teddy bear,syn,teddy,True,776,0.54,0.8238929326525325
fine,teddy bear,syn,teddy,True,776,0.55,0.8241892761349299
fine,teddy bear,syn,teddy,True,776,0.56,0.8246362341302831
fine,teddy bear,syn,teddy,True,776,0.57,0.824999582268117
fine,teddy bear,syn,teddy,True,776,0.58,0.8254112123768869
fine,teddy bear,syn,teddy,True,776,0.59,0.8258194924137701
fine,teddy bear,syn,teddy,True,776,0.6,0.8261786445066188
fine,teddy bear,syn,teddy,True,776,0.61,0.8265348304097474
fine,teddy bear,syn,teddy,True,776,0.62,0.8268401341088152
fine,teddy bear,syn,teddy,True,776,0.63,0.8271475568618283
fine,teddy bear,syn,teddy,True,776,0.64,0.8273096895924126
fine,teddy bear,syn,teddy,True,776,0.65,0.8275816011353201
fine,teddy bear,syn,teddy,True,776,0.66,0.8278387819750335
fine,teddy bear,syn,teddy,True,776,0.67,0.8281140453376957
fine,teddy bear,syn,teddy,True,776,0.68,0.8285415032297908
fine,teddy bear,syn,teddy,True,776,0.69,0.8289500586244737
fine,teddy bear,syn,teddy,True,776,0.7,0.8293358587860304
fine,teddy bear,syn,teddy,True,776,0.71,0.8297672633524256
fine,teddy bear,syn,teddy,True,776,0.72,0.8301638086021416
fine,teddy bear,syn,teddy,True,776,0.73,0.8304671891488323
fine,teddy bear,syn,teddy,True,776,0.74,0.8307830257533104
fine,teddy bear,syn,teddy,True,776,0.75,0.8310376607075092
fine,teddy bear,syn,teddy,True,776,0.76,0.8312824468861414
fine,teddy bear,syn,teddy,True,776,0.77,0.8316022099447514
fine,teddy bear,syn,teddy,True,776,0.78,0.8319351556897213
fine,teddy bear,syn,teddy,True,776,0.79,0.8321486194087409
fine,teddy bear,syn,teddy,True,776,0.8,0.8323668819122815
fine,teddy bear,hyper,plaything,False,776,0.5,0.9414459780742306
fine,teddy bear,hyper,plaything,False,776,0.51,0.9414873194314283
fine,teddy bear,hyper,plaything,False,776,0.52,0.9414893177745295
fine,teddy bear,hyper,plaything,False,776,0.53,0.9414697002862087
fine,teddy bear,hyper,plaything,False,776,0.54,0.9414471537327181
fine,teddy bear,hyper,plaything,False,776,0.55,0.9415354737407545
fine,teddy bear,hyper,plaything,False,776,0.56,0.9415146667989304
fine,teddy bear,hyper,plaything,False,776,0.57,0.9414082201294782
fine,teddy bear,hyper,plaything,False,776,0.58,0.9412436013000008
fine,teddy bear,hyper,plaything,False,776,0.59,0.9411436275807306
fine,teddy bear,hyper,plaything,False,776,0.6,0.9409409078122156
fine,teddy bear,hyper,plaything,False,776,0.61,0.940760696387706
fine,teddy bear,hyper,plaything,False,776,0.62,0.9403859207629013
fine,teddy bear,hyper,plaything,False,776,0.63,0.9401758583859777
fine,teddy bear,hyper,plaything,False,776,0.64,0.9400184685971734
fine,teddy bear,hyper,plaything,False,776,0.65,0.9399176477411123
fine,teddy bear,hyper,plaything,False,776,0.66,0.939628239232943
fine,teddy bear,hyper,plaything,False,776,0.67,0.9393576411195895
fine,teddy bear,hyper,plaything,False,776,0.68,0.9389433880905194
fine,teddy bear,hyper,plaything,False,776,0.69,0.9384198761679239
fine,teddy bear,hyper,plaything,False,776,0.7,0.9377037620805508
fine,teddy bear,hyper,plaything,False,776,0.71,0.9365699659411001
fine,teddy bear,hyper,plaything,False,776,0.72,0.9352728117596784
fine,teddy bear,hyper,plaything,False,776,0.73,0.9336727496037377
fine,teddy bear,hyper,plaything,False,776,0.74,0.9320651046205689
fine,teddy bear,hyper,plaything,False,776,0.75,0.930684275403522
fine,teddy bear,hyper,plaything,False,776,0.76,0.9293814860938149
fine,teddy bear,hyper,plaything,False,776,0.77,0.9277626689364529
fine,teddy bear,hyper,plaything,False,776,0.78,0.9246007849326162
fine,teddy bear,hyper,plaything,False,776,0.79,0.9227330699469488
fine,teddy bear,hyper,plaything,False,776,0.8,0.9197167647352149
fine,teddy bear,hyper,plaything,True,776,0.5,0.9414527833043019
fine,teddy bear,hyper,plaything,True,776,0.51,0.9414703223116271
fine,teddy bear,hyper,plaything,True,776,0.52,0.9414881097397315
fine,teddy bear,hyper,plaything,True,776,0.53,0.9414650867925776
fine,teddy bear,hyper,plaything,True,776,0.54,0.9414413297973414
fine,teddy bear,hyper,plaything,True,776,0.55,0.9415456960921649
fine,teddy bear,hyper,plaything,True,776,0.56,0.9414971666177558
fine,teddy bear,hyper,plaything,True,776,0.57,0.9414225768443681
fine,teddy bear,hyper,plaything,True,776,0.58,0.9412501705680225
fine,teddy bear,hyper,plaything,True,776,0.59,0.9411224616402664
fine,teddy bear,hyper,plaything,True,776,0.6,0.9409231380239038
fine,teddy bear,hyper,plaything,True,776,0.61,0.940747545976726
fine,teddy bear,hyper,plaything,True,776,0.62,0.9403888261126908
fine,teddy bear,hyper,plaything,True,776,0.63,0.9401709755542216
fine,teddy bear,hyper,plaything,True,776,0.64,0.9400125888257607
fine,teddy bear,hyper,plaything,True,776,0.65,0.9398798674399337
fine,teddy bear,hyper,plaything,True,776,0.66,0.9396057696690437
fine,teddy bear,hyper,plaything,True,776,0.67,0.9393151871608991
fine,teddy bear,hyper,plaything,True,776,0.68,0.9389213909885107
fine,teddy bear,hyper,plaything,True,776,0.69,0.9383903355437501
fine,teddy bear,hyper,plaything,True,776,0.7,0.9376778411023452
fine,teddy bear,hyper,plaything,True,776,0.71,0.9365188676114301
fine,teddy bear,hyper,plaything,True,776,0.72,0.9352058915050306
fine,teddy bear,hyper,plaything,True,776,0.73,0.9335897627405582
fine,teddy bear,hyper,plaything,True,776,0.74,0.9320017264132934
fine,teddy bear,hyper,plaything,True,776,0.75,0.9306211556500013
fine,teddy bear,hyper,plaything,True,776,0.76,0.9293473974354185
fine,teddy bear,hyper,plaything,True,776,0.77,0.9276615180202624
fine,teddy bear,hyper,plaything,True,776,0.78,0.9245139612830342
fine,teddy bear,hyper,plaything,True,776,0.79,0.922684481225748
fine,teddy bear,hyper,plaything,True,776,0.8,0.9194862077276619
fine,truck,orig,truck,False,315450,0.5,0.0
fine,truck,orig,truck,False,315450,0.51,0.0
fine,truck,orig,truck,False,315450,0.52,0.0
fine,truck,orig,truck,False,315450,0.53,0.0
fine,truck,orig,truck,False,315450,0.54,0.0
fine,truck,orig,truck,False,315450,0.55,0.0
fine,truck,orig,truck,False,315450,0.56,0.0
fine,truck,orig,truck,False,315450,0.57,0.0
fine,truck,orig,truck,False,315450,0.58,0.0
fine,truck,orig,truck,False,315450,0.59,0.0
fine,truck,orig,truck,False,315450,0.6,0.0
fine,truck,orig,truck,False,315450,0.61,0.0
fine,truck,orig,truck,False,315450,0.62,0.0
fine,truck,orig,truck,False,315450,0.63,0.0
fine,truck,orig,truck,False,315450,0.64,0.0
fine,truck,orig,truck,False,315450,0.65,0.0
fine,truck,orig,truck,False,315450,0.66,0.0
fine,truck,orig,truck,False,315450,0.67,0.0
fine,truck,orig,truck,False,315450,0.68,0.0
fine,truck,orig,truck,False,315450,0.69,0.0
fine,truck,orig,truck,False,315450,0.7,0.0
fine,truck,orig,truck,False,315450,0.71,0.0
fine,truck,orig,truck,False,315450,0.72,0.0
fine,truck,orig,truck,False,315450,0.73,0.0
fine,truck,orig,truck,False,315450,0.74,0.0
fine,truck,orig,truck,False,315450,0.75,0.0
fine,truck,orig,truck,False,315450,0.76,0.0
fine,truck,orig,truck,False,315450,0.77,0.0
fine,truck,orig,truck,False,315450,0.78,0.0
fine,truck,orig,truck,False,315450,0.79,0.0
fine,truck,orig,truck,False,315450,0.8,0.0
fine,truck,orig,truck,True,315450,0.5,0.0
fine,truck,orig,truck,True,315450,0.51,0.0
fine,truck,orig,truck,True,315450,0.52,0.0
fine,truck,orig,truck,True,315450,0.53,0.0
fine,truck,orig,truck,True,315450,0.54,0.0
fine,truck,orig,truck,True,315450,0.55,0.0
fine,truck,orig,truck,True,315450,0.56,0.0
fine,truck,orig,truck,True,315450,0.57,0.0
fine,truck,orig,truck,True,315450,0.58,0.0
fine,truck,orig,truck,True,315450,0.59,0.0
fine,truck,orig,truck,True,315450,0.6,0.0
fine,truck,orig,truck,True,315450,0.61,0.0
fine,truck,orig,truck,True,315450,0.62,0.0
fine,truck,orig,truck,True,315450,0.63,0.0
fine,truck,orig,truck,True,315450,0.64,0.0
fine,truck,orig,truck,True,315450,0.65,0.0
fine,truck,orig,truck,True,315450,0.66,0.0
fine,truck,orig,truck,True,315450,0.67,0.0
fine,truck,orig,truck,True,315450,0.68,0.0
fine,truck,orig,truck,True,315450,0.69,0.0
fine,truck,orig,truck,True,315450,0.7,0.0
fine,truck,orig,truck,True,315450,0.71,0.0
fine,truck,orig,truck,True,315450,0.72,0.0
fine,truck,orig,truck,True,315450,0.73,0.0
fine,truck,orig,truck,True,315450,0.74,0.0
fine,truck,orig,truck,True,315450,0.75,0.0
fine,truck,orig,truck,True,315450,0.76,0.0
fine,truck,orig,truck,True,315450,0.77,0.0
fine,truck,orig,truck,True,315450,0.78,0.0
fine,truck,orig,truck,True,315450,0.79,0.0
fine,truck,orig,truck,True,315450,0.8,0.0
fine,truck,syn,motortruck,False,315450,0.5,0.0
fine,truck,syn,motortruck,False,315450,0.51,0.0
fine,truck,syn,motortruck,False,315450,0.52,0.0
fine,truck,syn,motortruck,False,315450,0.53,0.0
fine,truck,syn,motortruck,False,315450,0.54,0.0
fine,truck,syn,motortruck,False,315450,0.55,0.0
fine,truck,syn,motortruck,False,315450,0.56,0.0
fine,truck,syn,motortruck,False,315450,0.57,0.0
fine,truck,syn,motortruck,False,315450,0.58,0.0
fine,truck,syn,motortruck,False,315450,0.59,0.0
fine,truck,syn,motortruck,False,315450,0.6,0.0
fine,truck,syn,motortruck,False,315450,0.61,0.0
fine,truck,syn,motortruck,False,315450,0.62,0.0
fine,truck,syn,motortruck,False,315450,0.63,0.0
fine,truck,syn,motortruck,False,315450,0.64,0.0
fine,truck,syn,motortruck,False,315450,0.65,0.0
fine,truck,syn,motortruck,False,315450,0.66,0.0
fine,truck,syn,motortruck,False,315450,0.67,0.0
fine,truck,syn,motortruck,False,315450,0.68,0.0
fine,truck,syn,motortruck,False,315450,0.69,0.0
fine,truck,syn,motortruck,False,315450,0.7,0.0
fine,truck,syn,motortruck,False,315450,0.71,0.0
fine,truck,syn,motortruck,False,315450,0.72,0.0
fine,truck,syn,motortruck,False,315450,0.73,0.0
fine,truck,syn,motortruck,False,315450,0.74,0.0
fine,truck,syn,motortruck,False,315450,0.75,0.0
fine,truck,syn,motortruck,False,315450,0.76,0.0
fine,truck,syn,motortruck,False,315450,0.77,0.0
fine,truck,syn,motortruck,False,315450,0.78,0.0
fine,truck,syn,motortruck,False,315450,0.79,0.0
fine,truck,syn,motortruck,False,315450,0.8,0.0
fine,truck,syn,motortruck,True,315450,0.5,0.0
fine,truck,syn,motortruck,True,315450,0.51,0.0
fine,truck,syn,motortruck,True,315450,0.52,0.0
fine,truck,syn,motortruck,True,315450,0.53,0.0
fine,truck,syn,motortruck,True,315450,0.54,0.0
fine,truck,syn,motortruck,True,315450,0.55,0.0
fine,truck,syn,motortruck,True,315450,0.56,0.0
fine,truck,syn,motortruck,True,315450,0.57,0.0
fine,truck,syn,motortruck,True,315450,0.58,0.0
fine,truck,syn,motortruck,True,315450,0.59,0.0
fine,truck,syn,motortruck,True,315450,0.6,0.0
fine,truck,syn,motortruck,True,315450,0.61,0.0
fine,truck,syn,motortruck,True,315450,0.62,0.0
fine,truck,syn,motortruck,True,315450,0.63,0.0
fine,truck,syn,motortruck,True,315450,0.64,0.0
fine,truck,syn,motortruck,True,315450,0.65,0.0
fine,truck,syn,motortruck,True,315450,0.66,0.0
fine,truck,syn,motortruck,True,315450,0.67,0.0
fine,truck,syn,motortruck,True,315450,0.68,0.0
fine,truck,syn,motortruck,True,315450,0.69,0.0
fine,truck,syn,motortruck,True,315450,0.7,0.0
fine,truck,syn,motortruck,True,315450,0.71,0.0
fine,truck,syn,motortruck,True,315450,0.72,0.0
fine,truck,syn,motortruck,True,315450,0.73,0.0
fine,truck,syn,motortruck,True,315450,0.74,0.0
fine,truck,syn,motortruck,True,315450,0.75,0.0
fine,truck,syn,motortruck,True,315450,0.76,0.0
fine,truck,syn,motortruck,True,315450,0.77,0.0
fine,truck,syn,motortruck,True,315450,0.78,0.0
fine,truck,syn,motortruck,True,315450,0.79,0.0
fine,truck,syn,motortruck,True,315450,0.8,0.0
fine,truck,hypo,tow truck,False,315450,0.5,0.0
fine,truck,hypo,tow truck,False,315450,0.51,0.0
fine,truck,hypo,tow truck,False,315450,0.52,0.0
fine,truck,hypo,tow truck,False,315450,0.53,0.0
fine,truck,hypo,tow truck,False,315450,0.54,0.0
fine,truck,hypo,tow truck,False,315450,0.55,0.0
fine,truck,hypo,tow truck,False,315450,0.56,0.0
fine,truck,hypo,tow truck,False,315450,0.57,0.0
fine,truck,hypo,tow truck,False,315450,0.58,0.0
fine,truck,hypo,tow truck,False,315450,0.59,0.0
fine,truck,hypo,tow truck,False,315450,0.6,0.0
fine,truck,hypo,tow truck,False,315450,0.61,0.0
fine,truck,hypo,tow truck,False,315450,0.62,0.0
fine,truck,hypo,tow truck,False,315450,0.63,0.0
fine,truck,hypo,tow truck,False,315450,0.64,0.0
fine,truck,hypo,tow truck,False,315450,0.65,0.0
fine,truck,hypo,tow truck,False,315450,0.66,0.0
fine,truck,hypo,tow truck,False,315450,0.67,0.0
fine,truck,hypo,tow truck,False,315450,0.68,0.0
fine,truck,hypo,tow truck,False,315450,0.69,0.0
fine,truck,hypo,tow truck,False,315450,0.7,0.0
fine,truck,hypo,tow truck,False,315450,0.71,0.0
fine,truck,hypo,tow truck,False,315450,0.72,0.0
fine,truck,hypo,tow truck,False,315450,0.73,0.0
fine,truck,hypo,tow truck,False,315450,0.74,0.0
fine,truck,hypo,tow truck,False,315450,0.75,0.0
fine,truck,hypo,tow truck,False,315450,0.76,0.0
fine,truck,hypo,tow truck,False,315450,0.77,0.0
fine,truck,hypo,tow truck,False,315450,0.78,0.0
fine,truck,hypo,tow truck,False,315450,0.79,0.0
fine,truck,hypo,tow truck,False,315450,0.8,0.0
fine,truck,hypo,tow truck,True,315450,0.5,0.0
fine,truck,hypo,tow truck,True,315450,0.51,0.0
fine,truck,hypo,tow truck,True,315450,0.52,0.0
fine,truck,hypo,tow truck,True,315450,0.53,0.0
fine,truck,hypo,tow truck,True,315450,0.54,0.0
fine,truck,hypo,tow truck,True,315450,0.55,0.0
fine,truck,hypo,tow truck,True,315450,0.56,0.0
fine,truck,hypo,tow truck,True,315450,0.57,0.0
fine,truck,hypo,tow truck,True,315450,0.58,0.0
fine,truck,hypo,tow truck,True,315450,0.59,0.0
fine,truck,hypo,tow truck,True,315450,0.6,0.0
fine,truck,hypo,tow truck,True,315450,0.61,0.0
fine,truck,hypo,tow truck,True,315450,0.62,0.0
fine,truck,hypo,tow truck,True,315450,0.63,0.0
fine,truck,hypo,tow truck,True,315450,0.64,0.0
fine,truck,hypo,tow truck,True,315450,0.65,0.0
fine,truck,hypo,tow truck,True,315450,0.66,0.0
fine,truck,hypo,tow truck,True,315450,0.67,0.0
fine,truck,hypo,tow truck,True,315450,0.68,0.0
fine,truck,hypo,tow truck,True,315450,0.69,0.0
fine,truck,hypo,tow truck,True,315450,0.7,0.0
fine,truck,hypo,tow truck,True,315450,0.71,0.0
fine,truck,hypo,tow truck,True,315450,0.72,0.0
fine,truck,hypo,tow truck,True,315450,0.73,0.0
fine,truck,hypo,tow truck,True,315450,0.74,0.0
fine,truck,hypo,tow truck,True,315450,0.75,0.0
fine,truck,hypo,tow truck,True,315450,0.76,0.0
fine,truck,hypo,tow truck,True,315450,0.77,0.0
fine,truck,hypo,tow truck,True,315450,0.78,0.0
fine,truck,hypo,tow truck,True,315450,0.79,0.0
fine,truck,hypo,tow truck,True,315450,0.8,0.0
fine,truck,hyper,motor vehicle,False,315450,0.5,0.0
fine,truck,hyper,motor vehicle,False,315450,0.51,0.0
fine,truck,hyper,motor vehicle,False,315450,0.52,0.0
fine,truck,hyper,motor vehicle,False,315450,0.53,0.0
fine,truck,hyper,motor vehicle,False,315450,0.54,0.0
fine,truck,hyper,motor vehicle,False,315450,0.55,0.0
fine,truck,hyper,motor vehicle,False,315450,0.56,0.0
fine,truck,hyper,motor vehicle,False,315450,0.57,0.0
fine,truck,hyper,motor vehicle,False,315450,0.58,0.0
fine,truck,hyper,motor vehicle,False,315450,0.59,0.0
fine,truck,hyper,motor vehicle,False,315450,0.6,0.0
fine,truck,hyper,motor vehicle,False,315450,0.61,0.0
fine,truck,hyper,motor vehicle,False,315450,0.62,0.0
fine,truck,hyper,motor vehicle,False,315450,0.63,0.0
fine,truck,hyper,motor vehicle,False,315450,0.64,0.0
fine,truck,hyper,motor vehicle,False,315450,0.65,0.0
fine,truck,hyper,motor vehicle,False,315450,0.66,0.0
fine,truck,hyper,motor vehicle,False,315450,0.67,0.0
fine,truck,hyper,motor vehicle,False,315450,0.68,0.0
fine,truck,hyper,motor vehicle,False,315450,0.69,0.0
fine,truck,hyper,motor vehicle,False,315450,0.7,0.0
fine,truck,hyper,motor vehicle,False,315450,0.71,0.0
fine,truck,hyper,motor vehicle,False,315450,0.72,0.0
fine,truck,hyper,motor vehicle,False,315450,0.73,0.0
fine,truck,hyper,motor vehicle,False,315450,0.74,0.0
fine,truck,hyper,motor vehicle,False,315450,0.75,0.0
fine,truck,hyper,motor vehicle,False,315450,0.76,0.0
fine,truck,hyper,motor vehicle,False,315450,0.77,0.0
fine,truck,hyper,motor vehicle,False,315450,0.78,0.0
fine,truck,hyper,motor vehicle,False,315450,0.79,0.0
fine,truck,hyper,motor vehicle,False,315450,0.8,0.0
fine,truck,hyper,motor vehicle,True,315450,0.5,0.0
fine,truck,hyper,motor vehicle,True,315450,0.51,0.0
fine,truck,hyper,motor vehicle,True,315450,0.52,0.0
fine,truck,hyper,motor vehicle,True,315450,0.53,0.0
fine,truck,hyper,motor vehicle,True,315450,0.54,0.0
fine,truck,hyper,motor vehicle,True,315450,0.55,0.0
fine,truck,hyper,motor vehicle,True,315450,0.56,0.0
fine,truck,hyper,motor vehicle,True,315450,0.57,0.0
fine,truck,hyper,motor vehicle,True,315450,0.58,0.0
fine,truck,hyper,motor vehicle,True,315450,0.59,0.0
fine,truck,hyper,motor vehicle,True,315450,0.6,0.0
fine,truck,hyper,motor vehicle,True,315450,0.61,0.0
fine,truck,hyper,motor vehicle,True,315450,0.62,0.0
fine,truck,hyper,motor vehicle,True,315450,0.63,0.0
fine,truck,hyper,motor vehicle,True,315450,0.64,0.0
fine,truck,hyper,motor vehicle,True,315450,0.65,0.0
fine,truck,hyper,motor vehicle,True,315450,0.66,0.0
fine,truck,hyper,motor vehicle,True,315450,0.67,0.0
fine,truck,hyper,motor vehicle,True,315450,0.68,0.0
fine,truck,hyper,motor vehicle,True,315450,0.69,0.0
fine,truck,hyper,motor vehicle,True,315450,0.7,0.0
fine,truck,hyper,motor vehicle,True,315450,0.71,0.0
fine,truck,hyper,motor vehicle,True,315450,0.72,0.0
fine,truck,hyper,motor vehicle,True,315450,0.73,0.0
fine,truck,hyper,motor vehicle,True,315450,0.74,0.0
fine,truck,hyper,motor vehicle,True,315450,0.75,0.0
fine,truck,hyper,motor vehicle,True,315450,0.76,0.0
fine,truck,hyper,motor vehicle,True,315450,0.77,0.0
fine,truck,hyper,motor vehicle,True,315450,0.78,0.0
fine,truck,hyper,motor vehicle,True,315450,0.79,0.0
fine,truck,hyper,motor vehicle,True,315450,0.8,0.0
fine,truck,orig,truck,False,9769,0.5,0.8875844196638919
fine,truck,orig,truck,False,9769,0.51,0.8876185986210148
fine,truck,orig,truck,False,9769,0.52,0.887576406769001
fine,truck,orig,truck,False,9769,0.53,0.8874663205302181
fine,truck,orig,truck,False,9769,0.54,0.8870853500177075
fine,truck,orig,truck,False,9769,0.55,0.8869529265843719
fine,truck,orig,truck,False,9769,0.56,0.8867500738843463
fine,truck,orig,truck,False,9769,0.57,0.886903705456625
fine,truck,orig,truck,False,9769,0.58,0.8866170636878565
fine,truck,orig,truck,False,9769,0.59,0.8860094416023071
fine,truck,orig,truck,False,9769,0.6,0.8853376027830487
fine,truck,orig,truck,False,9769,0.61,0.8854129565871226
fine,truck,orig,truck,False,9769,0.62,0.8849017743979721
fine,truck,orig,truck,False,9769,0.63,0.8841366735373395
fine,truck,orig,truck,False,9769,0.64,0.8831452204788447
fine,truck,orig,truck,False,9769,0.65,0.8823249166269652
fine,truck,orig,truck,False,9769,0.66,0.8814064362336115
fine,truck,orig,truck,False,9769,0.67,0.8805780277882685
fine,truck,orig,truck,False,9769,0.68,0.8798782670963122
fine,truck,orig,truck,False,9769,0.69,0.8790189325317035
fine,truck,orig,truck,False,9769,0.7,0.8783301783401415
fine,truck,orig,truck,False,9769,0.71,0.8767997447453436
fine,truck,orig,truck,False,9769,0.72,0.8748678040506834
fine,truck,orig,truck,False,9769,0.73,0.8727058494597887
fine,truck,orig,truck,False,9769,0.74,0.8699676168392436
fine,truck,orig,truck,False,9769,0.75,0.8670841753536486
fine,truck,orig,truck,False,9769,0.76,0.8631302815491209
fine,truck,orig,truck,False,9769,0.77,0.8598881830751658
fine,truck,orig,truck,False,9769,0.78,0.8554951557579283
fine,truck,orig,truck,False,9769,0.79,0.850565022781558
fine,truck,orig,truck,False,9769,0.8,0.8464180963477842
fine,truck,orig,truck,True,9769,0.5,0.8875844196638919
fine,truck,orig,truck,True,9769,0.51,0.8876185986210148
fine,truck,orig,truck,True,9769,0.52,0.887576406769001
fine,truck,orig,truck,True,9769,0.53,0.8874663205302181
fine,truck,orig,truck,True,9769,0.54,0.8870853500177075
fine,truck,orig,truck,True,9769,0.55,0.8869529265843719
fine,truck,orig,truck,True,9769,0.56,0.8867500738843463
fine,truck,orig,truck,True,9769,0.57,0.886903705456625
fine,truck,orig,truck,True,9769,0.58,0.8866170636878565
fine,truck,orig,truck,True,9769,0.59,0.8860094416023071
fine,truck,orig,truck,True,9769,0.6,0.8853376027830487
fine,truck,orig,truck,True,9769,0.61,0.8854129565871226
fine,truck,orig,truck,True,9769,0.62,0.8849017743979721
fine,truck,orig,truck,True,9769,0.63,0.8841366735373395
fine,truck,orig,truck,True,9769,0.64,0.8831452204788447
fine,truck,orig,truck,True,9769,0.65,0.8823249166269652
fine,truck,orig,truck,True,9769,0.66,0.8814064362336115
fine,truck,orig,truck,True,9769,0.67,0.8805780277882685
fine,truck,orig,truck,True,9769,0.68,0.8798782670963122
fine,truck,orig,truck,True,9769,0.69,0.8790189325317035
fine,truck,orig,truck,True,9769,0.7,0.8783301783401415
fine,truck,orig,truck,True,9769,0.71,0.8767997447453436
fine,truck,orig,truck,True,9769,0.72,0.8748678040506834
fine,truck,orig,truck,True,9769,0.73,0.8727058494597887
fine,truck,orig,truck,True,9769,0.74,0.8699676168392436
fine,truck,orig,truck,True,9769,0.75,0.8670841753536486
fine,truck,orig,truck,True,9769,0.76,0.8631302815491209
fine,truck,orig,truck,True,9769,0.77,0.8598881830751658
fine,truck,orig,truck,True,9769,0.78,0.8554951557579283
fine,truck,orig,truck,True,9769,0.79,0.850565022781558
fine,truck,orig,truck,True,9769,0.8,0.8464180963477842
fine,truck,syn,motortruck,False,9769,0.5,0.8875844196638919
fine,truck,syn,motortruck,False,9769,0.51,0.887665803312142
fine,truck,syn,motortruck,False,9769,0.52,0.8876446362031771
fine,truck,syn,motortruck,False,9769,0.53,0.8876955039002783
fine,truck,syn,motortruck,False,9769,0.54,0.8873722141710078
fine,truck,syn,motortruck,False,9769,0.55,0.8875665518321328
fine,truck,syn,motortruck,False,9769,0.56,0.8874914425427873
fine,truck,syn,motortruck,False,9769,0.57,0.8874682306940371
fine,truck,syn,motortruck,False,9769,0.58,0.8873410054512417
fine,truck,syn,motortruck,False,9769,0.59,0.8872895590016014
fine,truck,syn,motortruck,False,9769,0.6,0.8872164304400453
fine,truck,syn,motortruck,False,9769,0.61,0.8870829268292683
fine,truck,syn,motortruck,False,9769,0.62,0.8869039492930277
fine,truck,syn,motortruck,False,9769,0.63,0.8868766813520995
fine,truck,syn,motortruck,False,9769,0.64,0.8866700436408977
fine,truck,syn,motortruck,False,9769,0.65,0.8868222187597382
fine,truck,syn,motortruck,False,9769,0.66,0.8867604975763593
fine,truck,syn,motortruck,False,9769,0.67,0.8866940427767939
fine,truck,syn,motortruck,False,9769,0.68,0.8866948113849925
fine,truck,syn,motortruck,False,9769,0.69,0.8866394399066511
fine,truck,syn,motortruck,False,9769,0.7,0.8864290157051781
fine,truck,syn,motortruck,False,9769,0.71,0.8864210485406708
fine,truck,syn,motortruck,False,9769,0.72,0.8863420035354223
fine,truck,syn,motortruck,False,9769,0.73,0.8862868460911103
fine,truck,syn,motortruck,False,9769,0.74,0.8861734961274919
fine,truck,syn,motortruck,False,9769,0.75,0.8860796336541447
fine,truck,syn,motortruck,False,9769,0.76,0.8860069451180476
fine,truck,syn,motortruck,False,9769,0.77,0.885859447719516
fine,truck,syn,motortruck,False,9769,0.78,0.8859314115115445
fine,truck,syn,motortruck,False,9769,0.79,0.8858244825180247
fine,truck,syn,motortruck,False,9769,0.8,0.8858211268697203
fine,truck,syn,motortruck,True,9769,0.5,0.8875844196638919
fine,truck,syn,motortruck,True,9769,0.51,0.887665803312142
fine,truck,syn,motortruck,True,9769,0.52,0.8876446362031771
fine,truck,syn,motortruck,True,9769,0.53,0.8876955039002783
fine,truck,syn,motortruck,True,9769,0.54,0.8873722141710078
fine,truck,syn,motortruck,True,9769,0.55,0.8875665518321328
fine,truck,syn,motortruck,True,9769,0.56,0.8874914425427873
fine,truck,syn,motortruck,True,9769,0.57,0.8874682306940371
fine,truck,syn,motortruck,True,9769,0.58,0.8873410054512417
fine,truck,syn,motortruck,True,9769,0.59,0.8872895590016014
fine,truck,syn,motortruck,True,9769,0.6,0.8872164304400453
fine,truck,syn,motortruck,True,9769,0.61,0.8870829268292683
fine,truck,syn,motortruck,True,9769,0.62,0.8869039492930277
fine,truck,syn,motortruck,True,9769,0.63,0.8868766813520995
fine,truck,syn,motortruck,True,9769,0.64,0.8866700436408977
fine,truck,syn,motortruck,True,9769,0.65,0.8868222187597382
fine,truck,syn,motortruck,True,9769,0.66,0.8867604975763593
fine,truck,syn,motortruck,True,9769,0.67,0.8866940427767939
fine,truck,syn,motortruck,True,9769,0.68,0.8866948113849925
fine,truck,syn,motortruck,True,9769,0.69,0.8866394399066511
fine,truck,syn,motortruck,True,9769,0.7,0.8864290157051781
fine,truck,syn,motortruck,True,9769,0.71,0.8864210485406708
fine,truck,syn,motortruck,True,9769,0.72,0.8863420035354223
fine,truck,syn,motortruck,True,9769,0.73,0.8862868460911103
fine,truck,syn,motortruck,True,9769,0.74,0.8861734961274919
fine,truck,syn,motortruck,True,9769,0.75,0.8860796336541447
fine,truck,syn,motortruck,True,9769,0.76,0.8860069451180476
fine,truck,syn,motortruck,True,9769,0.77,0.885859447719516
fine,truck,syn,motortruck,True,9769,0.78,0.8859314115115445
fine,truck,syn,motortruck,True,9769,0.79,0.8858244825180247
fine,truck,syn,motortruck,True,9769,0.8,0.8858211268697203
fine,truck,hypo,tow truck,False,9769,0.5,0.8829094049301304
fine,truck,hypo,tow truck,False,9769,0.51,0.8830717928599451
fine,truck,hypo,tow truck,False,9769,0.52,0.8832062415462725
fine,truck,hypo,tow truck,False,9769,0.53,0.8834675602061411
fine,truck,hypo,tow truck,False,9769,0.54,0.8836307366854054
fine,truck,hypo,tow truck,False,9769,0.55,0.8837951630275139
fine,truck,hypo,tow truck,False,9769,0.56,0.8837819320739944
fine,truck,hypo,tow truck,False,9769,0.57,0.8841209275022014
fine,truck,hypo,tow truck,False,9769,0.58,0.8843528099998044
fine,truck,hypo,tow truck,False,9769,0.59,0.8844536582503765
fine,truck,hypo,tow truck,False,9769,0.6,0.8844552190658664
fine,truck,hypo,tow truck,False,9769,0.61,0.8846973280428452
fine,truck,hypo,tow truck,False,9769,0.62,0.8847634494753093
fine,truck,hypo,tow truck,False,9769,0.63,0.8850700482619824
fine,truck,hypo,tow truck,False,9769,0.64,0.884947454779857
fine,truck,hypo,tow truck,False,9769,0.65,0.8851194312611081
fine,truck,hypo,tow truck,False,9769,0.66,0.885193719731292
fine,truck,hypo,tow truck,False,9769,0.67,0.8852958406561219
fine,truck,hypo,tow truck,False,9769,0.68,0.8853829031124302
fine,truck,hypo,tow truck,False,9769,0.69,0.8854894763559686
fine,truck,hypo,tow truck,False,9769,0.7,0.8854984186482371
fine,truck,hypo,tow truck,False,9769,0.71,0.8856200218647509
fine,truck,hypo,tow truck,False,9769,0.72,0.885687514640431
fine,truck,hypo,tow truck,False,9769,0.73,0.8856529377317978
fine,truck,hypo,tow truck,False,9769,0.74,0.8856769206745784
fine,truck,hypo,tow truck,False,9769,0.75,0.8857527668794285
fine,truck,hypo,tow truck,False,9769,0.76,0.885880492708923
fine,truck,hypo,tow truck,False,9769,0.77,0.885841450797431
fine,truck,hypo,tow truck,False,9769,0.78,0.8859429910191331
fine,truck,hypo,tow truck,False,9769,0.79,0.8860294835497413
fine,truck,hypo,tow truck,False,9769,0.8,0.886042333828009
fine,truck,hypo,tow truck,True,9769,0.5,0.882907106828129
fine,truck,hypo,tow truck,True,9769,0.51,0.883052177324441
fine,truck,hypo,tow truck,True,9769,0.52,0.8832235552419039
fine,truck,hypo,tow truck,True,9769,0.53,0.8834675602061411
fine,truck,hypo,tow truck,True,9769,0.54,0.8836653542535895
fine,truck,hypo,tow truck,True,9769,0.55,0.8837755801429551
fine,truck,hypo,tow truck,True,9769,0.56,0.8837992326364419
fine,truck,hypo,tow truck,True,9769,0.57,0.8841186599874765
fine,truck,hypo,tow truck,True,9769,0.58,0.8843528099998044
fine,truck,hypo,tow truck,True,9769,0.59,0.8844341006434453
fine,truck,hypo,tow truck,True,9769,0.6,0.8844356683415121
fine,truck,hypo,tow truck,True,9769,0.61,0.8847319142281905
fine,truck,hypo,tow truck,True,9769,0.62,0.8847439079201923
fine,truck,hypo,tow truck,True,9769,0.63,0.8850505089978311
fine,truck,hypo,tow truck,True,9769,0.64,0.8849624941397093
fine,truck,hypo,tow truck,True,9769,0.65,0.8850826139603921
fine,truck,hypo,tow truck,True,9769,0.66,0.8852110063077314
fine,truck,hypo,tow truck,True,9769,0.67,0.8852958406561219
fine,truck,hypo,tow truck,True,9769,0.68,0.8853806650655107
fine,truck,hypo,tow truck,True,9769,0.69,0.8854894763559686
fine,truck,hypo,tow truck,True,9769,0.7,0.8854984186482371
fine,truck,hypo,tow truck,True,9769,0.71,0.8855809776667187
fine,truck,hypo,tow truck,True,9769,0.72,0.8857048041072091
fine,truck,hypo,tow truck,True,9769,0.73,0.8857048041072091
fine,truck,hypo,tow truck,True,9769,0.74,0.885694208584646
fine,truck,hypo,tow truck,True,9769,0.75,0.8857700566074566
fine,truck,hypo,tow truck,True,9769,0.76,0.8859150805270863
fine,truck,hypo,tow truck,True,9769,0.77,0.8858520586455303
fine,truck,hypo,tow truck,True,9769,0.78,0.8859775860049202
fine,truck,hypo,tow truck,True,9769,0.79,0.8860813871748809
fine,truck,hypo,tow truck,True,9769,0.8,0.8860250327065393
fine,truck,hyper,motor vehicle,False,9769,0.5,0.7693414034877449
fine,truck,hyper,motor vehicle,False,9769,0.51,0.7725213086611973
fine,truck,hyper,motor vehicle,False,9769,0.52,0.7757919093592914
fine,truck,hyper,motor vehicle,False,9769,0.53,0.7791068580542265
fine,truck,hyper,motor vehicle,False,9769,0.54,0.7819080061355804
fine,truck,hyper,motor vehicle,False,9769,0.55,0.7842071738524623
fine,truck,hyper,motor vehicle,False,9769,0.56,0.7870427466035447
fine,truck,hyper,motor vehicle,False,9769,0.57,0.7896359044721509
fine,truck,hyper,motor vehicle,False,9769,0.58,0.7924127103992369
fine,truck,hyper,motor vehicle,False,9769,0.59,0.7954080517984469
fine,truck,hyper,motor vehicle,False,9769,0.6,0.7987413892362972
fine,truck,hyper,motor vehicle,False,9769,0.61,0.8016546962422126
fine,truck,hyper,motor vehicle,False,9769,0.62,0.8048108193860554
fine,truck,hyper,motor vehicle,False,9769,0.63,0.8082656095143707
fine,truck,hyper,motor vehicle,False,9769,0.64,0.8130485606165673
fine,truck,hyper,motor vehicle,False,9769,0.65,0.8187903513288708
fine,truck,hyper,motor vehicle,False,9769,0.66,0.8253038280353113
fine,truck,hyper,motor vehicle,False,9769,0.67,0.8303592624831843
fine,truck,hyper,motor vehicle,False,9769,0.68,0.8355646963434651
fine,truck,hyper,motor vehicle,False,9769,0.69,0.8405519204538715
fine,truck,hyper,motor vehicle,False,9769,0.7,0.8463970907941025
fine,truck,hyper,motor vehicle,False,9769,0.71,0.8522682367817909
fine,truck,hyper,motor vehicle,False,9769,0.72,0.8571061728395062
fine,truck,hyper,motor vehicle,False,9769,0.73,0.8603076194049006
fine,truck,hyper,motor vehicle,False,9769,0.74,0.8631429360912644
fine,truck,hyper,motor vehicle,False,9769,0.75,0.8658642462509866
fine,truck,hyper,motor vehicle,False,9769,0.76,0.8677068128920273
fine,truck,hyper,motor vehicle,False,9769,0.77,0.8698901618978131
fine,truck,hyper,motor vehicle,False,9769,0.78,0.871604305484367
fine,truck,hyper,motor vehicle,False,9769,0.79,0.8732460980608545
fine,truck,hyper,motor vehicle,False,9769,0.8,0.8744877856579985
fine,truck,hyper,motor vehicle,True,9769,0.5,0.7684267327524182
fine,truck,hyper,motor vehicle,True,9769,0.51,0.7712802077092071
fine,truck,hyper,motor vehicle,True,9769,0.52,0.7743384025865165
fine,truck,hyper,motor vehicle,True,9769,0.53,0.7778021539688871
fine,truck,hyper,motor vehicle,True,9769,0.54,0.7807454654175803
fine,truck,hyper,motor vehicle,True,9769,0.55,0.7833907691081851
fine,truck,hyper,motor vehicle,True,9769,0.56,0.7858635721252414
fine,truck,hyper,motor vehicle,True,9769,0.57,0.7886172392528198
fine,truck,hyper,motor vehicle,True,9769,0.58,0.7910717836548021
fine,truck,hyper,motor vehicle,True,9769,0.59,0.7940264695361869
fine,truck,hyper,motor vehicle,True,9769,0.6,0.7968976543724801
fine,truck,hyper,motor vehicle,True,9769,0.61,0.80018262664761
fine,truck,hyper,motor vehicle,True,9769,0.62,0.803003849053609
fine,truck,hyper,motor vehicle,True,9769,0.63,0.8065283782175862
fine,truck,hyper,motor vehicle,True,9769,0.64,0.8108670657733021
fine,truck,hyper,motor vehicle,True,9769,0.65,0.816407411076984
fine,truck,hyper,motor vehicle,True,9769,0.66,0.822948027254001
fine,truck,hyper,motor vehicle,True,9769,0.67,0.8287767505394651
fine,truck,hyper,motor vehicle,True,9769,0.68,0.8337092880604694
fine,truck,hyper,motor vehicle,True,9769,0.69,0.8388028405831504
fine,truck,hyper,motor vehicle,True,9769,0.7,0.8439681252842426
fine,truck,hyper,motor vehicle,True,9769,0.71,0.8499812204716627
fine,truck,hyper,motor vehicle,True,9769,0.72,0.8554828765092979
fine,truck,hyper,motor vehicle,True,9769,0.73,0.8591496423914332
fine,truck,hyper,motor vehicle,True,9769,0.74,0.8621649912112653
fine,truck,hyper,motor vehicle,True,9769,0.75,0.8647832267235253
fine,truck,hyper,motor vehicle,True,9769,0.76,0.8670561301018395
fine,truck,hyper,motor vehicle,True,9769,0.77,0.8687408751923608
fine,truck,hyper,motor vehicle,True,9769,0.78,0.8708233066393152
fine,truck,hyper,motor vehicle,True,9769,0.79,0.8724511930585683
fine,truck,hyper,motor vehicle,True,9769,0.8,0.8742262350668296
fine,truck,orig,truck,False,205289,0.5,0.8362648942206371
fine,truck,orig,truck,False,205289,0.51,0.8360633582008866
fine,truck,orig,truck,False,205289,0.52,0.8355553151788853
fine,truck,orig,truck,False,205289,0.53,0.8352632433309886
fine,truck,orig,truck,False,205289,0.54,0.8347543645960211
fine,truck,orig,truck,False,205289,0.55,0.8344932167131522
fine,truck,orig,truck,False,205289,0.56,0.8343538336494175
fine,truck,orig,truck,False,205289,0.57,0.833947739347284
fine,truck,orig,truck,False,205289,0.58,0.8336180945407209
fine,truck,orig,truck,False,205289,0.59,0.833156995198177
fine,truck,orig,truck,False,205289,0.6,0.8327859953860768
fine,truck,orig,truck,False,205289,0.61,0.8328172533681009
fine,truck,orig,truck,False,205289,0.62,0.8322871661096166
fine,truck,orig,truck,False,205289,0.63,0.8317068529643624
fine,truck,orig,truck,False,205289,0.64,0.8308993500312747
fine,truck,orig,truck,False,205289,0.65,0.8305578231292517
fine,truck,orig,truck,False,205289,0.66,0.8298990118953643
fine,truck,orig,truck,False,205289,0.67,0.8292755991285403
fine,truck,orig,truck,False,205289,0.68,0.8285340670716757
fine,truck,orig,truck,False,205289,0.69,0.8276256952775657
fine,truck,orig,truck,False,205289,0.7,0.827040593627237
fine,truck,orig,truck,False,205289,0.71,0.8261771529957691
fine,truck,orig,truck,False,205289,0.72,0.8255299388111889
fine,truck,orig,truck,False,205289,0.73,0.8243863773027934
fine,truck,orig,truck,False,205289,0.74,0.8231835707839974
fine,truck,orig,truck,False,205289,0.75,0.8224831020988972
fine,truck,orig,truck,False,205289,0.76,0.821203658069109
fine,truck,orig,truck,False,205289,0.77,0.8203491080481188
fine,truck,orig,truck,False,205289,0.78,0.8193804824561404
fine,truck,orig,truck,False,205289,0.79,0.8184935264428352
fine,truck,orig,truck,False,205289,0.8,0.8170363456681673
fine,truck,orig,truck,True,205289,0.5,0.8362648942206371
fine,truck,orig,truck,True,205289,0.51,0.8360633582008866
fine,truck,orig,truck,True,205289,0.52,0.8355553151788853
fine,truck,orig,truck,True,205289,0.53,0.8352632433309886
fine,truck,orig,truck,True,205289,0.54,0.8347543645960211
fine,truck,orig,truck,True,205289,0.55,0.8344932167131522
fine,truck,orig,truck,True,205289,0.56,0.8343538336494175
fine,truck,orig,truck,True,205289,0.57,0.833947739347284
fine,truck,orig,truck,True,205289,0.58,0.8336180945407209
fine,truck,orig,truck,True,205289,0.59,0.833156995198177
fine,truck,orig,truck,True,205289,0.6,0.8327859953860768
fine,truck,orig,truck,True,205289,0.61,0.8328172533681009
fine,truck,orig,truck,True,205289,0.62,0.8322871661096166
fine,truck,orig,truck,True,205289,0.63,0.8317068529643624
fine,truck,orig,truck,True,205289,0.64,0.8308993500312747
fine,truck,orig,truck,True,205289,0.65,0.8305578231292517
fine,truck,orig,truck,True,205289,0.66,0.8298990118953643
fine,truck,orig,truck,True,205289,0.67,0.8292755991285403
fine,truck,orig,truck,True,205289,0.68,0.8285340670716757
fine,truck,orig,truck,True,205289,0.69,0.8276256952775657
fine,truck,orig,truck,True,205289,0.7,0.827040593627237
fine,truck,orig,truck,True,205289,0.71,0.8261771529957691
fine,truck,orig,truck,True,205289,0.72,0.8255299388111889
fine,truck,orig,truck,True,205289,0.73,0.8243863773027934
fine,truck,orig,truck,True,205289,0.74,0.8231835707839974
fine,truck,orig,truck,True,205289,0.75,0.8224831020988972
fine,truck,orig,truck,True,205289,0.76,0.821203658069109
fine,truck,orig,truck,True,205289,0.77,0.8203491080481188
fine,truck,orig,truck,True,205289,0.78,0.8193804824561404
fine,truck,orig,truck,True,205289,0.79,0.8184935264428352
fine,truck,orig,truck,True,205289,0.8,0.8170363456681673
fine,truck,syn,motortruck,False,205289,0.5,0.8362648942206371
fine,truck,syn,motortruck,False,205289,0.51,0.8364657593432707
fine,truck,syn,motortruck,False,205289,0.52,0.8365633772403369
fine,truck,syn,motortruck,False,205289,0.53,0.8364396493594066
fine,truck,syn,motortruck,False,205289,0.54,0.8365822750680795
fine,truck,syn,motortruck,False,205289,0.55,0.8366978411449209
fine,truck,syn,motortruck,False,205289,0.56,0.8368133200420292
fine,truck,syn,motortruck,False,205289,0.57,0.8369775958638518
fine,truck,syn,motortruck,False,205289,0.58,0.8372587548114452
fine,truck,syn,motortruck,False,205289,0.59,0.8375346372171855
fine,truck,syn,motortruck,False,205289,0.6,0.8376045392206954
fine,truck,syn,motortruck,False,205289,0.61,0.8378174976481656
fine,truck,syn,motortruck,False,205289,0.62,0.8379358512867351
fine,truck,syn,motortruck,False,205289,0.63,0.8380098273501061
fine,truck,syn,motortruck,False,205289,0.64,0.8380344059472371
fine,truck,syn,motortruck,False,205289,0.65,0.8381800622384376
fine,truck,syn,motortruck,False,205289,0.66,0.8380385533124213
fine,truck,syn,motortruck,False,205289,0.67,0.8382565807108776
fine,truck,syn,motortruck,False,205289,0.68,0.8382636655948553
fine,truck,syn,motortruck,False,205289,0.69,0.8384141441200107
fine,truck,syn,motortruck,False,205289,0.7,0.8388461847497121
fine,truck,syn,motortruck,False,205289,0.71,0.8387321304277989
fine,truck,syn,motortruck,False,205289,0.72,0.8389004871259569
fine,truck,syn,motortruck,False,205289,0.73,0.8387416066985902
fine,truck,syn,motortruck,False,205289,0.74,0.838810599780731
fine,truck,syn,motortruck,False,205289,0.75,0.8389787461569309
fine,truck,syn,motortruck,False,205289,0.76,0.8389096739711385
fine,truck,syn,motortruck,False,205289,0.77,0.838845845578413
fine,truck,syn,motortruck,False,205289,0.78,0.8387544731079422
fine,truck,syn,motortruck,False,205289,0.79,0.8387665198237886
fine,truck,syn,motortruck,False,205289,0.8,0.8386537126995143
fine,truck,syn,motortruck,True,205289,0.5,0.8362648942206371
fine,truck,syn,motortruck,True,205289,0.51,0.8364657593432707
fine,truck,syn,motortruck,True,205289,0.52,0.8365633772403369
fine,truck,syn,motortruck,True,205289,0.53,0.8364396493594066
fine,truck,syn,motortruck,True,205289,0.54,0.8365822750680795
fine,truck,syn,motortruck,True,205289,0.55,0.8366978411449209
fine,truck,syn,motortruck,True,205289,0.56,0.8368133200420292
fine,truck,syn,motortruck,True,205289,0.57,0.8369775958638518
fine,truck,syn,motortruck,True,205289,0.58,0.8372587548114452
fine,truck,syn,motortruck,True,205289,0.59,0.8375346372171855
fine,truck,syn,motortruck,True,205289,0.6,0.8376045392206954
fine,truck,syn,motortruck,True,205289,0.61,0.8378174976481656
fine,truck,syn,motortruck,True,205289,0.62,0.8379358512867351
fine,truck,syn,motortruck,True,205289,0.63,0.8380098273501061
fine,truck,syn,motortruck,True,205289,0.64,0.8380344059472371
fine,truck,syn,motortruck,True,205289,0.65,0.8381800622384376
fine,truck,syn,motortruck,True,205289,0.66,0.8380385533124213
fine,truck,syn,motortruck,True,205289,0.67,0.8382565807108776
fine,truck,syn,motortruck,True,205289,0.68,0.8382636655948553
fine,truck,syn,motortruck,True,205289,0.69,0.8384141441200107
fine,truck,syn,motortruck,True,205289,0.7,0.8388461847497121
fine,truck,syn,motortruck,True,205289,0.71,0.8387321304277989
fine,truck,syn,motortruck,True,205289,0.72,0.8389004871259569
fine,truck,syn,motortruck,True,205289,0.73,0.8387416066985902
fine,truck,syn,motortruck,True,205289,0.74,0.838810599780731
fine,truck,syn,motortruck,True,205289,0.75,0.8389787461569309
fine,truck,syn,motortruck,True,205289,0.76,0.8389096739711385
fine,truck,syn,motortruck,True,205289,0.77,0.838845845578413
fine,truck,syn,motortruck,True,205289,0.78,0.8387544731079422
fine,truck,syn,motortruck,True,205289,0.79,0.8387665198237886
fine,truck,syn,motortruck,True,205289,0.8,0.8386537126995143
fine,truck,hypo,tow truck,False,205289,0.5,0.8206955139623469
fine,truck,hypo,tow truck,False,205289,0.51,0.8226756127618787
fine,truck,hypo,tow truck,False,205289,0.52,0.8239608132884547
fine,truck,hypo,tow truck,False,205289,0.53,0.8255483235792813
fine,truck,hypo,tow truck,False,205289,0.54,0.82641127930488
fine,truck,hypo,tow truck,False,205289,0.55,0.827653997378768
fine,truck,hypo,tow truck,False,205289,0.56,0.8285402455661665
fine,truck,hypo,tow truck,False,205289,0.57,0.8296787214312987
fine,truck,hypo,tow truck,False,205289,0.58,0.8301989642954484
fine,truck,hypo,tow truck,False,205289,0.59,0.8304558575241
fine,truck,hypo,tow truck,False,205289,0.6,0.8307704868954631
fine,truck,hypo,tow truck,False,205289,0.61,0.8311843751700125
fine,truck,hypo,tow truck,False,205289,0.62,0.8315526194165783
fine,truck,hypo,tow truck,False,205289,0.63,0.8318615330271989
fine,truck,hypo,tow truck,False,205289,0.64,0.8321925249891352
fine,truck,hypo,tow truck,False,205289,0.65,0.8323241100279686
fine,truck,hypo,tow truck,False,205289,0.66,0.8330075473747082
fine,truck,hypo,tow truck,False,205289,0.67,0.8332383356404202
fine,truck,hypo,tow truck,False,205289,0.68,0.8334735071488646
fine,truck,hypo,tow truck,False,205289,0.69,0.8338938917218184
fine,truck,hypo,tow truck,False,205289,0.7,0.8344000867867216
fine,truck,hypo,tow truck,False,205289,0.71,0.8347116401399094
fine,truck,hypo,tow truck,False,205289,0.72,0.8350322615626525
fine,truck,hypo,tow truck,False,205289,0.73,0.8351493467772537
fine,truck,hypo,tow truck,False,205289,0.74,0.8353926190863274
fine,truck,hypo,tow truck,False,205289,0.75,0.8357671154940262
fine,truck,hypo,tow truck,False,205289,0.76,0.8359203575782203
fine,truck,hypo,tow truck,False,205289,0.77,0.8360824463042713
fine,truck,hypo,tow truck,False,205289,0.78,0.8362533510249397
fine,truck,hypo,tow truck,False,205289,0.79,0.8365418460455419
fine,truck,hypo,tow truck,False,205289,0.8,0.8365816685615289
fine,truck,hypo,tow truck,True,205289,0.5,0.820640705927489
fine,truck,hypo,tow truck,True,205289,0.51,0.8226482267561276
fine,truck,hypo,tow truck,True,205289,0.52,0.8239559958404028
fine,truck,hypo,tow truck,True,205289,0.53,0.8254936279604004
fine,truck,hypo,tow truck,True,205289,0.54,0.82641127930488
fine,truck,hypo,tow truck,True,205289,0.55,0.827653997378768
fine,truck,hypo,tow truck,True,205289,0.56,0.8285854616895875
fine,truck,hypo,tow truck,True,205289,0.57,0.8297239799258128
fine,truck,hypo,tow truck,True,205289,0.58,0.8301989642954484
fine,truck,hypo,tow truck,True,205289,0.59,0.8304738562091504
fine,truck,hypo,tow truck,True,205289,0.6,0.8307704868954631
fine,truck,hypo,tow truck,True,205289,0.61,0.831206985664155
fine,truck,hypo,tow truck,True,205289,0.62,0.8315526194165783
fine,truck,hypo,tow truck,True,205289,0.63,0.8318615330271989
fine,truck,hypo,tow truck,True,205289,0.64,0.8321925249891352
fine,truck,hypo,tow truck,True,205289,0.65,0.8322969560376897
fine,truck,hypo,tow truck,True,205289,0.66,0.8329261008850518
fine,truck,hypo,tow truck,True,205289,0.67,0.8331840512444698
fine,truck,hypo,tow truck,True,205289,0.68,0.8334735071488646
fine,truck,hypo,tow truck,True,205289,0.69,0.8339165107006266
fine,truck,hypo,tow truck,True,205289,0.7,0.8343458450857019
fine,truck,hypo,tow truck,True,205289,0.71,0.8347116401399094
fine,truck,hypo,tow truck,True,205289,0.72,0.8350051510058016
fine,truck,hypo,tow truck,True,205289,0.73,0.8351267109364413
fine,truck,hypo,tow truck,True,205289,0.74,0.8353926190863274
fine,truck,hypo,tow truck,True,205289,0.75,0.8357400232992874
fine,truck,hypo,tow truck,True,205289,0.76,0.8359203575782203
fine,truck,hypo,tow truck,True,205289,0.77,0.8360824463042713
fine,truck,hypo,tow truck,True,205289,0.78,0.8362759965337955
fine,truck,hypo,tow truck,True,205289,0.79,0.8365147699888988
fine,truck,hypo,tow truck,True,205289,0.8,0.8365545991012939
fine,truck,hyper,motor vehicle,False,205289,0.5,0.45829194135886087
fine,truck,hyper,motor vehicle,False,205289,0.51,0.49250677099006923
fine,truck,hyper,motor vehicle,False,205289,0.52,0.5160573196743473
fine,truck,hyper,motor vehicle,False,205289,0.53,0.5402846441947565
fine,truck,hyper,motor vehicle,False,205289,0.54,0.5528752002848496
fine,truck,hyper,motor vehicle,False,205289,0.55,0.5596408345315297
fine,truck,hyper,motor vehicle,False,205289,0.56,0.566437802907916
fine,truck,hyper,motor vehicle,False,205289,0.57,0.5858548197435971
fine,truck,hyper,motor vehicle,False,205289,0.58,0.6066272592929408
fine,truck,hyper,motor vehicle,False,205289,0.59,0.6215687940851534
fine,truck,hyper,motor vehicle,False,205289,0.6,0.6377180335283974
fine,truck,hyper,motor vehicle,False,205289,0.61,0.6550819487150554
fine,truck,hyper,motor vehicle,False,205289,0.62,0.6626881599640531
fine,truck,hyper,motor vehicle,False,205289,0.63,0.6763414702346
fine,truck,hyper,motor vehicle,False,205289,0.64,0.6913418343145735
fine,truck,hyper,motor vehicle,False,205289,0.65,0.7019166480944952
fine,truck,hyper,motor vehicle,False,205289,0.66,0.7103923913345754
fine,truck,hyper,motor vehicle,False,205289,0.67,0.7232175096519734
fine,truck,hyper,motor vehicle,False,205289,0.68,0.73883971922426
fine,truck,hyper,motor vehicle,False,205289,0.69,0.7476306600897855
fine,truck,hyper,motor vehicle,False,205289,0.7,0.7587886840502686
fine,truck,hyper,motor vehicle,False,205289,0.71,0.7740677215890229
fine,truck,hyper,motor vehicle,False,205289,0.72,0.7838226350417427
fine,truck,hyper,motor vehicle,False,205289,0.73,0.7912488605287147
fine,truck,hyper,motor vehicle,False,205289,0.74,0.7983109786388475
fine,truck,hyper,motor vehicle,False,205289,0.75,0.8052299120072821
fine,truck,hyper,motor vehicle,False,205289,0.76,0.8077548433323228
fine,truck,hyper,motor vehicle,False,205289,0.77,0.8101819984030397
fine,truck,hyper,motor vehicle,False,205289,0.78,0.8125894134477826
fine,truck,hyper,motor vehicle,False,205289,0.79,0.815075459768535
fine,truck,hyper,motor vehicle,False,205289,0.8,0.81724298937076
fine,truck,hyper,motor vehicle,True,205289,0.5,0.4524218067973148
fine,truck,hyper,motor vehicle,True,205289,0.51,0.47984829786593625
fine,truck,hyper,motor vehicle,True,205289,0.52,0.5103408885949619
fine,truck,hyper,motor vehicle,True,205289,0.53,0.5347428400059979
fine,truck,hyper,motor vehicle,True,205289,0.54,0.55123348149032
fine,truck,hyper,motor vehicle,True,205289,0.55,0.5568686245112737
fine,truck,hyper,motor vehicle,True,205289,0.56,0.563233716919331
fine,truck,hyper,motor vehicle,True,205289,0.57,0.5809786354238456
fine,truck,hyper,motor vehicle,True,205289,0.58,0.6010260795211629
fine,truck,hyper,motor vehicle,True,205289,0.59,0.6163525577440839
fine,truck,hyper,motor vehicle,True,205289,0.6,0.6299711489506138
fine,truck,hyper,motor vehicle,True,205289,0.61,0.6509316770186335
fine,truck,hyper,motor vehicle,True,205289,0.62,0.6606549997186427
fine,truck,hyper,motor vehicle,True,205289,0.63,0.6712209872049725
fine,truck,hyper,motor vehicle,True,205289,0.64,0.6871597286204875
fine,truck,hyper,motor vehicle,True,205289,0.65,0.6984724312872833
fine,truck,hyper,motor vehicle,True,205289,0.66,0.707057775798731
fine,truck,hyper,motor vehicle,True,205289,0.67,0.7174535248839858
fine,truck,hyper,motor vehicle,True,205289,0.68,0.7340012210689904
fine,truck,hyper,motor vehicle,True,205289,0.69,0.7438733643823464
fine,truck,hyper,motor vehicle,True,205289,0.7,0.7535794400288017
fine,truck,hyper,motor vehicle,True,205289,0.71,0.7684006640841173
fine,truck,hyper,motor vehicle,True,205289,0.72,0.7804507120143785
fine,truck,hyper,motor vehicle,True,205289,0.73,0.7879365605658709
fine,truck,hyper,motor vehicle,True,205289,0.74,0.7948314420607968
fine,truck,hyper,motor vehicle,True,205289,0.75,0.8031176714029521
fine,truck,hyper,motor vehicle,True,205289,0.76,0.8066543539984012
fine,truck,hyper,motor vehicle,True,205289,0.77,0.8090949154409739
fine,truck,hyper,motor vehicle,True,205289,0.78,0.8113493133720451
fine,truck,hyper,motor vehicle,True,205289,0.79,0.8140091304108685
fine,truck,hyper,motor vehicle,True,205289,0.8,0.8165306514989146
fine,truck,orig,truck,False,142585,0.5,0.0
fine,truck,orig,truck,False,142585,0.51,0.0
fine,truck,orig,truck,False,142585,0.52,0.0
fine,truck,orig,truck,False,142585,0.53,0.0
fine,truck,orig,truck,False,142585,0.54,0.0
fine,truck,orig,truck,False,142585,0.55,0.0
fine,truck,orig,truck,False,142585,0.56,0.0
fine,truck,orig,truck,False,142585,0.57,0.0
fine,truck,orig,truck,False,142585,0.58,0.0
fine,truck,orig,truck,False,142585,0.59,0.0
fine,truck,orig,truck,False,142585,0.6,0.0
fine,truck,orig,truck,False,142585,0.61,0.0
fine,truck,orig,truck,False,142585,0.62,0.0
fine,truck,orig,truck,False,142585,0.63,0.0
fine,truck,orig,truck,False,142585,0.64,0.0
fine,truck,orig,truck,False,142585,0.65,0.0
fine,truck,orig,truck,False,142585,0.66,0.0
fine,truck,orig,truck,False,142585,0.67,0.0
fine,truck,orig,truck,False,142585,0.68,0.0
fine,truck,orig,truck,False,142585,0.69,0.0
fine,truck,orig,truck,False,142585,0.7,0.0
fine,truck,orig,truck,False,142585,0.71,0.0
fine,truck,orig,truck,False,142585,0.72,0.0
fine,truck,orig,truck,False,142585,0.73,0.0
fine,truck,orig,truck,False,142585,0.74,0.0
fine,truck,orig,truck,False,142585,0.75,0.0
fine,truck,orig,truck,False,142585,0.76,0.0
fine,truck,orig,truck,False,142585,0.77,0.0
fine,truck,orig,truck,False,142585,0.78,0.0
fine,truck,orig,truck,False,142585,0.79,0.0
fine,truck,orig,truck,False,142585,0.8,0.0
fine,truck,orig,truck,True,142585,0.5,0.0
fine,truck,orig,truck,True,142585,0.51,0.0
fine,truck,orig,truck,True,142585,0.52,0.0
fine,truck,orig,truck,True,142585,0.53,0.0
fine,truck,orig,truck,True,142585,0.54,0.0
fine,truck,orig,truck,True,142585,0.55,0.0
fine,truck,orig,truck,True,142585,0.56,0.0
fine,truck,orig,truck,True,142585,0.57,0.0
fine,truck,orig,truck,True,142585,0.58,0.0
fine,truck,orig,truck,True,142585,0.59,0.0
fine,truck,orig,truck,True,142585,0.6,0.0
fine,truck,orig,truck,True,142585,0.61,0.0
fine,truck,orig,truck,True,142585,0.62,0.0
fine,truck,orig,truck,True,142585,0.63,0.0
fine,truck,orig,truck,True,142585,0.64,0.0
fine,truck,orig,truck,True,142585,0.65,0.0
fine,truck,orig,truck,True,142585,0.66,0.0
fine,truck,orig,truck,True,142585,0.67,0.0
fine,truck,orig,truck,True,142585,0.68,0.0
fine,truck,orig,truck,True,142585,0.69,0.0
fine,truck,orig,truck,True,142585,0.7,0.0
fine,truck,orig,truck,True,142585,0.71,0.0
fine,truck,orig,truck,True,142585,0.72,0.0
fine,truck,orig,truck,True,142585,0.73,0.0
fine,truck,orig,truck,True,142585,0.74,0.0
fine,truck,orig,truck,True,142585,0.75,0.0
fine,truck,orig,truck,True,142585,0.76,0.0
fine,truck,orig,truck,True,142585,0.77,0.0
fine,truck,orig,truck,True,142585,0.78,0.0
fine,truck,orig,truck,True,142585,0.79,0.0
fine,truck,orig,truck,True,142585,0.8,0.0
fine,truck,syn,motortruck,False,142585,0.5,0.0
fine,truck,syn,motortruck,False,142585,0.51,0.0
fine,truck,syn,motortruck,False,142585,0.52,0.0
fine,truck,syn,motortruck,False,142585,0.53,0.0
fine,truck,syn,motortruck,False,142585,0.54,0.0
fine,truck,syn,motortruck,False,142585,0.55,0.0
fine,truck,syn,motortruck,False,142585,0.56,0.0
fine,truck,syn,motortruck,False,142585,0.57,0.0
fine,truck,syn,motortruck,False,142585,0.58,0.0
fine,truck,syn,motortruck,False,142585,0.59,0.0
fine,truck,syn,motortruck,False,142585,0.6,0.0
fine,truck,syn,motortruck,False,142585,0.61,0.0
fine,truck,syn,motortruck,False,142585,0.62,0.0
fine,truck,syn,motortruck,False,142585,0.63,0.0
fine,truck,syn,motortruck,False,142585,0.64,0.0
fine,truck,syn,motortruck,False,142585,0.65,0.0
fine,truck,syn,motortruck,False,142585,0.66,0.0
fine,truck,syn,motortruck,False,142585,0.67,0.0
fine,truck,syn,motortruck,False,142585,0.68,0.0
fine,truck,syn,motortruck,False,142585,0.69,0.0
fine,truck,syn,motortruck,False,142585,0.7,0.0
fine,truck,syn,motortruck,False,142585,0.71,0.0
fine,truck,syn,motortruck,False,142585,0.72,0.0
fine,truck,syn,motortruck,False,142585,0.73,0.0
fine,truck,syn,motortruck,False,142585,0.74,0.0
fine,truck,syn,motortruck,False,142585,0.75,0.0
fine,truck,syn,motortruck,False,142585,0.76,0.0
fine,truck,syn,motortruck,False,142585,0.77,0.0
fine,truck,syn,motortruck,False,142585,0.78,0.0
fine,truck,syn,motortruck,False,142585,0.79,0.0
fine,truck,syn,motortruck,False,142585,0.8,0.0
fine,truck,syn,motortruck,True,142585,0.5,0.0
fine,truck,syn,motortruck,True,142585,0.51,0.0
fine,truck,syn,motortruck,True,142585,0.52,0.0
fine,truck,syn,motortruck,True,142585,0.53,0.0
fine,truck,syn,motortruck,True,142585,0.54,0.0
fine,truck,syn,motortruck,True,142585,0.55,0.0
fine,truck,syn,motortruck,True,142585,0.56,0.0
fine,truck,syn,motortruck,True,142585,0.57,0.0
fine,truck,syn,motortruck,True,142585,0.58,0.0
fine,truck,syn,motortruck,True,142585,0.59,0.0
fine,truck,syn,motortruck,True,142585,0.6,0.0
fine,truck,syn,motortruck,True,142585,0.61,0.0
fine,truck,syn,motortruck,True,142585,0.62,0.0
fine,truck,syn,motortruck,True,142585,0.63,0.0
fine,truck,syn,motortruck,True,142585,0.64,0.0
fine,truck,syn,motortruck,True,142585,0.65,0.0
fine,truck,syn,motortruck,True,142585,0.66,0.0
fine,truck,syn,motortruck,True,142585,0.67,0.0
fine,truck,syn,motortruck,True,142585,0.68,0.0
fine,truck,syn,motortruck,True,142585,0.69,0.0
fine,truck,syn,motortruck,True,142585,0.7,0.0
fine,truck,syn,motortruck,True,142585,0.71,0.0
fine,truck,syn,motortruck,True,142585,0.72,0.0
fine,truck,syn,motortruck,True,142585,0.73,0.0
fine,truck,syn,motortruck,True,142585,0.74,0.0
fine,truck,syn,motortruck,True,142585,0.75,0.0
fine,truck,syn,motortruck,True,142585,0.76,0.0
fine,truck,syn,motortruck,True,142585,0.77,0.0
fine,truck,syn,motortruck,True,142585,0.78,0.0
fine,truck,syn,motortruck,True,142585,0.79,0.0
fine,truck,syn,motortruck,True,142585,0.8,0.0
fine,truck,hypo,tow truck,False,142585,0.5,0.0
fine,truck,hypo,tow truck,False,142585,0.51,0.0
fine,truck,hypo,tow truck,False,142585,0.52,0.0
fine,truck,hypo,tow truck,False,142585,0.53,0.0
fine,truck,hypo,tow truck,False,142585,0.54,0.0
fine,truck,hypo,tow truck,False,142585,0.55,0.0
fine,truck,hypo,tow truck,False,142585,0.56,0.0
fine,truck,hypo,tow truck,False,142585,0.57,0.0
fine,truck,hypo,tow truck,False,142585,0.58,0.0
fine,truck,hypo,tow truck,False,142585,0.59,0.0
fine,truck,hypo,tow truck,False,142585,0.6,0.0
fine,truck,hypo,tow truck,False,142585,0.61,0.0
fine,truck,hypo,tow truck,False,142585,0.62,0.0
fine,truck,hypo,tow truck,False,142585,0.63,0.0
fine,truck,hypo,tow truck,False,142585,0.64,0.0
fine,truck,hypo,tow truck,False,142585,0.65,0.0
fine,truck,hypo,tow truck,False,142585,0.66,0.0
fine,truck,hypo,tow truck,False,142585,0.67,0.0
fine,truck,hypo,tow truck,False,142585,0.68,0.0
fine,truck,hypo,tow truck,False,142585,0.69,0.0
fine,truck,hypo,tow truck,False,142585,0.7,0.0
fine,truck,hypo,tow truck,False,142585,0.71,0.0
fine,truck,hypo,tow truck,False,142585,0.72,0.0
fine,truck,hypo,tow truck,False,142585,0.73,0.0
fine,truck,hypo,tow truck,False,142585,0.74,0.0
fine,truck,hypo,tow truck,False,142585,0.75,0.0
fine,truck,hypo,tow truck,False,142585,0.76,0.0
fine,truck,hypo,tow truck,False,142585,0.77,0.0
fine,truck,hypo,tow truck,False,142585,0.78,0.0
fine,truck,hypo,tow truck,False,142585,0.79,0.0
fine,truck,hypo,tow truck,False,142585,0.8,0.0
fine,truck,hypo,tow truck,True,142585,0.5,0.0
fine,truck,hypo,tow truck,True,142585,0.51,0.0
fine,truck,hypo,tow truck,True,142585,0.52,0.0
fine,truck,hypo,tow truck,True,142585,0.53,0.0
fine,truck,hypo,tow truck,True,142585,0.54,0.0
fine,truck,hypo,tow truck,True,142585,0.55,0.0
fine,truck,hypo,tow truck,True,142585,0.56,0.0
fine,truck,hypo,tow truck,True,142585,0.57,0.0
fine,truck,hypo,tow truck,True,142585,0.58,0.0
fine,truck,hypo,tow truck,True,142585,0.59,0.0
fine,truck,hypo,tow truck,True,142585,0.6,0.0
fine,truck,hypo,tow truck,True,142585,0.61,0.0
fine,truck,hypo,tow truck,True,142585,0.62,0.0
fine,truck,hypo,tow truck,True,142585,0.63,0.0
fine,truck,hypo,tow truck,True,142585,0.64,0.0
fine,truck,hypo,tow truck,True,142585,0.65,0.0
fine,truck,hypo,tow truck,True,142585,0.66,0.0
fine,truck,hypo,tow truck,True,142585,0.67,0.0
fine,truck,hypo,tow truck,True,142585,0.68,0.0
fine,truck,hypo,tow truck,True,142585,0.69,0.0
fine,truck,hypo,tow truck,True,142585,0.7,0.0
fine,truck,hypo,tow truck,True,142585,0.71,0.0
fine,truck,hypo,tow truck,True,142585,0.72,0.0
fine,truck,hypo,tow truck,True,142585,0.73,0.0
fine,truck,hypo,tow truck,True,142585,0.74,0.0
fine,truck,hypo,tow truck,True,142585,0.75,0.0
fine,truck,hypo,tow truck,True,142585,0.76,0.0
fine,truck,hypo,tow truck,True,142585,0.77,0.0
fine,truck,hypo,tow truck,True,142585,0.78,0.0
fine,truck,hypo,tow truck,True,142585,0.79,0.0
fine,truck,hypo,tow truck,True,142585,0.8,0.0
fine,truck,hyper,motor vehicle,False,142585,0.5,0.44730067093150255
fine,truck,hyper,motor vehicle,False,142585,0.51,0.44489525221394294
fine,truck,hyper,motor vehicle,False,142585,0.52,0.4425890523194569
fine,truck,hyper,motor vehicle,False,142585,0.53,0.4401310912566814
fine,truck,hyper,motor vehicle,False,142585,0.54,0.4352151691311303
fine,truck,hyper,motor vehicle,False,142585,0.55,0.428426514767274
fine,truck,hyper,motor vehicle,False,142585,0.56,0.4173851976122664
fine,truck,hyper,motor vehicle,False,142585,0.57,0.4019741719012134
fine,truck,hyper,motor vehicle,False,142585,0.58,0.38480745971674923
fine,truck,hyper,motor vehicle,False,142585,0.59,0.3681479458468261
fine,truck,hyper,motor vehicle,False,142585,0.6,0.35066911162264447
fine,truck,hyper,motor vehicle,False,142585,0.61,0.3365846045803909
fine,truck,hyper,motor vehicle,False,142585,0.62,0.32632359252467713
fine,truck,hyper,motor vehicle,False,142585,0.63,0.3146580312902345
fine,truck,hyper,motor vehicle,False,142585,0.64,0.3041629277047326
fine,truck,hyper,motor vehicle,False,142585,0.65,0.2902734969373025
fine,truck,hyper,motor vehicle,False,142585,0.66,0.2773594475439897
fine,truck,hyper,motor vehicle,False,142585,0.67,0.2537552182903515
fine,truck,hyper,motor vehicle,False,142585,0.68,0.22016308376575242
fine,truck,hyper,motor vehicle,False,142585,0.69,0.18602473567164762
fine,truck,hyper,motor vehicle,False,142585,0.7,0.17073075572548865
fine,truck,hyper,motor vehicle,False,142585,0.71,0.1542273028754243
fine,truck,hyper,motor vehicle,False,142585,0.72,0.12800905153915182
fine,truck,hyper,motor vehicle,False,142585,0.73,0.0726854199992197
fine,truck,hyper,motor vehicle,False,142585,0.74,0.03702547696149194
fine,truck,hyper,motor vehicle,False,142585,0.75,0.02255081736959151
fine,truck,hyper,motor vehicle,False,142585,0.76,0.008934493386914284
fine,truck,hyper,motor vehicle,False,142585,0.77,0.002223869532987398
fine,truck,hyper,motor vehicle,False,142585,0.78,0.0007803050992938238
fine,truck,hyper,motor vehicle,False,142585,0.79,0.00027310678475283835
fine,truck,hyper,motor vehicle,False,142585,0.8,3.90152549646912e-05
fine,truck,hyper,motor vehicle,True,142585,0.5,0.43260114704849595
fine,truck,hyper,motor vehicle,True,142585,0.51,0.42858257578713277
fine,truck,hyper,motor vehicle,True,142585,0.52,0.421598845148453
fine,truck,hyper,motor vehicle,True,142585,0.53,0.4116109398774921
fine,truck,hyper,motor vehicle,True,142585,0.54,0.4000234091529788
fine,truck,hyper,motor vehicle,True,142585,0.55,0.38668019195505443
fine,truck,hyper,motor vehicle,True,142585,0.56,0.3727517459326597
fine,truck,hyper,motor vehicle,True,142585,0.57,0.3584721626155827
fine,truck,hyper,motor vehicle,True,142585,0.58,0.3443486403183645
fine,truck,hyper,motor vehicle,True,142585,0.59,0.3351410401466974
fine,truck,hyper,motor vehicle,True,142585,0.6,0.32632359252467713
fine,truck,hyper,motor vehicle,True,142585,0.61,0.3177012211774804
fine,truck,hyper,motor vehicle,True,142585,0.62,0.3094690023799306
fine,truck,hyper,motor vehicle,True,142585,0.63,0.2987788225196052
fine,truck,hyper,motor vehicle,True,142585,0.64,0.2867621239904803
fine,truck,hyper,motor vehicle,True,142585,0.65,0.27298973898794426
fine,truck,hyper,motor vehicle,True,142585,0.66,0.2512582419726113
fine,truck,hyper,motor vehicle,True,142585,0.67,0.2183293667824119
fine,truck,hyper,motor vehicle,True,142585,0.68,0.18731223908548242
fine,truck,hyper,motor vehicle,True,142585,0.69,0.17221333541414693
fine,truck,hyper,motor vehicle,True,142585,0.7,0.1576216300573524
fine,truck,hyper,motor vehicle,True,142585,0.71,0.13280792789980883
fine,truck,hyper,motor vehicle,True,142585,0.72,0.08388279817408607
fine,truck,hyper,motor vehicle,True,142585,0.73,0.04248761265654871
fine,truck,hyper,motor vehicle,True,142585,0.74,0.025906129296554954
fine,truck,hyper,motor vehicle,True,142585,0.75,0.01209472903905427
fine,truck,hyper,motor vehicle,True,142585,0.76,0.0033553119269634428
fine,truck,hyper,motor vehicle,True,142585,0.77,0.0008973508641878975
fine,truck,hyper,motor vehicle,True,142585,0.78,0.0005071983145409855
fine,truck,hyper,motor vehicle,True,142585,0.79,7.80305099293824e-05
fine,truck,hyper,motor vehicle,True,142585,0.8,0.0
fine,truck,orig,truck,False,245448,0.5,0.4489322959774872
fine,truck,orig,truck,False,245448,0.51,0.4445364238410596
fine,truck,orig,truck,False,245448,0.52,0.43857615894039736
fine,truck,orig,truck,False,245448,0.53,0.43301871170723627
fine,truck,orig,truck,False,245448,0.54,0.4262756792577866
fine,truck,orig,truck,False,245448,0.55,0.4197183098591549
fine,truck,orig,truck,False,245448,0.56,0.41199867417964864
fine,truck,orig,truck,False,245448,0.57,0.4035465694398409
fine,truck,orig,truck,False,245448,0.58,0.3904540934703348
fine,truck,orig,truck,False,245448,0.59,0.3773209549071618
fine,truck,orig,truck,False,245448,0.6,0.3663957538563609
fine,truck,orig,truck,False,245448,0.61,0.35583941605839414
fine,truck,orig,truck,False,245448,0.62,0.33493696084936964
fine,truck,orig,truck,False,245448,0.63,0.32265560165975105
fine,truck,orig,truck,False,245448,0.64,0.31329902042171676
fine,truck,orig,truck,False,245448,0.65,0.30433338867673915
fine,truck,orig,truck,False,245448,0.66,0.2944204583194952
fine,truck,orig,truck,False,245448,0.67,0.28493105166971255
fine,truck,orig,truck,False,245448,0.68,0.2733920558417816
fine,truck,orig,truck,False,245448,0.69,0.2626766417290108
fine,truck,orig,truck,False,245448,0.7,0.25428238815898885
fine,truck,orig,truck,False,245448,0.71,0.2465069860279441
fine,truck,orig,truck,False,245448,0.72,0.23381594275253786
fine,truck,orig,truck,False,245448,0.73,0.21887483355525966
fine,truck,orig,truck,False,245448,0.74,0.2042957042957043
fine,truck,orig,truck,False,245448,0.75,0.1938061938061938
fine,truck,orig,truck,False,245448,0.76,0.1834831834831835
fine,truck,orig,truck,False,245448,0.77,0.16902581182348042
fine,truck,orig,truck,False,245448,0.78,0.14604496253122398
fine,truck,orig,truck,False,245448,0.79,0.11856786011656953
fine,truck,orig,truck,False,245448,0.8,0.09208992506244797
fine,truck,orig,truck,True,245448,0.5,0.4489322959774872
fine,truck,orig,truck,True,245448,0.51,0.4445364238410596
fine,truck,orig,truck,True,245448,0.52,0.43857615894039736
fine,truck,orig,truck,True,245448,0.53,0.43301871170723627
fine,truck,orig,truck,True,245448,0.54,0.4262756792577866
fine,truck,orig,truck,True,245448,0.55,0.4197183098591549
fine,truck,orig,truck,True,245448,0.56,0.41199867417964864
fine,truck,orig,truck,True,245448,0.57,0.4035465694398409
fine,truck,orig,truck,True,245448,0.58,0.3904540934703348
fine,truck,orig,truck,True,245448,0.59,0.3773209549071618
fine,truck,orig,truck,True,245448,0.6,0.3663957538563609
fine,truck,orig,truck,True,245448,0.61,0.35583941605839414
fine,truck,orig,truck,True,245448,0.62,0.33493696084936964
fine,truck,orig,truck,True,245448,0.63,0.32265560165975105
fine,truck,orig,truck,True,245448,0.64,0.31329902042171676
fine,truck,orig,truck,True,245448,0.65,0.30433338867673915
fine,truck,orig,truck,True,245448,0.66,0.2944204583194952
fine,truck,orig,truck,True,245448,0.67,0.28493105166971255
fine,truck,orig,truck,True,245448,0.68,0.2733920558417816
fine,truck,orig,truck,True,245448,0.69,0.2626766417290108
fine,truck,orig,truck,True,245448,0.7,0.25428238815898885
fine,truck,orig,truck,True,245448,0.71,0.2465069860279441
fine,truck,orig,truck,True,245448,0.72,0.23381594275253786
fine,truck,orig,truck,True,245448,0.73,0.21887483355525966
fine,truck,orig,truck,True,245448,0.74,0.2042957042957043
fine,truck,orig,truck,True,245448,0.75,0.1938061938061938
fine,truck,orig,truck,True,245448,0.76,0.1834831834831835
fine,truck,orig,truck,True,245448,0.77,0.16902581182348042
fine,truck,orig,truck,True,245448,0.78,0.14604496253122398
fine,truck,orig,truck,True,245448,0.79,0.11856786011656953
fine,truck,orig,truck,True,245448,0.8,0.09208992506244797
fine,truck,syn,motortruck,False,245448,0.5,0.4489322959774872
fine,truck,syn,motortruck,False,245448,0.51,0.45299569678914264
fine,truck,syn,motortruck,False,245448,0.52,0.45656131060731425
fine,truck,syn,motortruck,False,245448,0.53,0.45979483785572467
fine,truck,syn,motortruck,False,245448,0.54,0.4642620780939775
fine,truck,syn,motortruck,False,245448,0.55,0.46708567648031757
fine,truck,syn,motortruck,False,245448,0.56,0.4703452833305799
fine,truck,syn,motortruck,False,245448,0.57,0.4719379333113239
fine,truck,syn,motortruck,False,245448,0.58,0.47336302160646543
fine,truck,syn,motortruck,False,245448,0.59,0.4745259686727123
fine,truck,syn,motortruck,False,245448,0.6,0.47611202635914335
fine,truck,syn,motortruck,False,245448,0.61,0.4783539094650206
fine,truck,syn,motortruck,False,245448,0.62,0.4814083580125041
fine,truck,syn,motortruck,False,245448,0.63,0.4847936873253329
fine,truck,syn,motortruck,False,245448,0.64,0.4879250862493839
fine,truck,syn,motortruck,False,245448,0.65,0.49138072566081104
fine,truck,syn,motortruck,False,245448,0.66,0.49302707136997537
fine,truck,syn,motortruck,False,245448,0.67,0.49524434240734666
fine,truck,syn,motortruck,False,245448,0.68,0.49746109746109746
fine,truck,syn,motortruck,False,245448,0.69,0.5009009009009009
fine,truck,syn,motortruck,False,245448,0.7,0.5022076860179886
fine,truck,syn,motortruck,False,245448,0.71,0.5044941983984311
fine,truck,syn,motortruck,False,245448,0.72,0.5065316786414108
fine,truck,syn,motortruck,False,245448,0.73,0.509538561878363
fine,truck,syn,motortruck,False,245448,0.74,0.5123778501628664
fine,truck,syn,motortruck,False,245448,0.75,0.5142392188771359
fine,truck,syn,motortruck,False,245448,0.76,0.5175666883539363
fine,truck,syn,motortruck,False,245448,0.77,0.518289708990408
fine,truck,syn,motortruck,False,245448,0.78,0.5202274573517466
fine,truck,syn,motortruck,False,245448,0.79,0.5219084712755598
fine,truck,syn,motortruck,False,245448,0.8,0.5242340735937753
fine,truck,syn,motortruck,True,245448,0.5,0.4489322959774872
fine,truck,syn,motortruck,True,245448,0.51,0.45299569678914264
fine,truck,syn,motortruck,True,245448,0.52,0.45656131060731425
fine,truck,syn,motortruck,True,245448,0.53,0.45979483785572467
fine,truck,syn,motortruck,True,245448,0.54,0.4642620780939775
fine,truck,syn,motortruck,True,245448,0.55,0.46708567648031757
fine,truck,syn,motortruck,True,245448,0.56,0.4703452833305799
fine,truck,syn,motortruck,True,245448,0.57,0.4719379333113239
fine,truck,syn,motortruck,True,245448,0.58,0.47336302160646543
fine,truck,syn,motortruck,True,245448,0.59,0.4745259686727123
fine,truck,syn,motortruck,True,245448,0.6,0.47611202635914335
fine,truck,syn,motortruck,True,245448,0.61,0.4783539094650206
fine,truck,syn,motortruck,True,245448,0.62,0.4814083580125041
fine,truck,syn,motortruck,True,245448,0.63,0.4847936873253329
fine,truck,syn,motortruck,True,245448,0.64,0.4879250862493839
fine,truck,syn,motortruck,True,245448,0.65,0.49138072566081104
fine,truck,syn,motortruck,True,245448,0.66,0.49302707136997537
fine,truck,syn,motortruck,True,245448,0.67,0.49524434240734666
fine,truck,syn,motortruck,True,245448,0.68,0.49746109746109746
fine,truck,syn,motortruck,True,245448,0.69,0.5009009009009009
fine,truck,syn,motortruck,True,245448,0.7,0.5022076860179886
fine,truck,syn,motortruck,True,245448,0.71,0.5044941983984311
fine,truck,syn,motortruck,True,245448,0.72,0.5065316786414108
fine,truck,syn,motortruck,True,245448,0.73,0.509538561878363
fine,truck,syn,motortruck,True,245448,0.74,0.5123778501628664
fine,truck,syn,motortruck,True,245448,0.75,0.5142392188771359
fine,truck,syn,motortruck,True,245448,0.76,0.5175666883539363
fine,truck,syn,motortruck,True,245448,0.77,0.518289708990408
fine,truck,syn,motortruck,True,245448,0.78,0.5202274573517466
fine,truck,syn,motortruck,True,245448,0.79,0.5219084712755598
fine,truck,syn,motortruck,True,245448,0.8,0.5242340735937753
fine,truck,hypo,tow truck,False,245448,0.5,0.5084329457999017
fine,truck,hypo,tow truck,False,245448,0.51,0.5097365406643757
fine,truck,hypo,tow truck,False,245448,0.52,0.5106348167539267
fine,truck,hypo,tow truck,False,245448,0.53,0.5114491331370625
fine,truck,hypo,tow truck,False,245448,0.54,0.512753433616743
fine,truck,hypo,tow truck,False,245448,0.55,0.5137299771167048
fine,truck,hypo,tow truck,False,245448,0.56,0.5137254901960784
fine,truck,hypo,tow truck,False,245448,0.57,0.5139683058323803
fine,truck,hypo,tow truck,False,245448,0.58,0.5147803364363874
fine,truck,hypo,tow truck,False,245448,0.59,0.5155969296096684
fine,truck,hypo,tow truck,False,245448,0.6,0.5159235668789809
fine,truck,hypo,tow truck,False,245448,0.61,0.5162448979591837
fine,truck,hypo,tow truck,False,245448,0.62,0.516734693877551
fine,truck,hypo,tow truck,False,245448,0.63,0.5168979591836734
fine,truck,hypo,tow truck,False,245448,0.64,0.5171400587659157
fine,truck,hypo,tow truck,False,245448,0.65,0.5176297747306562
fine,truck,hypo,tow truck,False,245448,0.66,0.5179562520404832
fine,truck,hypo,tow truck,False,245448,0.67,0.5179562520404832
fine,truck,hypo,tow truck,False,245448,0.68,0.518125408229915
fine,truck,hypo,tow truck,False,245448,0.69,0.5176355323318093
fine,truck,hypo,tow truck,False,245448,0.7,0.5173934345908868
fine,truck,hypo,tow truck,False,245448,0.71,0.5166612218229337
fine,truck,hypo,tow truck,False,245448,0.72,0.5162555138049338
fine,truck,hypo,tow truck,False,245448,0.73,0.5157705507435856
fine,truck,hypo,tow truck,False,245448,0.74,0.5152010460934946
fine,truck,hypo,tow truck,False,245448,0.75,0.5142249836494441
fine,truck,hypo,tow truck,False,245448,0.76,0.5130050711598233
fine,truck,hypo,tow truck,False,245448,0.77,0.5102274586810669
fine,truck,hypo,tow truck,False,245448,0.78,0.5099836333878887
fine,truck,hypo,tow truck,False,245448,0.79,0.5074504666775831
fine,truck,hypo,tow truck,False,245448,0.8,0.5064722267737178
fine,truck,hypo,tow truck,True,245448,0.5,0.5084329457999017
fine,truck,hypo,tow truck,True,245448,0.51,0.5097365406643757
fine,truck,hypo,tow truck,True,245448,0.52,0.5106348167539267
fine,truck,hypo,tow truck,True,245448,0.53,0.5114491331370625
fine,truck,hypo,tow truck,True,245448,0.54,0.512753433616743
fine,truck,hypo,tow truck,True,245448,0.55,0.5137299771167048
fine,truck,hypo,tow truck,True,245448,0.56,0.5137254901960784
fine,truck,hypo,tow truck,True,245448,0.57,0.5141316778304199
fine,truck,hypo,tow truck,True,245448,0.58,0.5147803364363874
fine,truck,hypo,tow truck,True,245448,0.59,0.5155969296096684
fine,truck,hypo,tow truck,True,245448,0.6,0.5159235668789809
fine,truck,hypo,tow truck,True,245448,0.61,0.5162448979591837
fine,truck,hypo,tow truck,True,245448,0.62,0.516734693877551
fine,truck,hypo,tow truck,True,245448,0.63,0.516734693877551
fine,truck,hypo,tow truck,True,245448,0.64,0.5169768201110023
fine,truck,hypo,tow truck,True,245448,0.65,0.5174665360757428
fine,truck,hypo,tow truck,True,245448,0.66,0.5179562520404832
fine,truck,hypo,tow truck,True,245448,0.67,0.5179562520404832
fine,truck,hypo,tow truck,True,245448,0.68,0.518125408229915
fine,truck,hypo,tow truck,True,245448,0.69,0.5176355323318093
fine,truck,hypo,tow truck,True,245448,0.7,0.5170667973215743
fine,truck,hypo,tow truck,True,245448,0.71,0.5166612218229337
fine,truck,hypo,tow truck,True,245448,0.72,0.5162555138049338
fine,truck,hypo,tow truck,True,245448,0.73,0.5157705507435856
fine,truck,hypo,tow truck,True,245448,0.74,0.5152010460934946
fine,truck,hypo,tow truck,True,245448,0.75,0.514061478090255
fine,truck,hypo,tow truck,True,245448,0.76,0.5128414853590708
fine,truck,hypo,tow truck,True,245448,0.77,0.510391098019964
fine,truck,hypo,tow truck,True,245448,0.78,0.5096563011456628
fine,truck,hypo,tow truck,True,245448,0.79,0.5072867201571967
fine,truck,hypo,tow truck,True,245448,0.8,0.5064722267737178
fine,truck,hyper,motor vehicle,False,245448,0.5,0.5288758744102814
fine,truck,hyper,motor vehicle,False,245448,0.51,0.5298325475532434
fine,truck,hyper,motor vehicle,False,245448,0.52,0.5316105964570128
fine,truck,hyper,motor vehicle,False,245448,0.53,0.5320877335499594
fine,truck,hyper,motor vehicle,False,245448,0.54,0.5327922077922078
fine,truck,hyper,motor vehicle,False,245448,0.55,0.5335929892891919
fine,truck,hyper,motor vehicle,False,245448,0.56,0.533830926496836
fine,truck,hyper,motor vehicle,False,245448,0.57,0.5342310188189487
fine,truck,hyper,motor vehicle,False,245448,0.58,0.5347177157689812
fine,truck,hyper,motor vehicle,False,245448,0.59,0.5348686344469672
fine,truck,hyper,motor vehicle,False,245448,0.6,0.5346839546191248
fine,truck,hyper,motor vehicle,False,245448,0.61,0.5350081037277148
fine,truck,hyper,motor vehicle,False,245448,0.62,0.5348460291734197
fine,truck,hyper,motor vehicle,False,245448,0.63,0.5348460291734197
fine,truck,hyper,motor vehicle,False,245448,0.64,0.5350081037277148
fine,truck,hyper,motor vehicle,False,245448,0.65,0.5348460291734197
fine,truck,hyper,motor vehicle,False,245448,0.66,0.5350948289836278
fine,truck,hyper,motor vehicle,False,245448,0.67,0.5339711366953138
fine,truck,hyper,motor vehicle,False,245448,0.68,0.533733376581252
fine,truck,hyper,motor vehicle,False,245448,0.69,0.5329224781057411
fine,truck,hyper,motor vehicle,False,245448,0.7,0.5325981187155369
fine,truck,hyper,motor vehicle,False,245448,0.71,0.5313868613138686
fine,truck,hyper,motor vehicle,False,245448,0.72,0.5310624493106245
fine,truck,hyper,motor vehicle,False,245448,0.73,0.5297744604900211
fine,truck,hyper,motor vehicle,False,245448,0.74,0.5284948855333658
fine,truck,hyper,motor vehicle,False,245448,0.75,0.5277687560896395
fine,truck,hyper,motor vehicle,False,245448,0.76,0.5263243418914527
fine,truck,hyper,motor vehicle,False,245448,0.77,0.5253658536585366
fine,truck,hyper,motor vehicle,False,245448,0.78,0.52490234375
fine,truck,hyper,motor vehicle,False,245448,0.79,0.5237009284899821
fine,truck,hyper,motor vehicle,False,245448,0.8,0.521760391198044
fine,truck,hyper,motor vehicle,True,245448,0.5,0.5277551684844538
fine,truck,hyper,motor vehicle,True,245448,0.51,0.5287131934276883
fine,truck,hyper,motor vehicle,True,245448,0.52,0.5296699723622176
fine,truck,hyper,motor vehicle,True,245448,0.53,0.5314480741101901
fine,truck,hyper,motor vehicle,True,245448,0.54,0.5319252640129976
fine,truck,hyper,motor vehicle,True,245448,0.55,0.5322397271398408
fine,truck,hyper,motor vehicle,True,245448,0.56,0.5329545454545455
fine,truck,hyper,motor vehicle,True,245448,0.57,0.5335929892891919
fine,truck,hyper,motor vehicle,True,245448,0.58,0.5336686678565634
fine,truck,hyper,motor vehicle,True,245448,0.59,0.5337443218689163
fine,truck,hyper,motor vehicle,True,245448,0.6,0.5340687865022713
fine,truck,hyper,motor vehicle,True,245448,0.61,0.5340687865022713
fine,truck,hyper,motor vehicle,True,245448,0.62,0.5339065541855937
fine,truck,hyper,motor vehicle,True,245448,0.63,0.5336577453365775
fine,truck,hyper,motor vehicle,True,245448,0.64,0.5334955393349554
fine,truck,hyper,motor vehicle,True,245448,0.65,0.5333333333333333
fine,truck,hyper,motor vehicle,True,245448,0.66,0.5330089213300893
fine,truck,hyper,motor vehicle,True,245448,0.67,0.5326845093268451
fine,truck,hyper,motor vehicle,True,245448,0.68,0.5321978913219789
fine,truck,hyper,motor vehicle,True,245448,0.69,0.5318734793187347
fine,truck,hyper,motor vehicle,True,245448,0.7,0.5313868613138686
fine,truck,hyper,motor vehicle,True,245448,0.71,0.5305758313057584
fine,truck,hyper,motor vehicle,True,245448,0.72,0.5297841259535789
fine,truck,hyper,motor vehicle,True,245448,0.73,0.5283325215132326
fine,truck,hyper,motor vehicle,True,245448,0.74,0.5274439753166612
fine,truck,hyper,motor vehicle,True,245448,0.75,0.5262473590118641
fine,truck,hyper,motor vehicle,True,245448,0.76,0.5252114508783344
fine,truck,hyper,motor vehicle,True,245448,0.77,0.52490234375
fine,truck,hyper,motor vehicle,True,245448,0.78,0.5236156351791531
fine,truck,hyper,motor vehicle,True,245448,0.79,0.5220863895680522
fine,truck,hyper,motor vehicle,True,245448,0.8,0.5207959549828739
